timestamp,max_temp,avg_temp,fever_risk,status,trend
2026-06-10 21:51:34,30.56,28.3,0.0,NO_PIG,Collecting data...
2026-06-10 21:51:37,31.24,28.51,0.0,NO_PIG,Collecting data...
2026-06-10 21:51:41,30.18,28.46,0.0,NO_PIG,Collecting data...
2026-06-10 21:51:46,31.1,28.38,0.0,NO_PIG,Collecting data...
2026-06-10 21:51:50,31.17,28.59,0.0,NO_PIG,Collecting data...
2026-06-10 21:51:54,30.31,28.51,0.0,NO_PIG,Collecting data...
2026-06-10 21:51:58,30.31,28.3,0.0,NO_PIG,Collecting data...
2026-06-10 21:52:01,30.65,28.3,0.0,NO_PIG,Collecting data...
2026-06-10 23:36:11,30.44,28.03,0.0,NO_PIG,Collecting data...
2026-06-10 23:36:14,29.78,27.7,0.0,NO_PIG,Collecting data...
2026-06-10 23:36:18,30.21,27.83,0.0,NO_PIG,Collecting data...
2026-06-10 23:36:22,29.59,27.64,0.0,NO_PIG,Collecting data...
2026-06-10 23:36:29,29.96,27.86,0.0,NO_PIG,Collecting data...
2026-06-10 23:36:32,30.59,28.04,0.0,NO_PIG,Collecting data...
2026-06-10 23:36:37,29.62,27.66,0.0,NO_PIG,Collecting data...
2026-06-10 23:36:42,30.18,27.94,0.0,NO_PIG,Collecting data...
2026-06-10 23:36:46,30.36,28.04,0.0,NO_PIG,Collecting data...
2026-06-10 23:36:49,30.4,27.72,0.0,NO_PIG,Collecting data...
2026-06-10 23:36:54,31.03,28.07,0.0,NO_PIG,Collecting data...
2026-06-10 23:36:58,30.61,28.09,0.0,NO_PIG,Collecting data...
2026-06-10 23:37:01,29.55,27.72,0.0,NO_PIG,Collecting data...
2026-06-10 23:37:05,29.77,27.73,0.0,NO_PIG,Collecting data...
2026-06-10 23:37:08,31.03,28.01,0.0,NO_PIG,Collecting data...
2026-06-10 23:37:13,29.6,27.75,0.0,NO_PIG,Collecting data...
2026-06-10 23:37:19,29.52,27.73,0.0,NO_PIG,Collecting data...
2026-06-10 23:37:23,29.53,27.71,0.0,NO_PIG,Collecting data...
2026-06-10 23:37:26,29.13,27.63,0.0,NO_PIG,Collecting data...
2026-06-10 23:37:29,29.97,27.72,0.0,NO_PIG,Collecting data...
2026-06-11 00:17:58,29.35,27.38,0.0,NO_PIG,Collecting data...
2026-06-11 00:18:02,29.59,27.48,0.0,NO_PIG,Collecting data...
2026-06-11 00:18:05,29.07,27.49,0.0,NO_PIG,Collecting data...
2026-06-11 00:18:08,34.74,29.05,0.0,NO_PIG,Collecting data...
2026-06-11 00:18:15,39.89,31.72,0.0,NO_PIG,Collecting data...
2026-06-11 00:18:19,40.76,31.73,0.0,NO_PIG,Collecting data...
2026-06-11 00:18:23,39.66,31.67,0.0,NO_PIG,Collecting data...
2026-06-11 00:18:29,40.09,31.8,0.0,NO_PIG,Collecting data...
2026-06-11 00:18:34,40.26,31.81,0.0,NO_PIG,Collecting data...
2026-06-11 00:18:38,40.49,31.97,0.0,NO_PIG,Collecting data...
2026-06-11 00:18:42,41.33,31.77,0.0,NO_PIG,Collecting data...
2026-06-11 06:08:08,36.96,29.66,0.0,NO_PIG,Collecting data...
2026-06-11 06:09:27,36.25,29.6,0.0,NO_PIG,Collecting data...
2026-06-11 06:09:30,37.76,29.73,0.0,NO_PIG,Collecting data...
2026-06-11 06:09:36,37.41,29.78,0.0,NO_PIG,Collecting data...
2026-06-11 06:09:41,36.63,14.73,0.0,NO_PIG,Collecting data...
2026-06-11 06:09:47,36.38,29.3,0.0,NO_PIG,Collecting data...
2026-06-11 06:09:53,36.31,29.53,0.0,NO_PIG,Collecting data...
2026-06-11 06:09:58,36.27,29.64,0.0,NO_PIG,Collecting data...
2026-06-11 06:10:04,36.05,29.41,0.0,NO_PIG,Collecting data...
2026-06-11 06:13:33,29.5,26.74,0.0,NO_PIG,Collecting data...
2026-06-11 06:13:39,27.8,26.41,0.0,NO_PIG,Collecting data...
2026-06-11 06:13:53,29.42,26.58,0.0,NO_PIG,Collecting data...
2026-06-11 06:13:59,29.18,26.69,0.0,NO_PIG,Collecting data...
2026-06-11 06:14:02,28.56,26.51,0.0,NO_PIG,Collecting data...
2026-06-11 06:14:05,27.82,26.36,0.0,NO_PIG,Collecting data...
2026-06-11 06:16:27,28.54,26.58,0.0,NO_PIG,Collecting data...
2026-06-11 06:16:31,29.82,26.64,0.0,NO_PIG,Collecting data...
2026-06-11 06:16:35,28.58,26.64,0.0,NO_PIG,Collecting data...
2026-06-11 06:16:42,29.82,26.86,0.0,NO_PIG,Collecting data...
2026-06-11 06:16:46,29.56,26.74,0.0,NO_PIG,Collecting data...
2026-06-11 06:16:49,28.96,26.73,0.0,NO_PIG,Collecting data...
2026-06-11 06:16:53,28.75,26.36,0.0,NO_PIG,Collecting data...
2026-06-11 06:16:56,32.8,28.93,0.0,NO_PIG,Collecting data...
2026-06-11 06:16:59,28.73,26.64,0.0,NO_PIG,Collecting data...
2026-06-11 06:17:04,29.3,26.72,0.0,NO_PIG,Collecting data...
2026-06-11 06:17:07,28.14,26.49,0.0,NO_PIG,Collecting data...
2026-06-11 06:19:37,27.89,26.33,0.0,NO_PIG,Collecting data...
2026-06-11 06:19:41,29.31,26.75,0.0,NO_PIG,Collecting data...
2026-06-11 06:19:45,28.69,26.46,0.0,NO_PIG,Collecting data...
2026-06-11 06:19:49,27.6,26.2,0.0,NO_PIG,Collecting data...
2026-06-11 06:19:54,28.67,26.4,0.0,NO_PIG,Collecting data...
2026-06-11 06:19:59,28.17,26.25,0.0,NO_PIG,Collecting data...
2026-06-11 06:20:09,28.13,26.55,0.0,NO_PIG,Collecting data...
2026-06-11 06:20:12,28.68,26.41,0.0,NO_PIG,Collecting data...
2026-06-11 06:22:41,28.28,26.31,0.0,NO_PIG,Collecting data...
2026-06-11 06:22:47,28.53,26.41,0.0,NO_PIG,Collecting data...
2026-06-11 06:24:38,28.29,26.4,0.0,NO_PIG,Collecting data...
2026-06-11 06:24:43,28.29,26.43,0.0,NO_PIG,Collecting data...
2026-06-11 06:24:46,28.19,26.26,0.0,NO_PIG,Collecting data...
2026-06-11 06:24:52,28.38,26.3,0.0,NO_PIG,Collecting data...
2026-06-11 06:24:56,27.65,26.18,0.0,NO_PIG,Collecting data...
2026-06-11 06:25:00,27.66,26.14,0.0,NO_PIG,Collecting data...
2026-06-11 06:25:10,28.5,26.37,0.0,NO_PIG,Collecting data...
2026-06-11 06:25:16,28.18,26.29,0.0,NO_PIG,Collecting data...
2026-06-11 06:25:20,27.91,26.22,0.0,NO_PIG,Collecting data...
2026-06-11 06:25:35,28.72,26.36,0.0,NO_PIG,Collecting data...
2026-06-11 06:29:09,28.22,26.32,0.0,NO_PIG,Collecting data...
2026-06-11 06:29:13,28.37,26.41,0.0,NO_PIG,Collecting data...
2026-06-11 06:29:22,28.56,26.6,0.0,NO_PIG,Collecting data...
2026-06-11 06:29:29,28.67,26.66,0.0,NO_PIG,Collecting data...
2026-06-11 06:29:34,27.97,26.23,0.0,NO_PIG,Collecting data...
2026-06-11 06:30:45,29.01,26.58,0.0,NO_PIG,Collecting data...
2026-06-11 06:30:51,28.22,26.47,0.0,NO_PIG,Collecting data...
2026-06-11 06:30:55,28.0,26.39,0.0,NO_PIG,Collecting data...
2026-06-11 06:34:53,28.61,26.33,0.0,NO_PIG,Collecting data...
2026-06-11 06:35:01,28.74,26.52,0.0,NO_PIG,Collecting data...
2026-06-11 06:35:06,28.77,26.69,0.0,NO_PIG,Collecting data...
2026-06-11 06:35:12,28.3,26.64,0.0,NO_PIG,Collecting data...
2026-06-11 06:35:16,28.05,26.4,0.0,NO_PIG,Collecting data...
2026-06-11 06:35:20,28.73,26.62,0.0,NO_PIG,Collecting data...
2026-06-11 06:35:24,29.09,26.62,0.0,NO_PIG,Collecting data...
2026-06-11 06:35:27,29.02,26.55,0.0,NO_PIG,Collecting data...
2026-06-11 06:35:31,28.91,26.39,0.0,NO_PIG,Collecting data...
2026-06-11 06:35:36,29.13,26.54,0.0,NO_PIG,Collecting data...
2026-06-11 06:35:40,28.64,26.4,0.0,NO_PIG,Collecting data...
2026-06-11 06:36:13,29.76,26.88,0.0,NO_PIG,Collecting data...
2026-06-11 06:36:17,28.18,26.44,0.0,NO_PIG,Collecting data...
2026-06-11 06:36:22,31.09,27.01,0.0,NO_PIG,Collecting data...
2026-06-11 06:36:34,28.52,26.45,0.0,NO_PIG,Collecting data...
2026-06-11 06:36:37,28.74,26.54,0.0,NO_PIG,Collecting data...
2026-06-11 06:36:42,28.94,12.96,0.0,NO_PIG,Collecting data...
2026-06-11 06:36:46,31.31,26.6,0.0,NO_PIG,Collecting data...
2026-06-11 06:36:51,29.31,26.43,0.0,NO_PIG,Collecting data...
2026-06-11 06:36:54,28.42,26.26,0.0,NO_PIG,Collecting data...
2026-06-11 06:36:57,28.35,26.25,0.0,NO_PIG,Collecting data...
2026-06-11 06:37:01,29.87,26.98,0.0,NO_PIG,Collecting data...
2026-06-11 06:37:18,29.49,26.96,0.0,NO_PIG,Collecting data...
2026-06-11 06:37:22,28.88,26.57,0.0,NO_PIG,Collecting data...
2026-06-11 06:37:27,28.57,26.32,0.0,NO_PIG,Collecting data...
2026-06-11 06:37:31,30.35,26.77,0.0,NO_PIG,Collecting data...
2026-06-11 06:37:35,28.4,26.48,0.0,NO_PIG,Collecting data...
2026-06-11 06:37:40,28.16,26.4,0.0,NO_PIG,Collecting data...
2026-06-11 06:37:45,28.53,26.76,0.0,NO_PIG,Collecting data...
2026-06-11 06:37:51,28.08,26.37,0.0,NO_PIG,Collecting data...
2026-06-11 06:37:54,29.62,26.65,0.0,NO_PIG,Collecting data...
2026-06-11 06:38:00,28.62,26.66,0.0,NO_PIG,Collecting data...
2026-06-11 06:38:06,30.09,26.95,0.0,NO_PIG,Collecting data...
2026-06-11 06:38:11,29.35,26.96,0.0,NO_PIG,Collecting data...
2026-06-11 06:38:16,31.08,27.33,0.0,NO_PIG,Collecting data...
2026-06-11 06:38:20,29.52,26.98,0.0,NO_PIG,Collecting data...
2026-06-11 06:38:23,29.22,26.71,0.0,NO_PIG,Collecting data...
2026-06-11 06:38:26,28.32,26.61,0.0,NO_PIG,Collecting data...
2026-06-11 06:38:35,29.73,26.84,0.0,NO_PIG,Collecting data...
2026-06-11 06:38:38,29.09,26.71,0.0,NO_PIG,Collecting data...
2026-06-11 06:38:42,32.2,27.5,0.0,NO_PIG,Collecting data...
2026-06-11 06:38:45,30.58,27.03,0.0,NO_PIG,Collecting data...
2026-06-11 06:38:50,29.34,26.77,0.0,NO_PIG,Collecting data...
2026-06-11 06:38:56,28.74,26.57,0.0,NO_PIG,Collecting data...
2026-06-11 06:39:01,28.75,26.51,0.0,NO_PIG,Collecting data...
2026-06-11 06:39:09,29.12,26.85,0.0,NO_PIG,Collecting data...
2026-06-11 06:39:13,28.95,26.5,0.0,NO_PIG,Collecting data...
2026-06-11 06:39:17,29.2,26.49,0.0,NO_PIG,Collecting data...
2026-06-11 06:39:21,28.83,26.66,0.0,NO_PIG,Collecting data...
2026-06-11 06:39:28,28.74,26.32,0.0,NO_PIG,Collecting data...
2026-06-11 06:39:31,28.4,26.45,0.0,NO_PIG,Collecting data...
2026-06-11 06:39:35,28.9,26.5,0.0,NO_PIG,Collecting data...
2026-06-11 06:39:39,28.84,26.73,0.0,NO_PIG,Collecting data...
2026-06-11 06:39:42,29.78,26.85,0.0,NO_PIG,Collecting data...
2026-06-11 06:39:48,29.28,26.6,0.0,NO_PIG,Collecting data...
2026-06-11 06:39:55,29.61,26.83,0.0,NO_PIG,Collecting data...
2026-06-11 06:40:01,28.21,26.43,0.0,NO_PIG,Collecting data...
2026-06-11 06:40:07,28.53,26.56,0.0,NO_PIG,Collecting data...
2026-06-11 06:40:11,28.82,26.61,0.0,NO_PIG,Collecting data...
2026-06-11 06:40:15,29.05,26.68,0.0,NO_PIG,Collecting data...
2026-06-11 06:40:18,28.6,26.41,0.0,NO_PIG,Collecting data...
2026-06-11 06:40:23,28.74,26.73,0.0,NO_PIG,Collecting data...
2026-06-11 06:40:29,29.09,26.55,0.0,NO_PIG,Collecting data...
2026-06-11 06:40:34,29.23,26.73,0.0,NO_PIG,Collecting data...
2026-06-11 06:40:42,29.28,26.67,0.0,NO_PIG,Collecting data...
2026-06-11 06:40:47,29.25,26.72,0.0,NO_PIG,Collecting data...
2026-06-11 06:40:57,28.73,26.56,0.0,NO_PIG,Collecting data...
2026-06-11 06:41:02,28.56,26.65,0.0,NO_PIG,Collecting data...
2026-06-11 06:41:09,29.53,26.76,0.0,NO_PIG,Collecting data...
2026-06-11 06:41:13,29.02,26.73,0.0,NO_PIG,Collecting data...
2026-06-11 06:41:18,29.14,26.58,0.0,NO_PIG,Collecting data...
2026-06-11 06:41:28,28.85,26.5,0.0,NO_PIG,Collecting data...
2026-06-11 06:41:31,28.65,26.31,0.0,NO_PIG,Collecting data...
2026-06-11 06:41:38,28.88,26.51,0.0,NO_PIG,Collecting data...
2026-06-11 06:41:42,28.67,26.36,0.0,NO_PIG,Collecting data...
2026-06-11 06:41:46,28.51,26.29,0.0,NO_PIG,Collecting data...
2026-06-11 06:41:51,28.43,26.25,0.0,NO_PIG,Collecting data...
2026-06-11 06:41:59,28.67,26.52,0.0,NO_PIG,Collecting data...
2026-06-11 06:42:06,28.77,26.43,0.0,NO_PIG,Collecting data...
2026-06-11 06:42:10,28.69,26.24,0.0,NO_PIG,Collecting data...
2026-06-11 06:42:13,28.38,26.19,0.0,NO_PIG,Collecting data...
2026-06-11 06:42:18,28.82,26.46,0.0,NO_PIG,Collecting data...
2026-06-11 06:42:21,28.82,26.44,0.0,NO_PIG,Collecting data...
2026-06-11 06:42:26,28.86,26.27,0.0,NO_PIG,Collecting data...
2026-06-11 06:42:30,29.05,26.42,0.0,NO_PIG,Collecting data...
2026-06-11 06:42:34,28.88,26.64,0.0,NO_PIG,Collecting data...
2026-06-11 06:42:39,29.1,26.49,0.0,NO_PIG,Collecting data...
2026-06-11 06:42:42,29.15,26.52,0.0,NO_PIG,Collecting data...
2026-06-11 06:42:47,28.9,26.49,0.0,NO_PIG,Collecting data...
2026-06-11 06:42:50,28.62,26.27,0.0,NO_PIG,Collecting data...
2026-06-11 06:42:55,29.1,26.68,0.0,NO_PIG,Collecting data...
2026-06-11 06:43:01,29.33,26.49,0.0,NO_PIG,Collecting data...
2026-06-11 06:43:05,29.33,26.74,0.0,NO_PIG,Collecting data...
2026-06-11 06:43:08,29.16,26.63,0.0,NO_PIG,Collecting data...
2026-06-11 06:43:12,29.81,26.71,0.0,NO_PIG,Collecting data...
2026-06-11 06:43:16,29.46,26.97,0.0,NO_PIG,Collecting data...
2026-06-11 06:43:25,29.07,26.41,0.0,NO_PIG,Collecting data...
2026-06-11 06:43:30,29.25,26.75,0.0,NO_PIG,Collecting data...
2026-06-11 06:43:34,29.11,26.35,0.0,NO_PIG,Collecting data...
2026-06-11 06:43:39,29.16,26.59,0.0,NO_PIG,Collecting data...
2026-06-11 06:43:43,29.2,26.53,0.0,NO_PIG,Collecting data...
2026-06-11 06:43:54,29.25,26.72,0.0,NO_PIG,Collecting data...
2026-06-11 06:44:00,29.0,26.74,0.0,NO_PIG,Collecting data...
2026-06-11 06:44:03,29.67,26.64,0.0,NO_PIG,Collecting data...
2026-06-11 06:44:08,29.43,26.56,0.0,NO_PIG,Collecting data...
2026-06-11 06:44:15,29.5,26.72,0.0,NO_PIG,Collecting data...
2026-06-11 06:44:20,29.54,26.61,0.0,NO_PIG,Collecting data...
2026-06-11 06:44:26,29.22,26.5,0.0,NO_PIG,Collecting data...
2026-06-11 06:44:29,29.44,26.86,0.0,NO_PIG,Collecting data...
2026-06-11 06:44:33,29.54,26.82,0.0,NO_PIG,Collecting data...
2026-06-11 06:44:38,29.12,26.45,0.0,NO_PIG,Collecting data...
2026-06-11 06:44:42,29.49,26.8,0.0,NO_PIG,Collecting data...
2026-06-11 06:44:49,29.15,26.7,0.0,NO_PIG,Collecting data...
2026-06-11 06:44:53,29.08,26.44,0.0,NO_PIG,Collecting data...
2026-06-11 06:44:57,28.89,26.31,0.0,NO_PIG,Collecting data...
2026-06-11 06:45:02,29.04,26.42,0.0,NO_PIG,Collecting data...
2026-06-11 06:45:11,29.36,26.59,0.0,NO_PIG,Collecting data...
2026-06-11 06:45:17,28.79,26.28,0.0,NO_PIG,Collecting data...
2026-06-11 06:45:27,29.15,26.44,0.0,NO_PIG,Collecting data...
2026-06-11 06:45:31,29.51,26.44,0.0,NO_PIG,Collecting data...
2026-06-11 06:45:44,28.89,26.43,0.0,NO_PIG,Collecting data...
2026-06-11 06:45:52,28.94,26.49,0.0,NO_PIG,Collecting data...
2026-06-11 06:45:58,28.29,26.45,0.0,NO_PIG,Collecting data...
2026-06-11 07:30:02,29.55,27.16,0.0,NO_PIG,Collecting data...
2026-06-11 07:30:08,30.03,27.41,0.0,NO_PIG,Collecting data...
2026-06-11 07:30:13,30.6,27.11,0.0,NO_PIG,Collecting data...
2026-06-11 07:30:16,30.11,27.03,0.0,NO_PIG,Collecting data...
2026-06-11 07:30:23,29.08,27.01,0.0,NO_PIG,Collecting data...
2026-06-11 07:30:28,30.11,13.45,0.0,NO_PIG,Collecting data...
2026-06-11 07:31:22,30.6,27.34,0.0,NO_PIG,Collecting data...
2026-06-11 07:31:25,29.07,27.03,0.0,NO_PIG,Collecting data...
2026-06-11 07:31:35,29.06,26.98,0.0,NO_PIG,Collecting data...
2026-06-11 07:31:40,28.45,26.92,0.0,NO_PIG,Collecting data...
2026-06-11 07:31:45,30.3,27.22,0.0,NO_PIG,Collecting data...
2026-06-11 07:31:52,29.46,27.07,0.0,NO_PIG,Collecting data...
2026-06-11 07:31:56,29.49,26.95,0.0,NO_PIG,Collecting data...
2026-06-11 07:32:01,29.51,27.01,0.0,NO_PIG,Collecting data...
2026-06-11 07:32:05,30.44,27.41,0.0,NO_PIG,Collecting data...
2026-06-11 07:32:12,29.72,27.17,0.0,NO_PIG,Collecting data...
2026-06-11 07:32:17,29.26,26.86,0.0,NO_PIG,Collecting data...
2026-06-11 07:32:28,29.84,27.01,0.0,NO_PIG,Collecting data...
2026-06-11 07:32:36,28.72,26.97,0.0,NO_PIG,Collecting data...
2026-06-11 07:32:40,29.34,27.27,0.0,NO_PIG,Collecting data...
2026-06-11 07:32:44,29.66,27.16,0.0,NO_PIG,Collecting data...
2026-06-11 07:32:48,28.67,26.9,0.0,NO_PIG,Collecting data...
2026-06-11 07:32:52,28.63,26.74,0.0,NO_PIG,Collecting data...
2026-06-11 07:32:56,28.91,27.02,0.0,NO_PIG,Collecting data...
2026-06-11 07:33:00,28.54,26.82,0.0,NO_PIG,Collecting data...
2026-06-11 07:34:22,30.31,27.5,0.0,NO_PIG,Collecting data...
2026-06-11 07:34:31,30.04,27.34,0.0,NO_PIG,Collecting data...
2026-06-11 07:34:37,32.79,27.81,0.0,NO_PIG,Collecting data...
2026-06-11 07:34:50,29.81,27.27,0.0,NO_PIG,Collecting data...
2026-06-11 07:34:59,32.78,27.71,0.0,NO_PIG,Collecting data...
2026-06-11 07:35:07,29.8,27.28,0.0,NO_PIG,Collecting data...
2026-06-11 07:35:11,29.33,27.17,0.0,NO_PIG,Collecting data...
2026-06-11 07:35:17,33.08,28.88,0.0,NO_PIG,Collecting data...
2026-06-11 07:35:20,32.43,27.74,0.0,NO_PIG,Collecting data...
2026-06-11 07:35:25,32.91,28.26,0.0,NO_PIG,Collecting data...
2026-06-11 07:35:29,28.66,26.97,0.0,NO_PIG,Collecting data...
2026-06-11 07:35:35,29.29,27.0,0.0,NO_PIG,Collecting data...
2026-06-11 07:39:01,29.91,27.28,0.0,NO_PIG,Collecting data...
2026-06-11 07:39:05,30.67,27.41,0.0,NO_PIG,Collecting data...
2026-06-11 07:39:08,29.19,27.13,0.0,NO_PIG,Collecting data...
2026-06-11 07:39:15,29.38,27.36,0.0,NO_PIG,Collecting data...
2026-06-11 07:39:24,29.86,27.32,0.0,NO_PIG,Collecting data...
2026-06-11 07:39:27,29.57,27.2,0.0,NO_PIG,Collecting data...
2026-06-11 07:39:35,31.26,27.27,0.0,NO_PIG,Collecting data...
2026-06-11 07:39:38,29.68,27.15,0.0,NO_PIG,Collecting data...
2026-06-11 07:39:43,30.44,27.24,0.0,NO_PIG,Collecting data...
2026-06-11 07:39:48,32.25,27.92,0.0,NO_PIG,Collecting data...
2026-06-11 07:39:52,32.44,28.28,0.0,NO_PIG,Collecting data...
2026-06-11 07:39:56,32.62,27.69,0.0,NO_PIG,Collecting data...
2026-06-11 07:40:02,29.31,27.24,0.0,NO_PIG,Collecting data...
2026-06-11 07:40:05,29.56,27.14,0.0,NO_PIG,Collecting data...
2026-06-11 07:40:09,29.34,27.12,0.0,NO_PIG,Collecting data...
2026-06-11 07:41:49,31.48,27.25,0.0,NO_PIG,Collecting data...
2026-06-11 07:41:56,31.38,27.19,0.0,NO_PIG,Collecting data...
2026-06-11 07:42:02,32.74,27.77,0.0,NO_PIG,Collecting data...
2026-06-11 07:42:07,32.75,27.7,0.0,NO_PIG,Collecting data...
2026-06-11 07:42:12,32.81,29.01,0.0,NO_PIG,Collecting data...
2026-06-11 07:42:16,31.47,27.69,0.0,NO_PIG,Collecting data...
2026-06-11 07:42:19,31.48,27.41,0.0,NO_PIG,Collecting data...
2026-06-11 07:42:23,31.14,27.14,0.0,NO_PIG,Collecting data...
2026-06-11 07:42:26,31.33,27.33,0.0,NO_PIG,Collecting data...
2026-06-11 07:42:32,31.45,27.34,0.0,NO_PIG,Collecting data...
2026-06-11 07:42:35,31.0,27.05,0.0,NO_PIG,Collecting data...
2026-06-11 07:42:41,31.15,27.2,0.0,NO_PIG,Collecting data...
2026-06-11 07:42:49,31.46,27.38,0.0,NO_PIG,Collecting data...
2026-06-11 07:42:55,31.48,27.47,0.0,NO_PIG,Collecting data...
2026-06-11 07:42:59,31.6,27.38,0.0,NO_PIG,Collecting data...
2026-06-11 07:43:02,31.34,27.23,0.0,NO_PIG,Collecting data...
2026-06-11 07:43:06,31.49,27.39,0.0,NO_PIG,Collecting data...
2026-06-11 07:43:10,31.45,27.38,0.0,NO_PIG,Collecting data...
2026-06-11 07:43:14,31.54,27.35,0.0,NO_PIG,Collecting data...
2026-06-11 07:43:18,31.61,27.56,0.0,NO_PIG,Collecting data...
2026-06-11 07:43:23,31.78,27.47,0.0,NO_PIG,Collecting data...
2026-06-11 07:43:27,31.49,27.48,0.0,NO_PIG,Collecting data...
2026-06-11 07:43:31,31.9,27.51,0.0,NO_PIG,Collecting data...
2026-06-11 07:43:35,31.49,27.52,0.0,NO_PIG,Collecting data...
2026-06-11 07:43:38,31.57,27.12,0.0,NO_PIG,Collecting data...
2026-06-11 07:43:42,31.53,27.59,0.0,NO_PIG,Collecting data...
2026-06-11 07:43:46,31.42,27.23,0.0,NO_PIG,Collecting data...
2026-06-11 07:43:50,31.47,27.47,0.0,NO_PIG,Collecting data...
2026-06-11 07:43:54,31.66,27.34,0.0,NO_PIG,Collecting data...
2026-06-11 07:43:57,31.46,27.17,0.0,NO_PIG,Collecting data...
2026-06-11 07:44:02,31.47,27.28,0.0,NO_PIG,Collecting data...
2026-06-11 07:44:08,31.33,27.3,0.0,NO_PIG,Collecting data...
2026-06-11 07:44:22,31.38,27.49,0.0,NO_PIG,Collecting data...
2026-06-11 07:44:34,31.47,27.27,0.0,NO_PIG,Collecting data...
2026-06-11 07:44:43,31.4,27.42,0.0,NO_PIG,Collecting data...
2026-06-11 07:44:53,31.52,27.35,0.0,NO_PIG,Collecting data...
2026-06-11 07:44:56,31.41,27.4,0.0,NO_PIG,Collecting data...
2026-06-11 07:45:00,31.38,27.42,0.0,NO_PIG,Collecting data...
2026-06-11 07:45:04,31.4,27.41,0.0,NO_PIG,Collecting data...
2026-06-11 07:45:08,31.46,27.25,0.0,NO_PIG,Collecting data...
2026-06-11 07:45:15,31.19,27.18,0.0,NO_PIG,Collecting data...
2026-06-11 07:45:19,31.39,27.43,0.0,NO_PIG,Collecting data...
2026-06-11 07:45:24,31.39,27.27,0.0,NO_PIG,Collecting data...
2026-06-11 07:45:27,31.58,27.44,0.0,NO_PIG,Collecting data...
2026-06-11 07:45:31,31.58,27.37,0.0,NO_PIG,Collecting data...
2026-06-11 07:45:36,31.48,27.32,0.0,NO_PIG,Collecting data...
2026-06-11 07:45:43,31.55,27.38,0.0,NO_PIG,Collecting data...
2026-06-11 07:45:46,31.15,27.16,0.0,NO_PIG,Collecting data...
2026-06-11 07:45:52,31.34,27.24,0.0,NO_PIG,Collecting data...
2026-06-11 07:45:55,31.31,27.1,0.0,NO_PIG,Collecting data...
2026-06-11 07:46:01,31.29,27.16,0.0,NO_PIG,Collecting data...
2026-06-11 07:46:07,31.41,27.23,0.0,NO_PIG,Collecting data...
2026-06-11 07:46:11,31.59,27.41,0.0,NO_PIG,Collecting data...
2026-06-11 07:46:15,31.56,27.58,0.0,NO_PIG,Collecting data...
2026-06-11 07:46:20,31.19,27.18,0.0,NO_PIG,Collecting data...
2026-06-11 07:46:23,31.63,27.41,0.0,NO_PIG,Collecting data...
2026-06-11 07:46:27,31.36,27.31,0.0,NO_PIG,Collecting data...
2026-06-11 07:46:33,31.69,27.58,0.0,NO_PIG,Collecting data...
2026-06-11 07:46:39,31.77,27.78,0.0,NO_PIG,Collecting data...
2026-06-11 07:46:42,31.36,27.34,0.0,NO_PIG,Collecting data...
2026-06-11 07:46:46,31.75,27.47,0.0,NO_PIG,Collecting data...
2026-06-11 07:46:49,31.77,27.55,0.0,NO_PIG,Collecting data...
2026-06-11 07:46:52,31.83,27.69,0.0,NO_PIG,Collecting data...
2026-06-11 07:46:57,31.8,27.66,0.0,NO_PIG,Collecting data...
2026-06-11 07:47:02,31.69,27.65,0.0,NO_PIG,Collecting data...
2026-06-11 07:47:06,31.61,27.42,0.0,NO_PIG,Collecting data...
2026-06-11 07:47:11,31.63,27.5,0.0,NO_PIG,Collecting data...
2026-06-11 07:47:16,31.85,27.78,0.0,NO_PIG,Collecting data...
2026-06-11 07:47:20,31.5,27.36,0.0,NO_PIG,Collecting data...
2026-06-11 07:47:23,31.44,27.52,0.0,NO_PIG,Collecting data...
2026-06-11 07:47:29,31.63,27.46,0.0,NO_PIG,Collecting data...
2026-06-11 07:47:41,31.89,27.58,0.0,NO_PIG,Collecting data...
2026-06-11 07:47:45,31.66,27.54,0.0,NO_PIG,Collecting data...
2026-06-11 07:47:49,31.31,27.34,0.0,NO_PIG,Collecting data...
2026-06-11 07:47:54,31.67,27.54,0.0,NO_PIG,Collecting data...
2026-06-11 07:47:58,31.74,27.52,0.0,NO_PIG,Collecting data...
2026-06-11 07:48:01,31.52,27.51,0.0,NO_PIG,Collecting data...
2026-06-11 07:48:07,31.56,27.29,0.0,NO_PIG,Collecting data...
2026-06-11 07:48:14,31.3,27.24,0.0,NO_PIG,Collecting data...
2026-06-11 07:48:18,31.71,27.78,0.0,NO_PIG,Collecting data...
2026-06-11 07:48:21,31.81,27.78,0.0,NO_PIG,Collecting data...
2026-06-11 07:48:25,31.54,27.48,0.0,NO_PIG,Collecting data...
2026-06-11 07:48:31,31.71,27.41,0.0,NO_PIG,Collecting data...
2026-06-11 07:48:34,31.23,27.21,0.0,NO_PIG,Collecting data...
2026-06-11 07:48:38,31.43,27.49,0.0,NO_PIG,Collecting data...
2026-06-11 07:48:41,31.82,27.83,0.0,NO_PIG,Collecting data...
2026-06-11 07:48:46,31.87,27.89,0.0,NO_PIG,Collecting data...
2026-06-11 07:48:50,31.63,27.56,0.0,NO_PIG,Collecting data...
2026-06-11 07:48:53,31.62,27.56,0.0,NO_PIG,Collecting data...
2026-06-11 07:48:56,31.43,27.39,0.0,NO_PIG,Collecting data...
2026-06-11 07:49:01,31.61,27.54,0.0,NO_PIG,Collecting data...
2026-06-11 07:49:08,31.58,27.4,0.0,NO_PIG,Collecting data...
2026-06-11 07:49:11,31.47,27.28,0.0,NO_PIG,Collecting data...
2026-06-11 07:49:16,31.28,27.16,0.0,NO_PIG,Collecting data...
2026-06-11 07:49:19,31.34,27.38,0.0,NO_PIG,Collecting data...
2026-06-11 07:49:30,31.32,27.3,0.0,NO_PIG,Collecting data...
2026-06-11 07:49:33,32.22,27.89,0.0,NO_PIG,Collecting data...
2026-06-11 07:49:38,31.55,27.56,0.0,NO_PIG,Collecting data...
2026-06-11 07:49:41,31.8,27.43,0.0,NO_PIG,Collecting data...
2026-06-11 07:49:46,31.35,27.38,0.0,NO_PIG,Collecting data...
2026-06-11 07:49:50,31.72,27.52,0.0,NO_PIG,Collecting data...
2026-06-11 07:49:54,31.81,27.68,0.0,NO_PIG,Collecting data...
2026-06-11 07:49:57,31.75,27.63,0.0,NO_PIG,Collecting data...
2026-06-11 07:50:01,31.83,27.66,0.0,NO_PIG,Collecting data...
2026-06-11 07:50:06,31.99,27.6,0.0,NO_PIG,Collecting data...
2026-06-11 07:50:10,31.9,27.65,0.0,NO_PIG,Collecting data...
2026-06-11 07:50:13,31.55,27.36,0.0,NO_PIG,Collecting data...
2026-06-11 07:50:17,31.84,27.64,0.0,NO_PIG,Collecting data...
2026-06-11 07:50:24,31.58,27.44,0.0,NO_PIG,Collecting data...
2026-06-11 07:50:30,31.79,27.58,0.0,NO_PIG,Collecting data...
2026-06-11 07:50:34,31.48,27.41,0.0,NO_PIG,Collecting data...
2026-06-11 07:50:42,31.64,27.5,0.0,NO_PIG,Collecting data...
2026-06-11 07:50:46,32.04,27.73,0.0,NO_PIG,Collecting data...
2026-06-11 07:50:50,31.65,27.53,0.0,NO_PIG,Collecting data...
2026-06-11 07:50:54,31.49,27.38,0.0,NO_PIG,Collecting data...
2026-06-11 07:51:01,31.69,27.5,0.0,NO_PIG,Collecting data...
2026-06-11 07:51:04,31.65,27.47,0.0,NO_PIG,Collecting data...
2026-06-11 07:51:12,31.68,27.43,0.0,NO_PIG,Collecting data...
2026-06-11 07:51:22,31.44,27.3,0.0,NO_PIG,Collecting data...
2026-06-11 07:51:27,31.85,27.69,0.0,NO_PIG,Collecting data...
2026-06-11 07:51:32,31.89,27.55,0.0,NO_PIG,Collecting data...
2026-06-11 07:51:37,31.61,27.49,0.0,NO_PIG,Collecting data...
2026-06-11 07:51:41,31.7,27.38,0.0,NO_PIG,Collecting data...
2026-06-11 07:51:46,31.53,27.44,0.0,NO_PIG,Collecting data...
2026-06-11 07:51:52,31.86,27.61,0.0,NO_PIG,Collecting data...
2026-06-11 07:51:59,31.69,27.58,0.0,NO_PIG,Collecting data...
2026-06-11 07:52:03,32.24,27.86,0.0,NO_PIG,Collecting data...
2026-06-11 07:52:08,31.57,27.56,0.0,NO_PIG,Collecting data...
2026-06-11 07:52:12,31.92,27.56,0.0,NO_PIG,Collecting data...
2026-06-11 07:52:19,31.82,27.76,0.0,NO_PIG,Collecting data...
2026-06-11 07:52:22,31.75,27.44,0.0,NO_PIG,Collecting data...
2026-06-11 07:52:26,33.66,29.06,0.0,NO_PIG,Collecting data...
2026-06-11 07:52:31,33.75,29.49,0.0,NO_PIG,Collecting data...
2026-06-11 07:52:35,31.77,27.66,0.0,NO_PIG,Collecting data...
2026-06-11 07:52:39,31.77,27.58,0.0,NO_PIG,Collecting data...
2026-06-11 07:52:43,31.73,27.59,0.0,NO_PIG,Collecting data...
2026-06-11 07:52:49,31.56,27.37,0.0,NO_PIG,Collecting data...
2026-06-11 07:52:52,31.55,27.5,0.0,NO_PIG,Collecting data...
2026-06-11 07:52:57,31.48,27.48,0.0,NO_PIG,Collecting data...
2026-06-11 07:53:03,31.76,27.66,0.0,NO_PIG,Collecting data...
2026-06-11 07:53:07,31.93,27.74,0.0,NO_PIG,Collecting data...
2026-06-11 07:53:11,31.65,27.49,0.0,NO_PIG,Collecting data...
2026-06-11 07:53:15,31.91,27.64,0.0,NO_PIG,Collecting data...
2026-06-11 07:53:19,31.72,27.42,0.0,NO_PIG,Collecting data...
2026-06-11 07:53:27,31.57,27.55,0.0,NO_PIG,Collecting data...
2026-06-11 07:53:33,33.19,28.83,0.0,NO_PIG,Collecting data...
2026-06-11 07:53:37,32.87,29.95,0.0,NO_PIG,Collecting data...
2026-06-11 07:53:41,31.15,27.6,0.0,NO_PIG,Collecting data...
2026-06-11 07:53:45,33.18,28.87,0.0,NO_PIG,Collecting data...
2026-06-11 07:53:49,33.0,28.75,0.0,NO_PIG,Collecting data...
2026-06-11 07:53:53,34.44,31.66,0.0,NO_PIG,Collecting data...
2026-06-11 07:53:56,33.7,31.06,0.0,NO_PIG,Collecting data...
2026-06-11 07:54:00,34.25,30.65,0.0,NO_PIG,Collecting data...
2026-06-11 07:54:11,29.44,27.4,0.0,NO_PIG,Collecting data...
2026-06-11 07:54:15,30.61,27.76,0.0,NO_PIG,Collecting data...
2026-06-11 07:54:19,33.39,29.9,0.0,NO_PIG,Collecting data...
2026-06-11 07:54:22,33.42,29.73,0.0,NO_PIG,Collecting data...
2026-06-11 07:54:31,33.03,29.33,0.0,NO_PIG,Collecting data...
2026-06-11 07:54:35,30.37,27.49,0.0,NO_PIG,Collecting data...
2026-06-11 07:54:39,31.31,27.97,0.0,NO_PIG,Collecting data...
2026-06-11 07:54:46,32.71,28.3,0.0,NO_PIG,Collecting data...
2026-06-11 07:54:49,30.37,27.71,0.0,NO_PIG,Collecting data...
2026-06-11 07:54:53,30.52,27.78,0.0,NO_PIG,Collecting data...
2026-06-11 07:54:57,30.78,27.77,0.0,NO_PIG,Collecting data...
2026-06-11 07:55:06,31.93,27.74,0.0,NO_PIG,Collecting data...
2026-06-11 07:55:13,31.67,27.6,0.0,NO_PIG,Collecting data...
2026-06-11 07:55:17,31.75,27.66,0.0,NO_PIG,Collecting data...
2026-06-11 07:55:21,31.56,27.59,0.0,NO_PIG,Collecting data...
2026-06-11 07:55:26,31.82,27.7,0.0,NO_PIG,Collecting data...
2026-06-11 07:55:30,31.84,27.84,0.0,NO_PIG,Collecting data...
2026-06-11 07:55:36,31.7,27.71,0.0,NO_PIG,Collecting data...
2026-06-11 07:55:40,31.94,27.87,0.0,NO_PIG,Collecting data...
2026-06-11 07:55:45,32.09,27.91,0.0,NO_PIG,Collecting data...
2026-06-11 07:55:49,31.86,28.03,0.0,NO_PIG,Collecting data...
2026-06-11 07:55:53,32.06,28.16,0.0,NO_PIG,Collecting data...
2026-06-11 07:56:00,31.98,28.0,0.0,NO_PIG,Collecting data...
2026-06-11 07:56:06,31.93,27.91,0.0,NO_PIG,Collecting data...
2026-06-11 07:56:10,32.13,27.89,0.0,NO_PIG,Collecting data...
2026-06-11 07:56:13,32.16,27.89,0.0,NO_PIG,Collecting data...
2026-06-11 07:56:18,32.27,28.22,0.0,NO_PIG,Collecting data...
2026-06-11 07:56:25,32.11,28.16,0.0,NO_PIG,Collecting data...
2026-06-11 07:56:30,31.99,28.25,0.0,NO_PIG,Collecting data...
2026-06-11 07:56:33,31.71,27.84,0.0,NO_PIG,Collecting data...
2026-06-11 07:56:37,31.96,28.03,0.0,NO_PIG,Collecting data...
2026-06-11 07:56:51,32.2,28.2,0.0,NO_PIG,Collecting data...
2026-06-11 07:56:57,32.09,28.05,0.0,NO_PIG,Collecting data...
2026-06-11 07:57:04,32.46,28.28,0.0,NO_PIG,Collecting data...
2026-06-11 07:57:07,32.48,28.2,0.0,NO_PIG,Collecting data...
2026-06-11 07:57:14,32.11,27.85,0.0,NO_PIG,Collecting data...
2026-06-11 07:57:18,31.89,27.58,0.0,NO_PIG,Collecting data...
2026-06-11 07:57:22,31.79,27.8,0.0,NO_PIG,Collecting data...
2026-06-11 07:57:26,31.89,27.76,0.0,NO_PIG,Collecting data...
2026-06-11 07:57:29,31.65,27.63,0.0,NO_PIG,Collecting data...
2026-06-11 07:57:33,32.03,27.97,0.0,NO_PIG,Collecting data...
2026-06-11 07:57:39,31.81,27.79,0.0,NO_PIG,Collecting data...
2026-06-11 07:57:42,31.86,27.91,0.0,NO_PIG,Collecting data...
2026-06-11 07:57:47,32.35,27.99,0.0,NO_PIG,Collecting data...
2026-06-11 07:57:50,31.87,27.75,0.0,NO_PIG,Collecting data...
2026-06-11 07:57:56,31.68,27.76,0.0,NO_PIG,Collecting data...
2026-06-11 07:57:59,31.87,27.75,0.0,NO_PIG,Collecting data...
2026-06-11 07:58:03,32.08,27.95,0.0,NO_PIG,Collecting data...
2026-06-11 07:58:06,31.86,27.62,0.0,NO_PIG,Collecting data...
2026-06-11 07:58:09,32.15,27.8,0.0,NO_PIG,Collecting data...
2026-06-11 07:58:18,31.51,27.61,0.0,NO_PIG,Collecting data...
2026-06-11 07:58:21,31.99,27.9,0.0,NO_PIG,Collecting data...
2026-06-11 07:58:24,31.77,27.97,0.0,NO_PIG,Collecting data...
2026-06-11 07:58:29,32.13,28.06,0.0,NO_PIG,Collecting data...
2026-06-11 07:58:34,31.82,27.79,0.0,NO_PIG,Collecting data...
2026-06-11 07:58:37,31.98,27.85,0.0,NO_PIG,Collecting data...
2026-06-11 07:58:40,31.95,27.94,0.0,NO_PIG,Collecting data...
2026-06-11 07:58:44,31.99,27.86,0.0,NO_PIG,Collecting data...
2026-06-11 07:58:47,31.78,27.7,0.0,NO_PIG,Collecting data...
2026-06-11 07:58:54,31.71,27.78,0.0,NO_PIG,Collecting data...
2026-06-11 07:58:58,31.71,27.69,0.0,NO_PIG,Collecting data...
2026-06-11 07:59:03,31.68,27.64,0.0,NO_PIG,Collecting data...
2026-06-11 07:59:07,31.75,27.69,0.0,NO_PIG,Collecting data...
2026-06-11 07:59:11,31.68,27.66,0.0,NO_PIG,Collecting data...
2026-06-11 07:59:15,32.07,27.8,0.0,NO_PIG,Collecting data...
2026-06-11 07:59:18,31.8,27.62,0.0,NO_PIG,Collecting data...
2026-06-11 07:59:21,31.95,27.94,0.0,NO_PIG,Collecting data...
2026-06-11 07:59:25,31.78,27.93,0.0,NO_PIG,Collecting data...
2026-06-11 07:59:29,31.79,27.82,0.0,NO_PIG,Collecting data...
2026-06-11 07:59:33,50.17,28.1,0.0,NO_PIG,Collecting data...
2026-06-11 07:59:36,32.01,27.87,0.0,NO_PIG,Collecting data...
2026-06-11 07:59:39,31.99,27.97,0.0,NO_PIG,Collecting data...
2026-06-11 07:59:43,31.81,27.69,0.0,NO_PIG,Collecting data...
2026-06-11 07:59:48,31.96,27.83,0.0,NO_PIG,Collecting data...
2026-06-11 07:59:51,31.89,27.68,0.0,NO_PIG,Collecting data...
2026-06-11 07:59:56,31.89,27.74,0.0,NO_PIG,Collecting data...
2026-06-11 08:00:00,32.3,28.16,0.0,NO_PIG,Collecting data...
2026-06-11 08:00:08,31.93,27.82,0.0,NO_PIG,Collecting data...
2026-06-11 08:00:11,31.91,27.86,0.0,NO_PIG,Collecting data...
2026-06-11 08:00:14,31.55,27.54,0.0,NO_PIG,Collecting data...
2026-06-11 08:00:18,31.9,27.94,0.0,NO_PIG,Collecting data...
2026-06-11 08:00:25,31.97,27.78,0.0,NO_PIG,Collecting data...
2026-06-11 08:00:29,31.83,27.56,0.0,NO_PIG,Collecting data...
2026-06-11 08:00:33,31.8,27.84,0.0,NO_PIG,Collecting data...
2026-06-11 08:00:36,31.82,27.68,0.0,NO_PIG,Collecting data...
2026-06-11 08:00:40,31.9,27.99,0.0,NO_PIG,Collecting data...
2026-06-11 08:00:44,31.84,27.58,0.0,NO_PIG,Collecting data...
2026-06-11 08:00:48,31.69,27.52,0.0,NO_PIG,Collecting data...
2026-06-11 08:00:52,31.93,27.49,0.0,NO_PIG,Collecting data...
2026-06-11 08:00:57,32.09,27.83,0.0,NO_PIG,Collecting data...
2026-06-11 08:01:02,32.33,27.92,0.0,NO_PIG,Collecting data...
2026-06-11 08:01:06,31.48,27.55,0.0,NO_PIG,Collecting data...
2026-06-11 08:01:10,31.96,27.89,0.0,NO_PIG,Collecting data...
2026-06-11 08:01:17,32.01,27.94,0.0,NO_PIG,Collecting data...
2026-06-11 08:01:20,31.85,27.97,0.0,NO_PIG,Collecting data...
2026-06-11 08:01:25,31.71,27.67,0.0,NO_PIG,Collecting data...
2026-06-11 08:01:28,31.79,27.69,0.0,NO_PIG,Collecting data...
2026-06-11 08:01:32,32.41,27.99,0.0,NO_PIG,Collecting data...
2026-06-11 08:01:36,31.76,27.82,0.0,NO_PIG,Collecting data...
2026-06-11 08:01:43,31.63,27.51,0.0,NO_PIG,Collecting data...
2026-06-11 08:01:47,31.73,27.86,0.0,NO_PIG,Collecting data...
2026-06-11 08:01:50,31.93,27.68,0.0,NO_PIG,Collecting data...
2026-06-11 08:01:54,31.79,27.83,0.0,NO_PIG,Collecting data...
2026-06-11 08:01:58,32.11,28.03,0.0,NO_PIG,Collecting data...
2026-06-11 08:02:01,31.81,27.49,0.0,NO_PIG,Collecting data...
2026-06-11 08:02:06,32.33,28.19,0.0,NO_PIG,Collecting data...
2026-06-11 08:02:09,32.16,28.02,0.0,NO_PIG,Collecting data...
2026-06-11 08:02:13,32.14,27.94,0.0,NO_PIG,Collecting data...
2026-06-11 08:02:16,31.93,27.78,0.0,NO_PIG,Collecting data...
2026-06-11 08:02:19,32.05,28.15,0.0,NO_PIG,Collecting data...
2026-06-11 08:02:26,32.25,28.18,0.0,NO_PIG,Collecting data...
2026-06-11 08:02:29,31.93,27.85,0.0,NO_PIG,Collecting data...
2026-06-11 08:02:33,32.28,28.18,0.0,NO_PIG,Collecting data...
2026-06-11 08:02:37,31.88,27.73,0.0,NO_PIG,Collecting data...
2026-06-11 08:02:42,31.92,28.0,0.0,NO_PIG,Collecting data...
2026-06-11 08:02:46,30.02,27.8,0.0,NO_PIG,Collecting data...
2026-06-11 08:02:49,29.83,27.51,0.0,NO_PIG,Collecting data...
2026-06-11 08:02:53,29.64,27.79,0.0,NO_PIG,Collecting data...
2026-06-11 08:02:56,29.94,27.76,0.0,NO_PIG,Collecting data...
2026-06-11 08:03:00,29.6,27.58,0.0,NO_PIG,Collecting data...
2026-06-11 08:03:04,30.17,27.83,0.0,NO_PIG,Collecting data...
2026-06-11 08:03:08,30.43,27.73,0.0,NO_PIG,Collecting data...
2026-06-11 08:03:12,29.48,27.54,0.0,NO_PIG,Collecting data...
2026-06-11 08:03:17,29.55,27.65,0.0,NO_PIG,Collecting data...
2026-06-11 08:03:20,29.57,27.56,0.0,NO_PIG,Collecting data...
2026-06-11 08:03:23,30.55,27.87,0.0,NO_PIG,Collecting data...
2026-06-11 08:03:26,30.96,27.75,0.0,NO_PIG,Collecting data...
2026-06-11 08:03:30,29.65,27.77,0.0,NO_PIG,Collecting data...
2026-06-11 08:03:40,29.8,27.71,0.0,NO_PIG,Collecting data...
2026-06-11 08:03:43,29.34,27.42,0.0,NO_PIG,Collecting data...
2026-06-11 08:03:49,30.26,27.63,0.0,NO_PIG,Collecting data...
2026-06-11 08:03:57,29.34,27.57,0.0,NO_PIG,Collecting data...
2026-06-11 08:04:02,29.6,27.41,0.0,NO_PIG,Collecting data...
2026-06-11 08:04:05,29.71,27.6,0.0,NO_PIG,Collecting data...
2026-06-11 08:04:08,30.19,27.56,0.0,NO_PIG,Collecting data...
2026-06-11 08:04:16,29.55,27.51,0.0,NO_PIG,Collecting data...
2026-06-11 08:04:21,30.61,27.63,0.0,NO_PIG,Collecting data...
2026-06-11 08:04:24,29.46,27.41,0.0,NO_PIG,Collecting data...
2026-06-11 08:04:28,29.9,27.7,0.0,NO_PIG,Collecting data...
2026-06-11 08:04:32,30.17,27.79,0.0,NO_PIG,Collecting data...
2026-06-11 08:04:38,29.61,27.57,0.0,NO_PIG,Collecting data...
2026-06-11 08:04:42,29.8,27.41,0.0,NO_PIG,Collecting data...
2026-06-11 08:04:47,29.88,27.38,0.0,NO_PIG,Collecting data...
2026-06-11 08:04:50,29.93,27.66,0.0,NO_PIG,Collecting data...
2026-06-11 08:04:54,30.71,27.53,0.0,NO_PIG,Collecting data...
2026-06-11 08:04:59,33.12,28.41,0.0,NO_PIG,Collecting data...
2026-06-11 08:05:03,34.09,29.11,0.0,NO_PIG,Collecting data...
2026-06-11 08:05:08,33.1,28.55,0.0,NO_PIG,Collecting data...
2026-06-11 08:05:13,34.08,27.98,0.0,NO_PIG,Collecting data...
2026-06-11 08:05:16,34.7,28.22,0.0,NO_PIG,Collecting data...
2026-06-11 08:05:20,34.94,28.94,0.0,NO_PIG,Collecting data...
2026-06-11 08:05:24,33.94,28.44,0.0,NO_PIG,Collecting data...
2026-06-11 08:05:28,33.88,28.54,0.0,NO_PIG,Collecting data...
2026-06-11 08:05:33,28.8,27.39,0.0,NO_PIG,Collecting data...
2026-06-11 08:05:38,29.26,27.34,0.0,NO_PIG,Collecting data...
2026-06-11 08:05:41,28.69,27.25,0.0,NO_PIG,Collecting data...
2026-06-11 08:05:45,29.09,27.39,0.0,NO_PIG,Collecting data...
2026-06-11 08:05:48,30.31,27.64,0.0,NO_PIG,Collecting data...
2026-06-11 08:05:53,29.68,27.58,0.0,NO_PIG,Collecting data...
2026-06-11 08:05:57,29.51,27.42,0.0,NO_PIG,Collecting data...
2026-06-11 08:06:00,29.31,27.5,0.0,NO_PIG,Collecting data...
2026-06-11 08:06:07,30.54,27.85,0.0,NO_PIG,Collecting data...
2026-06-11 08:06:12,29.9,27.69,0.0,NO_PIG,Collecting data...
2026-06-11 08:06:17,30.18,27.65,0.0,NO_PIG,Collecting data...
2026-06-11 08:06:22,29.96,27.82,0.0,NO_PIG,Collecting data...
2026-06-11 08:06:25,30.57,27.8,0.0,NO_PIG,Collecting data...
2026-06-11 08:06:28,30.33,27.69,0.0,NO_PIG,Collecting data...
2026-06-11 08:06:32,29.91,27.68,0.0,NO_PIG,Collecting data...
2026-06-11 08:06:35,29.71,27.78,0.0,NO_PIG,Collecting data...
2026-06-11 08:06:41,29.48,27.61,0.0,NO_PIG,Collecting data...
2026-06-11 08:06:45,29.18,27.62,0.0,NO_PIG,Collecting data...
2026-06-11 08:06:48,30.09,27.63,0.0,NO_PIG,Collecting data...
2026-06-11 08:06:52,29.51,27.52,0.0,NO_PIG,Collecting data...
2026-06-11 08:06:55,820.67,29.06,0.0,NO_PIG,Collecting data...
2026-06-11 08:07:09,29.9,27.54,0.0,NO_PIG,Collecting data...
2026-06-11 08:07:17,29.18,27.35,0.0,NO_PIG,Collecting data...
2026-06-11 08:07:22,29.38,27.5,0.0,NO_PIG,Collecting data...
2026-06-11 08:07:25,29.24,27.51,0.0,NO_PIG,Collecting data...
2026-06-11 08:07:30,30.75,28.05,0.0,NO_PIG,Collecting data...
2026-06-11 08:07:36,30.23,27.73,0.0,NO_PIG,Collecting data...
2026-06-11 08:07:39,29.81,27.57,0.0,NO_PIG,Collecting data...
2026-06-11 08:07:44,29.8,27.72,0.0,NO_PIG,Collecting data...
2026-06-11 08:07:48,29.56,27.74,0.0,NO_PIG,Collecting data...
2026-06-11 08:07:51,29.41,27.51,0.0,NO_PIG,Collecting data...
2026-06-11 08:07:58,30.23,27.84,0.0,NO_PIG,Collecting data...
2026-06-11 08:08:02,29.98,27.82,0.0,NO_PIG,Collecting data...
2026-06-11 08:08:05,30.75,27.85,0.0,NO_PIG,Collecting data...
2026-06-11 08:08:10,30.51,27.73,0.0,NO_PIG,Collecting data...
2026-06-11 08:08:14,29.43,27.65,0.0,NO_PIG,Collecting data...
2026-06-11 08:08:20,29.36,27.66,0.0,NO_PIG,Collecting data...
2026-06-11 08:08:23,29.58,27.55,0.0,NO_PIG,Collecting data...
2026-06-11 08:08:27,29.19,27.58,0.0,NO_PIG,Collecting data...
2026-06-11 08:08:33,29.59,27.72,0.0,NO_PIG,Collecting data...
2026-06-11 08:08:36,30.01,27.65,0.0,NO_PIG,Collecting data...
2026-06-11 08:08:43,29.69,27.6,0.0,NO_PIG,Collecting data...
2026-06-11 08:08:47,30.22,27.92,0.0,NO_PIG,Collecting data...
2026-06-11 08:08:51,30.63,28.12,0.0,NO_PIG,Collecting data...
2026-06-11 08:08:54,30.24,27.73,0.0,NO_PIG,Collecting data...
2026-06-11 08:08:59,29.85,27.73,0.0,NO_PIG,Collecting data...
2026-06-11 08:09:02,29.62,27.68,0.0,NO_PIG,Collecting data...
2026-06-11 08:09:08,30.24,27.81,0.0,NO_PIG,Collecting data...
2026-06-11 08:09:13,29.91,27.6,0.0,NO_PIG,Collecting data...
2026-06-11 08:09:16,30.18,27.75,0.0,NO_PIG,Collecting data...
2026-06-11 08:09:21,29.4,27.54,0.0,NO_PIG,Collecting data...
2026-06-11 08:09:26,30.46,27.69,0.0,NO_PIG,Collecting data...
2026-06-11 08:09:32,30.43,27.68,0.0,NO_PIG,Collecting data...
2026-06-11 08:09:36,30.07,27.94,0.0,NO_PIG,Collecting data...
2026-06-11 08:09:40,30.65,28.04,0.0,NO_PIG,Collecting data...
2026-06-11 08:09:43,29.72,27.74,0.0,NO_PIG,Collecting data...
2026-06-11 08:09:47,29.73,27.77,0.0,NO_PIG,Collecting data...
2026-06-11 08:09:53,30.2,27.87,0.0,NO_PIG,Collecting data...
2026-06-11 08:09:57,29.58,27.71,0.0,NO_PIG,Collecting data...
2026-06-11 08:10:00,30.86,28.05,0.0,NO_PIG,Collecting data...
2026-06-11 08:10:05,30.1,27.83,0.0,NO_PIG,Collecting data...
2026-06-11 08:10:09,29.92,27.63,0.0,NO_PIG,Collecting data...
2026-06-11 08:10:13,29.93,27.59,0.0,NO_PIG,Collecting data...
2026-06-11 08:10:18,30.53,28.05,0.0,NO_PIG,Collecting data...
2026-06-11 08:10:22,29.35,27.6,0.0,NO_PIG,Collecting data...
2026-06-11 08:10:28,29.35,27.53,0.0,NO_PIG,Collecting data...
2026-06-11 08:10:31,29.08,27.41,0.0,NO_PIG,Collecting data...
2026-06-11 08:10:35,30.61,27.79,0.0,NO_PIG,Collecting data...
2026-06-11 08:10:40,29.87,27.6,0.0,NO_PIG,Collecting data...
2026-06-11 08:10:44,29.18,27.44,0.0,NO_PIG,Collecting data...
2026-06-11 08:10:47,31.02,27.5,0.0,NO_PIG,Collecting data...
2026-06-11 08:10:51,31.17,27.88,0.0,NO_PIG,Collecting data...
2026-06-11 08:10:58,30.06,27.62,0.0,NO_PIG,Collecting data...
2026-06-11 08:11:03,29.85,27.47,0.0,NO_PIG,Collecting data...
2026-06-11 08:11:11,30.88,27.77,0.0,NO_PIG,Collecting data...
2026-06-11 08:11:17,30.53,27.82,0.0,NO_PIG,Collecting data...
2026-06-11 08:11:24,33.54,29.94,0.0,NO_PIG,Collecting data...
2026-06-11 08:11:28,29.51,27.63,0.0,NO_PIG,Collecting data...
2026-06-11 08:11:32,29.11,27.28,0.0,NO_PIG,Collecting data...
2026-06-11 08:11:35,29.9,27.48,0.0,NO_PIG,Collecting data...
2026-06-11 08:11:43,30.14,27.63,0.0,NO_PIG,Collecting data...
2026-06-11 08:11:52,33.56,30.02,0.0,NO_PIG,Collecting data...
2026-06-11 08:11:59,29.81,27.62,0.0,NO_PIG,Collecting data...
2026-06-11 08:12:03,29.97,27.47,0.0,NO_PIG,Collecting data...
2026-06-11 08:12:08,29.56,27.36,0.0,NO_PIG,Collecting data...
2026-06-11 08:12:11,33.77,28.98,0.0,NO_PIG,Collecting data...
2026-06-11 08:12:16,36.11,29.16,0.0,NO_PIG,Collecting data...
2026-06-11 08:12:21,41.13,29.28,0.0,NO_PIG,Collecting data...
2026-06-11 08:12:25,30.73,28.03,0.0,NO_PIG,Collecting data...
2026-06-11 08:12:29,30.37,27.93,0.0,NO_PIG,Collecting data...
2026-06-11 08:12:35,29.86,27.71,0.0,NO_PIG,Collecting data...
2026-06-11 08:12:39,37.0,28.88,0.0,NO_PIG,Collecting data...
2026-06-11 08:12:43,38.35,29.11,0.0,NO_PIG,Collecting data...
2026-06-11 08:12:46,37.93,28.9,0.0,NO_PIG,Collecting data...
2026-06-11 08:13:00,30.5,27.87,0.0,NO_PIG,Collecting data...
2026-06-11 08:13:05,31.3,28.17,0.0,NO_PIG,Collecting data...
2026-06-11 08:13:09,42.67,29.07,0.0,NO_PIG,Collecting data...
2026-06-11 08:13:13,41.27,29.21,0.0,NO_PIG,Collecting data...
2026-06-11 08:13:17,36.53,29.04,0.0,NO_PIG,Collecting data...
2026-06-11 08:13:21,56.01,29.69,0.0,NO_PIG,Collecting data...
2026-06-11 08:13:26,44.17,29.07,0.0,NO_PIG,Collecting data...
2026-06-11 08:13:31,62.18,30.34,38.0,FEVER,Collecting data...
2026-06-11 08:13:34,29.49,27.66,0.0,NO_PIG,Collecting data...
2026-06-11 08:13:37,31.26,27.94,0.0,NO_PIG,Collecting data...
2026-06-11 08:13:41,30.36,27.86,0.0,NO_PIG,Collecting data...
2026-06-11 08:13:44,30.03,27.89,0.0,NO_PIG,Collecting data...
2026-06-11 08:13:51,29.5,27.58,0.0,NO_PIG,Collecting data...
2026-06-11 08:13:55,29.45,27.6,0.0,NO_PIG,Collecting data...
2026-06-11 08:13:59,29.63,27.68,0.0,NO_PIG,Collecting data...
2026-06-11 08:14:03,34.22,29.37,0.0,NO_PIG,Collecting data...
2026-06-11 08:14:09,47.13,29.58,0.0,NO_PIG,Collecting data...
2026-06-11 08:14:13,42.26,29.41,0.0,NO_PIG,Collecting data...
2026-06-11 08:14:17,39.22,29.89,0.0,NO_PIG,Collecting data...
2026-06-11 08:14:20,39.07,29.39,0.0,NO_PIG,Collecting data...
2026-06-11 08:14:24,35.75,29.57,0.0,NO_PIG,Collecting data...
2026-06-11 08:14:28,32.59,27.92,0.0,NO_PIG,Collecting data...
2026-06-11 08:14:31,86.09,31.22,81.0,FEVER,Collecting data...
2026-06-11 08:14:35,58.66,30.09,38.0,FEVER,Falling rapidly
2026-06-11 08:14:39,56.51,29.6,0.0,NO_PIG,Falling rapidly
2026-06-11 08:14:44,63.2,30.49,81.0,FEVER,Falling rapidly
2026-06-11 08:14:47,56.45,29.94,0.0,NO_PIG,Falling rapidly
2026-06-11 08:14:51,32.64,28.63,0.0,NO_PIG,Falling rapidly
2026-06-11 08:14:56,30.95,27.99,0.0,NO_PIG,Falling rapidly
2026-06-11 08:15:01,35.89,29.57,0.0,NO_PIG,Falling rapidly
2026-06-11 08:15:04,35.97,29.53,0.0,NO_PIG,Falling rapidly
2026-06-11 08:15:07,57.52,30.6,38.0,FEVER,Falling rapidly
2026-06-11 08:15:11,56.36,30.05,38.0,FEVER,Falling rapidly
2026-06-11 08:15:16,57.27,29.9,81.0,FEVER,Falling slowly
2026-06-11 08:15:21,58.78,30.02,81.0,FEVER,Rising rapidly
2026-06-11 08:15:24,61.01,30.41,81.0,FEVER,Rising rapidly
2026-06-11 08:15:27,65.57,30.9,81.0,FEVER,Rising rapidly
2026-06-11 08:15:34,58.81,31.24,38.0,FEVER,Falling rapidly
2026-06-11 08:15:41,51.42,29.51,38.0,FEVER,Falling rapidly
2026-06-11 08:15:45,30.96,27.92,0.0,NO_PIG,Falling rapidly
2026-06-11 08:15:48,34.22,29.31,0.0,NO_PIG,Falling rapidly
2026-06-11 08:15:51,34.51,29.38,0.0,NO_PIG,Falling rapidly
2026-06-11 08:15:56,29.53,27.57,0.0,NO_PIG,Falling rapidly
2026-06-11 08:16:00,29.94,27.88,0.0,NO_PIG,Falling rapidly
2026-06-11 08:16:03,30.32,28.0,0.0,NO_PIG,Falling rapidly
2026-06-11 08:16:07,30.18,27.87,0.0,NO_PIG,Falling rapidly
2026-06-11 08:16:10,32.37,28.43,0.0,NO_PIG,Falling rapidly
2026-06-11 08:16:15,32.24,28.35,0.0,NO_PIG,Falling rapidly
2026-06-11 08:16:21,33.26,29.1,0.0,NO_PIG,Falling rapidly
2026-06-11 08:16:25,72.07,30.4,81.0,FEVER,Rising rapidly
2026-06-11 08:16:29,31.95,28.46,0.0,NO_PIG,Rising rapidly
2026-06-11 08:16:36,29.82,27.83,0.0,NO_PIG,Rising rapidly
2026-06-11 08:16:39,30.78,28.06,0.0,NO_PIG,Rising rapidly
2026-06-11 08:16:42,30.27,27.9,0.0,NO_PIG,Rising rapidly
2026-06-11 08:16:46,29.68,27.69,0.0,NO_PIG,Rising rapidly
2026-06-11 08:16:49,29.79,27.88,0.0,NO_PIG,Rising rapidly
2026-06-11 08:16:54,29.97,27.88,0.0,NO_PIG,Rising rapidly
2026-06-11 08:16:58,30.32,27.96,0.0,NO_PIG,Rising rapidly
2026-06-11 08:17:02,30.05,27.87,0.0,NO_PIG,Rising rapidly
2026-06-11 08:17:05,30.11,27.84,0.0,NO_PIG,Rising rapidly
2026-06-11 08:17:09,29.83,27.85,0.0,NO_PIG,Rising rapidly
2026-06-11 08:17:13,31.2,27.99,0.0,NO_PIG,Rising rapidly
2026-06-11 08:17:17,30.04,28.04,0.0,NO_PIG,Rising rapidly
2026-06-11 08:17:20,29.71,27.59,0.0,NO_PIG,Rising rapidly
2026-06-11 08:17:24,30.6,27.84,0.0,NO_PIG,Rising rapidly
2026-06-11 08:17:28,29.76,27.64,0.0,NO_PIG,Rising rapidly
2026-06-11 08:17:33,30.3,27.94,0.0,NO_PIG,Rising rapidly
2026-06-11 08:17:37,29.8,27.77,0.0,NO_PIG,Rising rapidly
2026-06-11 08:17:43,30.3,28.11,0.0,NO_PIG,Rising rapidly
2026-06-11 08:17:48,30.56,27.95,0.0,NO_PIG,Rising rapidly
2026-06-11 08:17:54,30.6,27.76,0.0,NO_PIG,Rising rapidly
2026-06-11 08:17:57,30.52,27.96,0.0,NO_PIG,Rising rapidly
2026-06-11 08:18:00,30.14,27.83,0.0,NO_PIG,Rising rapidly
2026-06-11 08:18:04,30.08,28.03,0.0,NO_PIG,Rising rapidly
2026-06-11 08:18:07,30.12,28.03,0.0,NO_PIG,Rising rapidly
2026-06-11 08:18:12,30.16,27.93,0.0,NO_PIG,Rising rapidly
2026-06-11 08:18:15,30.13,28.04,0.0,NO_PIG,Rising rapidly
2026-06-11 08:18:19,30.12,27.56,0.0,NO_PIG,Rising rapidly
2026-06-11 08:18:22,30.16,27.79,0.0,NO_PIG,Rising rapidly
2026-06-11 08:18:26,31.36,28.0,0.0,NO_PIG,Rising rapidly
2026-06-11 08:18:30,29.7,27.55,0.0,NO_PIG,Rising rapidly
2026-06-11 08:18:34,30.12,27.86,0.0,NO_PIG,Rising rapidly
2026-06-11 08:18:41,30.56,27.7,0.0,NO_PIG,Rising rapidly
2026-06-11 08:18:44,32.36,27.85,0.0,NO_PIG,Rising rapidly
2026-06-11 08:18:48,29.69,27.43,0.0,NO_PIG,Rising rapidly
2026-06-11 08:18:52,30.12,27.82,0.0,NO_PIG,Rising rapidly
2026-06-11 08:18:56,30.5,27.92,0.0,NO_PIG,Rising rapidly
2026-06-11 08:19:01,29.87,27.71,0.0,NO_PIG,Rising rapidly
2026-06-11 08:19:11,29.96,27.77,0.0,NO_PIG,Rising rapidly
2026-06-11 08:19:15,30.0,27.76,0.0,NO_PIG,Rising rapidly
2026-06-11 08:19:20,30.37,27.91,0.0,NO_PIG,Rising rapidly
2026-06-11 08:19:23,29.78,27.7,0.0,NO_PIG,Rising rapidly
2026-06-11 08:19:27,29.95,27.75,0.0,NO_PIG,Rising rapidly
2026-06-11 08:19:31,30.91,27.91,0.0,NO_PIG,Rising rapidly
2026-06-11 08:19:34,30.61,28.02,0.0,NO_PIG,Rising rapidly
2026-06-11 08:19:38,30.3,27.97,0.0,NO_PIG,Rising rapidly
2026-06-11 08:19:41,30.23,27.83,0.0,NO_PIG,Rising rapidly
2026-06-11 08:19:49,30.34,28.06,0.0,NO_PIG,Rising rapidly
2026-06-11 08:19:54,30.36,27.88,0.0,NO_PIG,Rising rapidly
2026-06-11 08:20:01,30.48,28.24,0.0,NO_PIG,Rising rapidly
2026-06-11 08:20:05,30.6,28.06,0.0,NO_PIG,Rising rapidly
2026-06-11 08:20:09,31.02,28.27,0.0,NO_PIG,Rising rapidly
2026-06-11 08:20:12,30.31,27.89,0.0,NO_PIG,Rising rapidly
2026-06-11 08:20:17,30.56,28.28,0.0,NO_PIG,Rising rapidly
2026-06-11 08:20:25,30.96,28.09,0.0,NO_PIG,Rising rapidly
2026-06-11 08:20:29,30.32,28.08,0.0,NO_PIG,Rising rapidly
2026-06-11 08:20:34,30.36,28.05,0.0,NO_PIG,Rising rapidly
2026-06-11 08:20:40,30.27,27.95,0.0,NO_PIG,Rising rapidly
2026-06-11 08:20:44,30.1,27.71,0.0,NO_PIG,Rising rapidly
2026-06-11 08:20:52,30.09,27.83,0.0,NO_PIG,Rising rapidly
2026-06-11 08:20:57,30.45,28.11,0.0,NO_PIG,Rising rapidly
2026-06-11 08:21:01,30.31,27.86,0.0,NO_PIG,Rising rapidly
2026-06-11 08:21:09,30.11,27.72,0.0,NO_PIG,Rising rapidly
2026-06-11 08:21:18,30.62,28.03,0.0,NO_PIG,Rising rapidly
2026-06-11 08:21:26,30.03,27.85,0.0,NO_PIG,Rising rapidly
2026-06-11 08:21:37,31.11,28.2,0.0,NO_PIG,Rising rapidly
2026-06-11 08:21:45,30.22,27.84,0.0,NO_PIG,Rising rapidly
2026-06-11 08:21:58,30.21,27.88,0.0,NO_PIG,Rising rapidly
2026-06-11 08:22:06,29.95,27.75,0.0,NO_PIG,Rising rapidly
2026-06-11 08:22:16,30.63,28.04,0.0,NO_PIG,Rising rapidly
2026-06-11 08:22:31,29.9,27.66,0.0,NO_PIG,Rising rapidly
2026-06-11 08:22:36,30.08,27.83,0.0,NO_PIG,Rising rapidly
2026-06-11 08:22:40,30.25,27.99,0.0,NO_PIG,Rising rapidly
2026-06-11 08:22:43,30.27,27.94,0.0,NO_PIG,Rising rapidly
2026-06-11 08:22:47,30.56,28.18,0.0,NO_PIG,Rising rapidly
2026-06-11 08:22:50,30.47,27.99,0.0,NO_PIG,Rising rapidly
2026-06-11 08:22:55,30.31,28.06,0.0,NO_PIG,Rising rapidly
2026-06-11 08:22:58,30.16,27.98,0.0,NO_PIG,Rising rapidly
2026-06-11 08:23:03,30.92,28.39,0.0,NO_PIG,Rising rapidly
2026-06-11 08:23:06,30.53,28.15,0.0,NO_PIG,Rising rapidly
2026-06-11 08:23:10,30.7,28.08,0.0,NO_PIG,Rising rapidly
2026-06-11 08:23:16,31.56,28.52,0.0,NO_PIG,Rising rapidly
2026-06-11 08:23:20,30.09,27.81,0.0,NO_PIG,Rising rapidly
2026-06-11 08:23:23,29.93,27.82,0.0,NO_PIG,Rising rapidly
2026-06-11 08:23:27,30.68,28.01,0.0,NO_PIG,Rising rapidly
2026-06-11 08:23:31,30.45,27.94,0.0,NO_PIG,Rising rapidly
2026-06-11 08:23:34,30.44,28.25,0.0,NO_PIG,Rising rapidly
2026-06-11 08:23:41,30.89,28.28,0.0,NO_PIG,Rising rapidly
2026-06-11 08:23:47,30.06,27.81,0.0,NO_PIG,Rising rapidly
2026-06-11 08:23:56,31.67,28.64,0.0,NO_PIG,Rising rapidly
2026-06-11 08:24:01,30.5,28.24,0.0,NO_PIG,Rising rapidly
2026-06-11 08:24:07,30.09,27.97,0.0,NO_PIG,Rising rapidly
2026-06-11 08:24:12,30.49,27.79,0.0,NO_PIG,Rising rapidly
2026-06-11 08:24:16,30.5,28.13,0.0,NO_PIG,Rising rapidly
2026-06-11 08:24:20,31.38,28.12,0.0,NO_PIG,Rising rapidly
2026-06-11 08:24:23,30.1,27.88,0.0,NO_PIG,Rising rapidly
2026-06-11 08:24:27,30.22,27.81,0.0,NO_PIG,Rising rapidly
2026-06-11 08:24:33,30.0,27.87,0.0,NO_PIG,Rising rapidly
2026-06-11 08:24:37,29.72,27.74,0.0,NO_PIG,Rising rapidly
2026-06-11 08:24:44,30.36,27.95,0.0,NO_PIG,Rising rapidly
2026-06-11 08:24:49,30.19,27.88,0.0,NO_PIG,Rising rapidly
2026-06-11 08:24:53,30.0,27.77,0.0,NO_PIG,Rising rapidly
2026-06-11 08:24:57,29.92,27.81,0.0,NO_PIG,Rising rapidly
2026-06-11 08:25:01,30.18,27.89,0.0,NO_PIG,Rising rapidly
2026-06-11 08:25:09,30.35,27.94,0.0,NO_PIG,Rising rapidly
2026-06-11 08:25:25,29.86,27.84,0.0,NO_PIG,Rising rapidly
2026-06-11 08:25:33,30.2,27.76,0.0,NO_PIG,Rising rapidly
2026-06-11 08:25:39,30.2,27.87,0.0,NO_PIG,Rising rapidly
2026-06-11 08:25:42,29.8,27.82,0.0,NO_PIG,Rising rapidly
2026-06-11 08:25:47,31.19,28.11,0.0,NO_PIG,Rising rapidly
2026-06-11 08:25:51,30.93,27.94,0.0,NO_PIG,Rising rapidly
2026-06-11 08:25:54,30.19,27.98,0.0,NO_PIG,Rising rapidly
2026-06-11 08:25:58,30.24,27.83,0.0,NO_PIG,Rising rapidly
2026-06-11 08:26:02,30.45,28.09,0.0,NO_PIG,Rising rapidly
2026-06-11 08:26:10,30.04,27.93,0.0,NO_PIG,Rising rapidly
2026-06-11 08:26:13,29.88,27.76,0.0,NO_PIG,Rising rapidly
2026-06-11 08:26:17,31.34,28.48,0.0,NO_PIG,Rising rapidly
2026-06-11 08:26:21,30.16,28.19,0.0,NO_PIG,Rising rapidly
2026-06-11 08:26:26,31.1,28.44,0.0,NO_PIG,Rising rapidly
2026-06-11 08:26:30,30.42,28.06,0.0,NO_PIG,Rising rapidly
2026-06-11 08:26:34,31.12,28.33,0.0,NO_PIG,Rising rapidly
2026-06-11 08:26:38,30.65,28.25,0.0,NO_PIG,Rising rapidly
2026-06-11 08:26:43,29.95,27.83,0.0,NO_PIG,Rising rapidly
2026-06-11 08:26:47,30.14,28.04,0.0,NO_PIG,Rising rapidly
2026-06-11 08:26:51,32.12,28.36,0.0,NO_PIG,Rising rapidly
2026-06-11 08:26:55,30.13,27.81,0.0,NO_PIG,Rising rapidly
2026-06-11 08:27:07,30.25,27.85,0.0,NO_PIG,Rising rapidly
2026-06-11 08:27:10,30.21,27.75,0.0,NO_PIG,Rising rapidly
2026-06-11 08:27:14,30.38,27.95,0.0,NO_PIG,Rising rapidly
2026-06-11 08:27:18,30.54,28.19,0.0,NO_PIG,Rising rapidly
2026-06-11 08:27:22,30.2,28.02,0.0,NO_PIG,Rising rapidly
2026-06-11 08:27:28,30.34,27.99,0.0,NO_PIG,Rising rapidly
2026-06-11 08:27:32,30.68,27.99,0.0,NO_PIG,Rising rapidly
2026-06-11 08:27:35,30.37,27.97,0.0,NO_PIG,Rising rapidly
2026-06-11 08:27:40,30.09,27.77,0.0,NO_PIG,Rising rapidly
2026-06-11 08:27:44,30.14,27.94,0.0,NO_PIG,Rising rapidly
2026-06-11 08:27:48,30.63,28.05,0.0,NO_PIG,Rising rapidly
2026-06-11 08:27:51,30.6,28.25,0.0,NO_PIG,Rising rapidly
2026-06-11 08:27:56,30.86,28.13,0.0,NO_PIG,Rising rapidly
2026-06-11 08:27:59,31.08,28.23,0.0,NO_PIG,Rising rapidly
2026-06-11 08:28:03,30.62,28.21,0.0,NO_PIG,Rising rapidly
2026-06-11 08:28:07,31.36,28.3,0.0,NO_PIG,Rising rapidly
2026-06-11 08:28:12,31.37,28.36,0.0,NO_PIG,Rising rapidly
2026-06-11 08:28:16,31.38,28.25,0.0,NO_PIG,Rising rapidly
2026-06-11 08:28:19,30.64,28.05,0.0,NO_PIG,Rising rapidly
2026-06-11 08:28:23,30.65,28.22,0.0,NO_PIG,Rising rapidly
2026-06-11 08:28:27,30.35,27.87,0.0,NO_PIG,Rising rapidly
2026-06-11 08:28:34,31.01,28.3,0.0,NO_PIG,Rising rapidly
2026-06-11 08:28:38,30.3,28.08,0.0,NO_PIG,Rising rapidly
2026-06-11 08:28:41,30.22,27.9,0.0,NO_PIG,Rising rapidly
2026-06-11 08:28:45,31.31,28.33,0.0,NO_PIG,Rising rapidly
2026-06-11 08:28:50,30.41,28.06,0.0,NO_PIG,Rising rapidly
2026-06-11 08:28:55,30.35,27.98,0.0,NO_PIG,Rising rapidly
2026-06-11 08:28:58,30.35,27.94,0.0,NO_PIG,Rising rapidly
2026-06-11 08:29:02,30.93,28.11,0.0,NO_PIG,Rising rapidly
2026-06-11 08:29:09,30.92,28.35,0.0,NO_PIG,Rising rapidly
2026-06-11 08:29:16,30.44,27.98,0.0,NO_PIG,Rising rapidly
2026-06-11 08:29:20,30.92,28.31,0.0,NO_PIG,Rising rapidly
2026-06-11 08:29:24,30.48,28.01,0.0,NO_PIG,Rising rapidly
2026-06-11 08:29:28,30.97,28.29,0.0,NO_PIG,Rising rapidly
2026-06-11 08:29:32,30.45,27.92,0.0,NO_PIG,Rising rapidly
2026-06-11 08:29:36,30.77,28.21,0.0,NO_PIG,Rising rapidly
2026-06-11 08:29:39,30.45,27.92,0.0,NO_PIG,Rising rapidly
2026-06-11 08:29:44,30.58,28.02,0.0,NO_PIG,Rising rapidly
2026-06-11 08:29:49,30.95,28.22,0.0,NO_PIG,Rising rapidly
2026-06-11 08:29:52,30.57,28.14,0.0,NO_PIG,Rising rapidly
2026-06-11 08:29:56,30.27,27.83,0.0,NO_PIG,Rising rapidly
2026-06-11 08:30:02,30.82,28.15,0.0,NO_PIG,Rising rapidly
2026-06-11 08:30:06,30.92,28.09,0.0,NO_PIG,Rising rapidly
2026-06-11 08:30:10,30.63,28.06,0.0,NO_PIG,Rising rapidly
2026-06-11 08:30:13,30.63,27.91,0.0,NO_PIG,Rising rapidly
2026-06-11 08:30:17,30.9,28.13,0.0,NO_PIG,Rising rapidly
2026-06-11 08:30:24,30.46,28.04,0.0,NO_PIG,Rising rapidly
2026-06-11 08:30:27,30.91,28.35,0.0,NO_PIG,Rising rapidly
2026-06-11 08:30:30,30.7,28.11,0.0,NO_PIG,Rising rapidly
2026-06-11 08:30:35,30.91,28.3,0.0,NO_PIG,Rising rapidly
2026-06-11 08:30:38,31.19,28.54,0.0,NO_PIG,Rising rapidly
2026-06-11 08:30:42,31.16,28.39,0.0,NO_PIG,Rising rapidly
2026-06-11 08:30:49,31.13,28.27,0.0,NO_PIG,Rising rapidly
2026-06-11 08:30:53,30.6,28.04,0.0,NO_PIG,Rising rapidly
2026-06-11 08:30:56,30.74,27.96,0.0,NO_PIG,Rising rapidly
2026-06-11 08:31:02,30.95,28.29,0.0,NO_PIG,Rising rapidly
2026-06-11 08:31:05,30.88,28.22,0.0,NO_PIG,Rising rapidly
2026-06-11 08:31:11,30.44,27.88,0.0,NO_PIG,Rising rapidly
2026-06-11 08:31:14,30.78,28.03,0.0,NO_PIG,Rising rapidly
2026-06-11 08:31:17,30.61,27.94,0.0,NO_PIG,Rising rapidly
2026-06-11 08:31:21,30.8,27.95,0.0,NO_PIG,Rising rapidly
2026-06-11 08:31:25,30.77,28.09,0.0,NO_PIG,Rising rapidly
2026-06-11 08:31:30,30.82,28.05,0.0,NO_PIG,Rising rapidly
2026-06-11 08:31:38,30.51,27.89,0.0,NO_PIG,Rising rapidly
2026-06-11 08:31:42,30.54,27.81,0.0,NO_PIG,Rising rapidly
2026-06-11 08:31:48,31.13,28.11,0.0,NO_PIG,Rising rapidly
2026-06-11 08:31:51,30.58,27.89,0.0,NO_PIG,Rising rapidly
2026-06-11 08:31:55,30.87,28.11,0.0,NO_PIG,Rising rapidly
2026-06-11 08:31:59,30.76,28.07,0.0,NO_PIG,Rising rapidly
2026-06-11 08:32:04,30.9,28.26,0.0,NO_PIG,Rising rapidly
2026-06-11 08:32:08,31.02,28.19,0.0,NO_PIG,Rising rapidly
2026-06-11 08:32:13,31.21,28.25,0.0,NO_PIG,Rising rapidly
2026-06-11 08:32:17,31.0,28.1,0.0,NO_PIG,Rising rapidly
2026-06-11 08:32:22,31.16,28.32,0.0,NO_PIG,Rising rapidly
2026-06-11 08:32:26,30.93,28.13,0.0,NO_PIG,Rising rapidly
2026-06-11 08:32:32,31.2,28.3,0.0,NO_PIG,Rising rapidly
2026-06-11 08:32:36,30.92,27.98,0.0,NO_PIG,Rising rapidly
2026-06-11 08:32:40,30.6,27.89,0.0,NO_PIG,Rising rapidly
2026-06-11 08:32:43,30.91,28.01,0.0,NO_PIG,Rising rapidly
2026-06-11 08:32:47,31.31,28.36,0.0,NO_PIG,Rising rapidly
2026-06-11 08:32:51,30.89,28.08,0.0,NO_PIG,Rising rapidly
2026-06-11 08:32:55,31.04,28.14,0.0,NO_PIG,Rising rapidly
2026-06-11 08:33:00,30.85,27.99,0.0,NO_PIG,Rising rapidly
2026-06-11 08:33:05,30.87,27.92,0.0,NO_PIG,Rising rapidly
2026-06-11 08:33:09,30.83,28.11,0.0,NO_PIG,Rising rapidly
2026-06-11 08:33:12,31.05,28.19,0.0,NO_PIG,Rising rapidly
2026-06-11 08:33:16,30.98,28.05,0.0,NO_PIG,Rising rapidly
2026-06-11 08:33:20,31.13,28.34,0.0,NO_PIG,Rising rapidly
2026-06-11 08:33:23,31.06,28.17,0.0,NO_PIG,Rising rapidly
2026-06-11 08:33:27,31.54,28.47,0.0,NO_PIG,Rising rapidly
2026-06-11 08:33:31,31.37,28.38,0.0,NO_PIG,Rising rapidly
2026-06-11 08:33:35,31.56,28.4,0.0,NO_PIG,Rising rapidly
2026-06-11 08:33:41,31.37,28.56,0.0,NO_PIG,Rising rapidly
2026-06-11 08:33:44,31.31,28.32,0.0,NO_PIG,Rising rapidly
2026-06-11 08:33:47,31.26,28.42,0.0,NO_PIG,Rising rapidly
2026-06-11 08:33:51,31.0,28.31,0.0,NO_PIG,Rising rapidly
2026-06-11 08:33:55,31.18,28.38,0.0,NO_PIG,Rising rapidly
2026-06-11 08:34:00,31.02,28.21,0.0,NO_PIG,Rising rapidly
2026-06-11 08:34:04,31.0,28.27,0.0,NO_PIG,Rising rapidly
2026-06-11 08:34:09,31.17,28.25,0.0,NO_PIG,Rising rapidly
2026-06-11 08:34:12,31.08,28.08,0.0,NO_PIG,Rising rapidly
2026-06-11 08:34:16,31.52,28.54,0.0,NO_PIG,Rising rapidly
2026-06-11 08:34:20,31.12,28.19,0.0,NO_PIG,Rising rapidly
2026-06-11 08:34:24,31.2,28.47,0.0,NO_PIG,Rising rapidly
2026-06-11 08:34:29,30.98,28.18,0.0,NO_PIG,Rising rapidly
2026-06-11 08:34:33,31.14,28.28,0.0,NO_PIG,Rising rapidly
2026-06-11 08:34:36,30.99,28.14,0.0,NO_PIG,Rising rapidly
2026-06-11 08:34:41,31.3,28.48,0.0,NO_PIG,Rising rapidly
2026-06-11 08:34:46,31.06,28.17,0.0,NO_PIG,Rising rapidly
2026-06-11 08:34:50,31.41,28.29,0.0,NO_PIG,Rising rapidly
2026-06-11 08:34:54,31.16,28.33,0.0,NO_PIG,Rising rapidly
2026-06-11 08:34:58,31.01,28.08,0.0,NO_PIG,Rising rapidly
2026-06-11 08:35:03,31.07,28.17,0.0,NO_PIG,Rising rapidly
2026-06-11 08:35:06,30.94,28.04,0.0,NO_PIG,Rising rapidly
2026-06-11 08:35:09,31.37,28.34,0.0,NO_PIG,Rising rapidly
2026-06-11 08:35:13,31.28,28.42,0.0,NO_PIG,Rising rapidly
2026-06-11 08:35:16,1242.81,29.85,0.0,NO_PIG,Rising rapidly
2026-06-11 08:35:21,31.17,28.2,0.0,NO_PIG,Rising rapidly
2026-06-11 08:35:25,31.21,28.29,0.0,NO_PIG,Rising rapidly
2026-06-11 08:35:29,31.39,28.29,0.0,NO_PIG,Rising rapidly
2026-06-11 08:35:35,31.26,28.16,0.0,NO_PIG,Rising rapidly
2026-06-11 08:35:39,31.44,28.36,0.0,NO_PIG,Rising rapidly
2026-06-11 08:35:43,31.1,28.22,0.0,NO_PIG,Rising rapidly
2026-06-11 08:35:47,31.43,28.36,0.0,NO_PIG,Rising rapidly
2026-06-11 08:35:50,31.49,28.33,0.0,NO_PIG,Rising rapidly
2026-06-11 08:35:55,31.47,28.61,0.0,NO_PIG,Rising rapidly
2026-06-11 08:36:00,31.2,28.09,0.0,NO_PIG,Rising rapidly
2026-06-11 08:36:04,31.44,28.38,0.0,NO_PIG,Rising rapidly
2026-06-11 08:36:08,31.42,28.24,0.0,NO_PIG,Rising rapidly
2026-06-11 08:36:11,31.24,28.2,0.0,NO_PIG,Rising rapidly
2026-06-11 08:36:16,31.35,28.44,0.0,NO_PIG,Rising rapidly
2026-06-11 08:36:23,31.49,28.45,0.0,NO_PIG,Rising rapidly
2026-06-11 08:36:26,31.32,28.31,0.0,NO_PIG,Rising rapidly
2026-06-11 08:36:29,31.18,28.19,0.0,NO_PIG,Rising rapidly
2026-06-11 08:36:33,31.42,28.37,0.0,NO_PIG,Rising rapidly
2026-06-11 08:36:36,31.14,28.25,0.0,NO_PIG,Rising rapidly
2026-06-11 08:36:41,31.5,28.34,0.0,NO_PIG,Rising rapidly
2026-06-11 08:36:44,31.6,28.47,0.0,NO_PIG,Rising rapidly
2026-06-11 08:36:48,31.6,28.57,0.0,NO_PIG,Rising rapidly
2026-06-11 08:36:51,31.32,28.21,0.0,NO_PIG,Rising rapidly
2026-06-11 08:36:55,31.17,28.28,0.0,NO_PIG,Rising rapidly
2026-06-11 08:36:59,31.43,28.48,0.0,NO_PIG,Rising rapidly
2026-06-11 08:37:03,31.41,28.25,0.0,NO_PIG,Rising rapidly
2026-06-11 08:37:07,31.49,28.47,0.0,NO_PIG,Rising rapidly
2026-06-11 08:37:10,31.43,28.35,0.0,NO_PIG,Rising rapidly
2026-06-11 08:37:13,31.48,28.33,0.0,NO_PIG,Rising rapidly
2026-06-11 08:37:17,31.09,28.08,0.0,NO_PIG,Rising rapidly
2026-06-11 08:37:21,31.03,27.94,0.0,NO_PIG,Rising rapidly
2026-06-11 08:37:24,31.02,28.12,0.0,NO_PIG,Rising rapidly
2026-06-11 08:37:28,31.45,28.32,0.0,NO_PIG,Rising rapidly
2026-06-11 08:37:33,31.51,28.52,0.0,NO_PIG,Rising rapidly
2026-06-11 08:37:37,31.25,28.04,0.0,NO_PIG,Rising rapidly
2026-06-11 08:37:41,33.35,28.81,0.0,NO_PIG,Rising rapidly
2026-06-11 08:37:46,31.88,28.79,0.0,NO_PIG,Rising rapidly
2026-06-11 08:37:50,31.22,28.25,0.0,NO_PIG,Rising rapidly
2026-06-11 08:37:56,32.05,28.77,0.0,NO_PIG,Rising rapidly
2026-06-11 08:37:59,31.09,28.19,0.0,NO_PIG,Rising rapidly
2026-06-11 08:38:03,31.61,28.51,0.0,NO_PIG,Rising rapidly
2026-06-11 08:38:09,31.16,28.19,0.0,NO_PIG,Rising rapidly
2026-06-11 08:38:14,31.23,28.21,0.0,NO_PIG,Rising rapidly
2026-06-11 08:38:18,31.37,28.28,0.0,NO_PIG,Rising rapidly
2026-06-11 08:38:21,31.64,28.39,0.0,NO_PIG,Rising rapidly
2026-06-11 08:38:26,31.26,28.21,0.0,NO_PIG,Rising rapidly
2026-06-11 08:38:29,31.11,28.1,0.0,NO_PIG,Rising rapidly
2026-06-11 08:38:33,31.28,28.46,0.0,NO_PIG,Rising rapidly
2026-06-11 08:38:37,31.22,28.39,0.0,NO_PIG,Rising rapidly
2026-06-11 08:38:41,31.44,28.5,0.0,NO_PIG,Rising rapidly
2026-06-11 08:38:46,31.48,28.37,0.0,NO_PIG,Rising rapidly
2026-06-11 08:38:49,30.98,28.16,0.0,NO_PIG,Rising rapidly
2026-06-11 08:38:53,31.22,28.2,0.0,NO_PIG,Rising rapidly
2026-06-11 08:38:56,31.65,28.42,0.0,NO_PIG,Rising rapidly
2026-06-11 08:38:59,31.28,28.41,0.0,NO_PIG,Rising rapidly
2026-06-11 08:39:03,32.94,28.77,0.0,NO_PIG,Rising rapidly
2026-06-11 08:39:07,32.83,28.67,0.0,NO_PIG,Rising rapidly
2026-06-11 08:39:11,31.96,28.41,0.0,NO_PIG,Rising rapidly
2026-06-11 08:39:14,32.19,28.66,0.0,NO_PIG,Rising rapidly
2026-06-11 08:39:19,31.64,28.68,0.0,NO_PIG,Rising rapidly
2026-06-11 08:39:24,31.4,28.5,0.0,NO_PIG,Rising rapidly
2026-06-11 08:39:27,31.35,28.3,0.0,NO_PIG,Rising rapidly
2026-06-11 08:39:30,31.32,28.29,0.0,NO_PIG,Rising rapidly
2026-06-11 08:39:36,31.5,28.31,0.0,NO_PIG,Rising rapidly
2026-06-11 08:39:44,31.72,28.59,0.0,NO_PIG,Rising rapidly
2026-06-11 08:39:47,31.34,28.25,0.0,NO_PIG,Rising rapidly
2026-06-11 08:39:50,31.37,28.28,0.0,NO_PIG,Rising rapidly
2026-06-11 08:39:54,31.56,28.42,0.0,NO_PIG,Rising rapidly
2026-06-11 08:39:58,31.45,28.28,0.0,NO_PIG,Rising rapidly
2026-06-11 08:40:02,31.56,28.47,0.0,NO_PIG,Rising rapidly
2026-06-11 08:40:06,31.76,28.39,0.0,NO_PIG,Rising rapidly
2026-06-11 08:40:09,31.29,28.2,0.0,NO_PIG,Rising rapidly
2026-06-11 08:40:13,31.44,28.36,0.0,NO_PIG,Rising rapidly
2026-06-11 08:40:17,31.34,28.26,0.0,NO_PIG,Rising rapidly
2026-06-11 08:40:21,31.3,28.2,0.0,NO_PIG,Rising rapidly
2026-06-11 08:40:24,31.43,28.26,0.0,NO_PIG,Rising rapidly
2026-06-11 08:40:28,31.54,28.32,0.0,NO_PIG,Rising rapidly
2026-06-11 08:40:31,31.71,28.5,0.0,NO_PIG,Rising rapidly
2026-06-11 08:40:34,31.55,28.24,0.0,NO_PIG,Rising rapidly
2026-06-11 08:40:38,31.68,28.52,0.0,NO_PIG,Rising rapidly
2026-06-11 08:40:43,31.54,28.28,0.0,NO_PIG,Rising rapidly
2026-06-11 08:40:46,31.32,28.04,0.0,NO_PIG,Rising rapidly
2026-06-11 08:40:49,31.51,28.27,0.0,NO_PIG,Rising rapidly
2026-06-11 08:40:53,31.56,28.48,0.0,NO_PIG,Rising rapidly
2026-06-11 08:40:58,31.76,28.39,0.0,NO_PIG,Rising rapidly
2026-06-11 08:41:01,31.41,28.19,0.0,NO_PIG,Rising rapidly
2026-06-11 08:41:05,31.65,28.25,0.0,NO_PIG,Rising rapidly
2026-06-11 08:41:08,31.68,28.37,0.0,NO_PIG,Rising rapidly
2026-06-11 08:41:11,31.24,28.07,0.0,NO_PIG,Rising rapidly
2026-06-11 08:41:18,31.62,28.42,0.0,NO_PIG,Rising rapidly
2026-06-11 08:41:21,31.63,28.44,0.0,NO_PIG,Rising rapidly
2026-06-11 08:41:25,31.56,28.4,0.0,NO_PIG,Rising rapidly
2026-06-11 08:41:28,31.82,28.31,0.0,NO_PIG,Rising rapidly
2026-06-11 08:41:36,31.52,28.3,0.0,NO_PIG,Rising rapidly
2026-06-11 08:41:40,31.48,28.25,0.0,NO_PIG,Rising rapidly
2026-06-11 08:41:44,32.59,28.39,0.0,NO_PIG,Rising rapidly
2026-06-11 08:41:47,31.86,28.54,0.0,NO_PIG,Rising rapidly
2026-06-11 08:41:52,31.76,28.57,0.0,NO_PIG,Rising rapidly
2026-06-11 08:41:57,31.76,28.4,0.0,NO_PIG,Rising rapidly
2026-06-11 08:42:01,31.5,28.52,0.0,NO_PIG,Rising rapidly
2026-06-11 08:42:05,33.49,28.64,0.0,NO_PIG,Rising rapidly
2026-06-11 08:42:10,31.82,28.64,0.0,NO_PIG,Rising rapidly
2026-06-11 08:42:17,33.94,28.68,0.0,NO_PIG,Rising rapidly
2026-06-11 08:42:21,31.53,28.24,0.0,NO_PIG,Rising rapidly
2026-06-11 08:42:25,32.01,28.83,0.0,NO_PIG,Rising rapidly
2026-06-11 08:42:28,32.05,28.57,0.0,NO_PIG,Rising rapidly
2026-06-11 08:42:33,31.79,28.55,0.0,NO_PIG,Rising rapidly
2026-06-11 08:42:37,31.6,28.46,0.0,NO_PIG,Rising rapidly
2026-06-11 08:42:41,31.6,28.46,0.0,NO_PIG,Rising rapidly
2026-06-11 08:42:46,31.69,28.41,0.0,NO_PIG,Rising rapidly
2026-06-11 08:42:51,31.91,28.6,0.0,NO_PIG,Rising rapidly
2026-06-11 08:42:54,32.23,28.43,0.0,NO_PIG,Rising rapidly
2026-06-11 08:42:58,31.74,28.55,0.0,NO_PIG,Rising rapidly
2026-06-11 08:43:02,32.51,28.73,0.0,NO_PIG,Rising rapidly
2026-06-11 08:43:05,31.62,28.49,0.0,NO_PIG,Rising rapidly
2026-06-11 08:43:09,31.65,28.55,0.0,NO_PIG,Rising rapidly
2026-06-11 08:43:14,31.55,28.38,0.0,NO_PIG,Rising rapidly
2026-06-11 08:43:18,31.62,28.46,0.0,NO_PIG,Rising rapidly
2026-06-11 08:43:22,31.68,28.49,0.0,NO_PIG,Rising rapidly
2026-06-11 08:43:27,31.78,28.32,0.0,NO_PIG,Rising rapidly
2026-06-11 08:43:31,31.55,28.27,0.0,NO_PIG,Rising rapidly
2026-06-11 08:43:35,31.63,28.25,0.0,NO_PIG,Rising rapidly
2026-06-11 08:43:38,31.4,28.32,0.0,NO_PIG,Rising rapidly
2026-06-11 08:43:43,31.88,28.5,0.0,NO_PIG,Rising rapidly
2026-06-11 08:43:47,31.61,28.35,0.0,NO_PIG,Rising rapidly
2026-06-11 08:43:52,31.58,28.23,0.0,NO_PIG,Rising rapidly
2026-06-11 08:43:55,31.48,28.31,0.0,NO_PIG,Rising rapidly
2026-06-11 08:44:01,31.76,28.47,0.0,NO_PIG,Rising rapidly
2026-06-11 08:44:05,31.69,28.37,0.0,NO_PIG,Rising rapidly
2026-06-11 08:44:10,31.71,28.33,0.0,NO_PIG,Rising rapidly
2026-06-11 08:44:16,31.3,28.15,0.0,NO_PIG,Rising rapidly
2026-06-11 08:44:21,31.76,28.5,0.0,NO_PIG,Rising rapidly
2026-06-11 08:44:25,31.93,28.54,0.0,NO_PIG,Rising rapidly
2026-06-11 08:44:30,31.61,28.34,0.0,NO_PIG,Rising rapidly
2026-06-11 08:44:38,31.72,28.65,0.0,NO_PIG,Rising rapidly
2026-06-11 08:44:43,31.48,28.22,0.0,NO_PIG,Rising rapidly
2026-06-11 08:44:50,31.62,28.42,0.0,NO_PIG,Rising rapidly
2026-06-11 08:44:53,31.93,28.46,0.0,NO_PIG,Rising rapidly
2026-06-11 08:44:57,31.63,28.38,0.0,NO_PIG,Rising rapidly
2026-06-11 08:45:03,31.5,28.22,0.0,NO_PIG,Rising rapidly
2026-06-11 08:45:06,31.44,28.27,0.0,NO_PIG,Rising rapidly
2026-06-11 08:45:11,31.61,28.36,0.0,NO_PIG,Rising rapidly
2026-06-11 08:45:14,31.83,28.39,0.0,NO_PIG,Rising rapidly
2026-06-11 08:45:19,31.7,28.4,0.0,NO_PIG,Rising rapidly
2026-06-11 08:45:25,31.98,28.47,0.0,NO_PIG,Rising rapidly
2026-06-11 08:45:34,31.76,28.47,0.0,NO_PIG,Rising rapidly
2026-06-11 08:45:38,31.5,28.43,0.0,NO_PIG,Rising rapidly
2026-06-11 08:45:43,31.61,28.38,0.0,NO_PIG,Rising rapidly
2026-06-11 08:45:47,31.59,28.47,0.0,NO_PIG,Rising rapidly
2026-06-11 08:45:51,31.51,28.38,0.0,NO_PIG,Rising rapidly
2026-06-11 08:46:02,31.86,28.56,0.0,NO_PIG,Rising rapidly
2026-06-11 08:46:06,31.69,28.45,0.0,NO_PIG,Rising rapidly
2026-06-11 08:46:10,31.48,28.38,0.0,NO_PIG,Rising rapidly
2026-06-11 08:46:16,31.34,28.33,0.0,NO_PIG,Rising rapidly
2026-06-11 08:46:21,31.45,28.27,0.0,NO_PIG,Rising rapidly
2026-06-11 08:46:25,31.65,28.54,0.0,NO_PIG,Rising rapidly
2026-06-11 08:46:34,31.75,28.6,0.0,NO_PIG,Rising rapidly
2026-06-11 08:46:43,31.55,28.54,0.0,NO_PIG,Rising rapidly
2026-06-11 08:46:53,31.55,28.53,0.0,NO_PIG,Rising rapidly
2026-06-11 08:47:05,31.74,28.54,0.0,NO_PIG,Rising rapidly
2026-06-11 08:47:11,31.75,28.65,0.0,NO_PIG,Rising rapidly
2026-06-11 08:47:17,31.53,28.72,0.0,NO_PIG,Rising rapidly
2026-06-11 08:47:24,31.52,28.59,0.0,NO_PIG,Rising rapidly
2026-06-11 08:47:28,31.5,28.75,0.0,NO_PIG,Rising rapidly
2026-06-11 08:47:34,31.52,28.65,0.0,NO_PIG,Rising rapidly
2026-06-11 08:47:37,31.17,28.35,0.0,NO_PIG,Rising rapidly
2026-06-11 08:47:41,31.33,28.49,0.0,NO_PIG,Rising rapidly
2026-06-11 08:47:45,31.01,28.21,0.0,NO_PIG,Rising rapidly
2026-06-11 08:47:51,31.08,28.35,0.0,NO_PIG,Rising rapidly
2026-06-11 08:47:59,30.9,28.08,0.0,NO_PIG,Rising rapidly
2026-06-11 08:48:04,31.25,28.47,0.0,NO_PIG,Rising rapidly
2026-06-11 08:48:08,30.88,28.17,0.0,NO_PIG,Rising rapidly
2026-06-11 08:48:13,31.42,28.54,0.0,NO_PIG,Rising rapidly
2026-06-11 08:48:20,31.09,28.31,0.0,NO_PIG,Rising rapidly
2026-06-11 08:48:28,31.28,28.42,0.0,NO_PIG,Rising rapidly
2026-06-11 08:48:33,31.32,28.59,0.0,NO_PIG,Rising rapidly
2026-06-11 08:48:39,31.52,28.79,0.0,NO_PIG,Rising rapidly
2026-06-11 08:48:42,31.39,28.5,0.0,NO_PIG,Rising rapidly
2026-06-11 08:48:45,31.46,28.51,0.0,NO_PIG,Rising rapidly
2026-06-11 08:48:49,31.57,28.81,0.0,NO_PIG,Rising rapidly
2026-06-11 08:48:52,31.66,28.79,0.0,NO_PIG,Rising rapidly
2026-06-11 08:48:57,31.53,28.75,0.0,NO_PIG,Rising rapidly
2026-06-11 08:49:01,31.77,28.74,0.0,NO_PIG,Rising rapidly
2026-06-11 08:49:04,31.81,28.89,0.0,NO_PIG,Rising rapidly
2026-06-11 08:49:08,31.4,28.54,0.0,NO_PIG,Rising rapidly
2026-06-11 08:49:13,31.46,28.51,0.0,NO_PIG,Rising rapidly
2026-06-11 08:49:18,31.4,28.49,0.0,NO_PIG,Rising rapidly
2026-06-11 08:49:23,31.62,28.73,0.0,NO_PIG,Rising rapidly
2026-06-11 08:49:26,31.87,28.78,0.0,NO_PIG,Rising rapidly
2026-06-11 08:49:31,32.03,29.0,0.0,NO_PIG,Rising rapidly
2026-06-11 08:49:38,31.68,28.61,0.0,NO_PIG,Rising rapidly
2026-06-11 08:49:43,31.77,28.8,0.0,NO_PIG,Rising rapidly
2026-06-11 08:49:46,31.81,28.85,0.0,NO_PIG,Rising rapidly
2026-06-11 08:49:49,31.91,28.72,0.0,NO_PIG,Rising rapidly
2026-06-11 08:49:54,31.86,28.83,0.0,NO_PIG,Rising rapidly
2026-06-11 08:49:58,31.86,28.66,0.0,NO_PIG,Rising rapidly
2026-06-11 08:50:01,31.71,28.59,0.0,NO_PIG,Rising rapidly
2026-06-11 08:50:04,31.68,28.65,0.0,NO_PIG,Rising rapidly
2026-06-11 08:50:08,31.94,28.77,0.0,NO_PIG,Rising rapidly
2026-06-11 08:50:15,31.68,28.56,0.0,NO_PIG,Rising rapidly
2026-06-11 08:50:19,32.11,28.85,0.0,NO_PIG,Rising rapidly
2026-06-11 08:50:23,32.06,28.75,0.0,NO_PIG,Rising rapidly
2026-06-11 08:50:26,31.92,28.84,0.0,NO_PIG,Rising rapidly
2026-06-11 08:50:31,31.85,28.65,0.0,NO_PIG,Rising rapidly
2026-06-11 08:50:35,32.09,28.87,0.0,NO_PIG,Rising rapidly
2026-06-11 08:50:38,32.09,28.71,0.0,NO_PIG,Rising rapidly
2026-06-11 08:50:43,32.39,29.05,0.0,NO_PIG,Rising rapidly
2026-06-11 08:50:49,31.95,28.78,0.0,NO_PIG,Rising rapidly
2026-06-11 08:50:52,32.33,28.74,0.0,NO_PIG,Rising rapidly
2026-06-11 08:50:55,31.93,28.85,0.0,NO_PIG,Rising rapidly
2026-06-11 08:50:59,31.74,28.56,0.0,NO_PIG,Rising rapidly
2026-06-11 08:51:02,31.95,28.45,0.0,NO_PIG,Rising rapidly
2026-06-11 08:51:07,31.87,28.72,0.0,NO_PIG,Rising rapidly
2026-06-11 08:51:10,31.94,28.51,0.0,NO_PIG,Rising rapidly
2026-06-11 08:51:14,31.74,28.47,0.0,NO_PIG,Rising rapidly
2026-06-11 08:51:17,31.92,28.41,0.0,NO_PIG,Rising rapidly
2026-06-11 08:51:22,31.85,28.78,0.0,NO_PIG,Rising rapidly
2026-06-11 08:51:27,31.7,28.46,0.0,NO_PIG,Rising rapidly
2026-06-11 08:51:33,32.3,28.96,0.0,NO_PIG,Rising rapidly
2026-06-11 08:51:40,32.05,28.7,0.0,NO_PIG,Rising rapidly
2026-06-11 08:51:44,31.98,28.67,0.0,NO_PIG,Rising rapidly
2026-06-11 08:51:48,31.84,28.59,0.0,NO_PIG,Rising rapidly
2026-06-11 08:51:55,31.77,28.49,0.0,NO_PIG,Rising rapidly
2026-06-11 08:51:59,31.91,28.66,0.0,NO_PIG,Rising rapidly
2026-06-11 08:52:05,32.03,28.7,0.0,NO_PIG,Rising rapidly
2026-06-11 08:52:12,31.68,28.42,0.0,NO_PIG,Rising rapidly
2026-06-11 08:52:18,31.75,28.48,0.0,NO_PIG,Rising rapidly
2026-06-11 08:52:23,31.78,28.51,0.0,NO_PIG,Rising rapidly
2026-06-11 08:52:27,31.91,28.59,0.0,NO_PIG,Rising rapidly
2026-06-11 08:52:32,31.79,28.53,0.0,NO_PIG,Rising rapidly
2026-06-11 08:52:35,32.03,28.83,0.0,NO_PIG,Rising rapidly
2026-06-11 08:52:43,32.3,29.01,0.0,NO_PIG,Rising rapidly
2026-06-11 08:52:46,32.39,28.89,0.0,NO_PIG,Rising rapidly
2026-06-11 08:52:50,32.53,29.28,0.0,NO_PIG,Rising rapidly
2026-06-11 08:52:53,32.12,28.85,0.0,NO_PIG,Rising rapidly
2026-06-11 08:52:57,32.14,28.92,0.0,NO_PIG,Rising rapidly
2026-06-11 08:53:00,31.97,28.7,0.0,NO_PIG,Rising rapidly
2026-06-11 08:53:04,32.23,28.84,0.0,NO_PIG,Rising rapidly
2026-06-11 08:53:08,31.9,28.66,0.0,NO_PIG,Rising rapidly
2026-06-11 08:53:11,32.25,29.01,0.0,NO_PIG,Rising rapidly
2026-06-11 08:53:15,32.37,29.04,0.0,NO_PIG,Rising rapidly
2026-06-11 08:53:19,32.38,29.1,0.0,NO_PIG,Rising rapidly
2026-06-11 08:53:22,32.03,28.6,0.0,NO_PIG,Rising rapidly
2026-06-11 08:53:25,32.04,28.56,0.0,NO_PIG,Rising rapidly
2026-06-11 08:53:29,32.23,28.68,0.0,NO_PIG,Rising rapidly
2026-06-11 08:53:33,32.08,28.66,0.0,NO_PIG,Rising rapidly
2026-06-11 08:53:37,31.78,28.41,0.0,NO_PIG,Rising rapidly
2026-06-11 08:53:41,32.0,28.54,0.0,NO_PIG,Rising rapidly
2026-06-11 08:53:45,32.13,28.67,0.0,NO_PIG,Rising rapidly
2026-06-11 08:53:50,31.79,28.53,0.0,NO_PIG,Rising rapidly
2026-06-11 08:53:56,31.92,28.47,0.0,NO_PIG,Rising rapidly
2026-06-11 08:54:01,32.16,28.54,0.0,NO_PIG,Rising rapidly
2026-06-11 08:54:05,31.86,28.29,0.0,NO_PIG,Rising rapidly
2026-06-11 08:54:11,32.05,28.61,0.0,NO_PIG,Rising rapidly
2026-06-11 08:54:21,32.22,28.46,0.0,NO_PIG,Rising rapidly
2026-06-11 08:54:24,32.19,28.61,0.0,NO_PIG,Rising rapidly
2026-06-11 08:54:29,32.3,28.66,0.0,NO_PIG,Rising rapidly
2026-06-11 08:54:36,32.09,28.5,0.0,NO_PIG,Rising rapidly
2026-06-11 08:54:40,31.87,28.36,0.0,NO_PIG,Rising rapidly
2026-06-11 08:54:43,32.39,28.67,0.0,NO_PIG,Rising rapidly
2026-06-11 08:54:47,31.99,28.45,0.0,NO_PIG,Rising rapidly
2026-06-11 08:54:50,32.33,28.57,0.0,NO_PIG,Rising rapidly
2026-06-11 08:54:53,32.61,28.9,0.0,NO_PIG,Rising rapidly
2026-06-11 08:54:59,32.02,28.46,0.0,NO_PIG,Rising rapidly
2026-06-11 08:55:03,32.36,28.71,0.0,NO_PIG,Rising rapidly
2026-06-11 08:55:06,32.41,28.73,0.0,NO_PIG,Rising rapidly
2026-06-11 08:55:10,32.75,28.83,0.0,NO_PIG,Rising rapidly
2026-06-11 08:55:13,32.54,28.76,0.0,NO_PIG,Rising rapidly
2026-06-11 08:55:18,32.13,28.49,0.0,NO_PIG,Rising rapidly
2026-06-11 08:55:21,32.05,28.65,0.0,NO_PIG,Rising rapidly
2026-06-11 08:55:25,32.38,28.63,0.0,NO_PIG,Rising rapidly
2026-06-11 08:55:30,32.17,28.64,0.0,NO_PIG,Rising rapidly
2026-06-11 08:55:36,32.29,28.65,0.0,NO_PIG,Rising rapidly
2026-06-11 08:55:39,32.28,28.69,0.0,NO_PIG,Rising rapidly
2026-06-11 08:55:43,32.19,28.56,0.0,NO_PIG,Rising rapidly
2026-06-11 08:55:46,32.56,28.75,0.0,NO_PIG,Rising rapidly
2026-06-11 08:55:52,32.32,28.64,0.0,NO_PIG,Rising rapidly
2026-06-11 08:56:01,32.22,28.66,0.0,NO_PIG,Rising rapidly
2026-06-11 08:56:04,32.39,28.79,0.0,NO_PIG,Rising rapidly
2026-06-11 08:56:08,32.28,28.83,0.0,NO_PIG,Rising rapidly
2026-06-11 08:56:12,32.07,28.64,0.0,NO_PIG,Rising rapidly
2026-06-11 08:56:16,32.2,28.69,0.0,NO_PIG,Rising rapidly
2026-06-11 08:56:20,32.41,28.94,0.0,NO_PIG,Rising rapidly
2026-06-11 08:56:24,32.43,28.71,0.0,NO_PIG,Rising rapidly
2026-06-11 08:56:27,32.12,28.6,0.0,NO_PIG,Rising rapidly
2026-06-11 08:56:30,32.14,28.74,0.0,NO_PIG,Rising rapidly
2026-06-11 08:56:38,32.46,28.66,0.0,NO_PIG,Rising rapidly
2026-06-11 08:56:41,32.2,28.64,0.0,NO_PIG,Rising rapidly
2026-06-11 08:56:45,31.98,28.51,0.0,NO_PIG,Rising rapidly
2026-06-11 08:56:49,32.4,28.76,0.0,NO_PIG,Rising rapidly
2026-06-11 08:56:53,32.53,28.75,0.0,NO_PIG,Rising rapidly
2026-06-11 08:56:57,32.4,28.67,0.0,NO_PIG,Rising rapidly
2026-06-11 08:57:00,32.57,28.72,0.0,NO_PIG,Rising rapidly
2026-06-11 08:57:04,32.36,28.83,0.0,NO_PIG,Rising rapidly
2026-06-11 08:57:08,32.31,28.57,0.0,NO_PIG,Rising rapidly
2026-06-11 08:57:13,32.4,28.69,0.0,NO_PIG,Rising rapidly
2026-06-11 08:57:19,32.31,28.73,0.0,NO_PIG,Rising rapidly
2026-06-11 08:57:22,32.49,28.88,0.0,NO_PIG,Rising rapidly
2026-06-11 08:57:26,32.79,28.89,0.0,NO_PIG,Rising rapidly
2026-06-11 08:57:32,32.38,28.81,0.0,NO_PIG,Rising rapidly
2026-06-11 08:57:35,32.29,28.61,0.0,NO_PIG,Rising rapidly
2026-06-11 08:57:39,32.72,29.15,0.0,NO_PIG,Rising rapidly
2026-06-11 08:57:42,32.51,28.81,0.0,NO_PIG,Rising rapidly
2026-06-11 08:57:48,32.42,28.83,0.0,NO_PIG,Rising rapidly
2026-06-11 08:57:51,32.59,29.04,0.0,NO_PIG,Rising rapidly
2026-06-11 08:57:55,33.04,29.24,0.0,NO_PIG,Rising rapidly
2026-06-11 08:57:58,32.46,28.79,0.0,NO_PIG,Rising rapidly
2026-06-11 08:58:02,32.79,29.07,0.0,NO_PIG,Rising rapidly
2026-06-11 08:58:08,32.61,28.88,0.0,NO_PIG,Rising rapidly
2026-06-11 08:58:12,32.41,28.84,0.0,NO_PIG,Rising rapidly
2026-06-11 08:58:15,32.57,28.98,0.0,NO_PIG,Rising rapidly
2026-06-11 08:58:18,32.56,28.99,0.0,NO_PIG,Rising rapidly
2026-06-11 08:58:22,32.44,28.85,0.0,NO_PIG,Rising rapidly
2026-06-11 08:58:26,32.71,29.16,0.0,NO_PIG,Rising rapidly
2026-06-11 08:58:29,32.88,29.35,0.0,NO_PIG,Rising rapidly
2026-06-11 08:58:33,33.05,29.4,0.0,NO_PIG,Rising rapidly
2026-06-11 08:58:38,32.69,28.96,0.0,NO_PIG,Rising rapidly
2026-06-11 08:58:43,32.4,28.84,0.0,NO_PIG,Rising rapidly
2026-06-11 08:58:47,33.11,29.16,0.0,NO_PIG,Rising rapidly
2026-06-11 08:58:52,32.48,28.96,0.0,NO_PIG,Rising rapidly
2026-06-11 08:58:56,32.67,29.08,0.0,NO_PIG,Rising rapidly
2026-06-11 08:59:01,32.76,29.14,0.0,NO_PIG,Rising rapidly
2026-06-11 08:59:04,32.63,29.0,0.0,NO_PIG,Rising rapidly
2026-06-11 08:59:09,33.18,29.24,0.0,NO_PIG,Rising rapidly
2026-06-11 08:59:13,32.98,29.17,0.0,NO_PIG,Rising rapidly
2026-06-11 08:59:19,32.88,29.58,0.0,NO_PIG,Rising rapidly
2026-06-11 08:59:25,33.85,29.67,0.0,NO_PIG,Rising rapidly
2026-06-11 08:59:28,32.82,29.4,0.0,NO_PIG,Rising rapidly
2026-06-11 08:59:35,33.43,29.71,0.0,NO_PIG,Rising rapidly
2026-06-11 08:59:40,32.72,29.33,0.0,NO_PIG,Rising rapidly
2026-06-11 08:59:43,32.91,29.34,0.0,NO_PIG,Rising rapidly
2026-06-11 08:59:47,32.85,29.31,0.0,NO_PIG,Rising rapidly
2026-06-11 08:59:51,34.53,29.83,0.0,NO_PIG,Rising rapidly
2026-06-11 08:59:54,34.13,29.51,0.0,NO_PIG,Rising rapidly
2026-06-11 08:59:58,33.24,29.35,0.0,NO_PIG,Rising rapidly
2026-06-11 09:00:02,34.67,29.94,0.0,NO_PIG,Rising rapidly
2026-06-11 09:00:05,34.12,29.59,0.0,NO_PIG,Rising rapidly
2026-06-11 09:00:08,32.88,29.36,0.0,NO_PIG,Rising rapidly
2026-06-11 09:00:12,34.15,29.44,0.0,NO_PIG,Rising rapidly
2026-06-11 09:00:20,32.91,29.23,0.0,NO_PIG,Rising rapidly
2026-06-11 09:00:24,32.89,29.05,0.0,NO_PIG,Rising rapidly
2026-06-11 09:00:28,32.45,28.86,0.0,NO_PIG,Rising rapidly
2026-06-11 09:00:36,33.91,29.73,0.0,NO_PIG,Rising rapidly
2026-06-11 09:00:40,32.89,29.0,0.0,NO_PIG,Rising rapidly
2026-06-11 09:00:44,32.65,28.71,0.0,NO_PIG,Rising rapidly
2026-06-11 09:00:47,32.56,28.81,0.0,NO_PIG,Rising rapidly
2026-06-11 09:00:50,32.48,28.72,0.0,NO_PIG,Rising rapidly
2026-06-11 09:00:54,32.58,28.89,0.0,NO_PIG,Rising rapidly
2026-06-11 09:00:59,32.63,28.98,0.0,NO_PIG,Rising rapidly
2026-06-11 09:01:02,32.74,28.86,0.0,NO_PIG,Rising rapidly
2026-06-11 09:01:06,32.65,28.84,0.0,NO_PIG,Rising rapidly
2026-06-11 09:01:09,32.79,28.9,0.0,NO_PIG,Rising rapidly
2026-06-11 09:01:18,32.78,28.95,0.0,NO_PIG,Rising rapidly
2026-06-11 09:01:27,32.57,28.99,0.0,NO_PIG,Rising rapidly
2026-06-11 09:01:35,32.95,28.89,0.0,NO_PIG,Rising rapidly
2026-06-11 09:01:46,32.5,28.69,0.0,NO_PIG,Rising rapidly
2026-06-11 09:01:55,32.6,28.69,0.0,NO_PIG,Rising rapidly
2026-06-11 09:02:00,32.84,29.19,0.0,NO_PIG,Rising rapidly
2026-06-11 09:02:03,32.83,29.14,0.0,NO_PIG,Rising rapidly
2026-06-11 09:02:10,32.32,28.93,0.0,NO_PIG,Rising rapidly
2026-06-11 09:02:13,32.6,28.96,0.0,NO_PIG,Rising rapidly
2026-06-11 09:02:18,32.57,28.89,0.0,NO_PIG,Rising rapidly
2026-06-11 09:02:21,32.71,28.81,0.0,NO_PIG,Rising rapidly
2026-06-11 09:02:26,32.88,28.95,0.0,NO_PIG,Rising rapidly
2026-06-11 09:02:30,32.55,28.97,0.0,NO_PIG,Rising rapidly
2026-06-11 09:02:37,32.56,28.78,0.0,NO_PIG,Rising rapidly
2026-06-11 09:02:43,32.64,29.05,0.0,NO_PIG,Rising rapidly
2026-06-11 09:02:46,32.57,28.77,0.0,NO_PIG,Rising rapidly
2026-06-11 09:02:50,33.48,29.41,0.0,NO_PIG,Rising rapidly
2026-06-11 09:02:54,32.6,28.89,0.0,NO_PIG,Rising rapidly
2026-06-11 09:02:59,32.35,28.74,0.0,NO_PIG,Rising rapidly
2026-06-11 09:03:03,32.72,28.93,0.0,NO_PIG,Rising rapidly
2026-06-11 09:03:06,32.44,28.79,0.0,NO_PIG,Rising rapidly
2026-06-11 09:03:12,32.76,29.14,0.0,NO_PIG,Rising rapidly
2026-06-11 09:03:15,32.67,28.75,0.0,NO_PIG,Rising rapidly
2026-06-11 09:03:20,32.35,28.7,0.0,NO_PIG,Rising rapidly
2026-06-11 09:03:24,32.64,28.98,0.0,NO_PIG,Rising rapidly
2026-06-11 09:03:29,32.45,28.67,0.0,NO_PIG,Rising rapidly
2026-06-11 09:03:32,32.86,29.03,0.0,NO_PIG,Rising rapidly
2026-06-11 09:03:39,32.73,29.11,0.0,NO_PIG,Rising rapidly
2026-06-11 09:03:42,32.65,28.89,0.0,NO_PIG,Rising rapidly
2026-06-11 09:03:48,32.76,29.05,0.0,NO_PIG,Rising rapidly
2026-06-11 09:03:51,32.53,28.82,0.0,NO_PIG,Rising rapidly
2026-06-11 09:03:55,33.01,29.09,0.0,NO_PIG,Rising rapidly
2026-06-11 09:03:59,32.81,28.93,0.0,NO_PIG,Rising rapidly
2026-06-11 09:04:08,32.92,29.2,0.0,NO_PIG,Rising rapidly
2026-06-11 09:04:15,32.98,29.18,0.0,NO_PIG,Rising rapidly
2026-06-11 09:04:19,33.36,29.64,0.0,NO_PIG,Rising rapidly
2026-06-11 09:04:23,33.1,29.05,0.0,NO_PIG,Rising rapidly
2026-06-11 09:04:33,33.66,29.63,0.0,NO_PIG,Rising rapidly
2026-06-11 09:04:36,33.25,29.41,0.0,NO_PIG,Rising rapidly
2026-06-11 09:04:40,32.8,29.03,0.0,NO_PIG,Rising rapidly
2026-06-11 09:04:45,32.91,29.08,0.0,NO_PIG,Rising rapidly
2026-06-11 09:04:54,33.07,29.09,0.0,NO_PIG,Rising rapidly
2026-06-11 09:04:58,33.33,29.33,0.0,NO_PIG,Rising rapidly
2026-06-11 09:05:02,33.09,29.18,0.0,NO_PIG,Rising rapidly
2026-06-11 09:05:10,33.46,29.36,0.0,NO_PIG,Rising rapidly
2026-06-11 09:05:22,33.0,29.03,0.0,NO_PIG,Rising rapidly
2026-06-11 09:05:30,32.84,28.86,0.0,NO_PIG,Rising rapidly
2026-06-11 09:05:42,32.8,28.84,0.0,NO_PIG,Rising rapidly
2026-06-11 09:05:46,33.13,29.01,0.0,NO_PIG,Rising rapidly
2026-06-11 09:05:51,32.99,28.95,0.0,NO_PIG,Rising rapidly
2026-06-11 09:05:57,33.06,28.99,0.0,NO_PIG,Rising rapidly
2026-06-11 09:06:01,33.09,28.98,0.0,NO_PIG,Rising rapidly
2026-06-11 09:06:05,32.93,28.87,0.0,NO_PIG,Rising rapidly
2026-06-11 09:06:08,32.62,28.69,0.0,NO_PIG,Rising rapidly
2026-06-11 09:06:15,32.92,29.07,0.0,NO_PIG,Rising rapidly
2026-06-11 09:06:19,32.82,29.04,0.0,NO_PIG,Rising rapidly
2026-06-11 09:06:25,33.06,29.05,0.0,NO_PIG,Rising rapidly
2026-06-11 09:06:33,32.81,29.03,0.0,NO_PIG,Rising rapidly
2026-06-11 09:06:38,33.23,28.96,0.0,NO_PIG,Rising rapidly
2026-06-11 09:06:41,32.93,29.06,0.0,NO_PIG,Rising rapidly
2026-06-11 09:06:47,32.94,29.07,0.0,NO_PIG,Rising rapidly
2026-06-11 09:06:50,32.77,28.85,0.0,NO_PIG,Rising rapidly
2026-06-11 09:06:58,33.07,29.17,0.0,NO_PIG,Rising rapidly
2026-06-11 09:07:01,32.83,28.98,0.0,NO_PIG,Rising rapidly
2026-06-11 09:07:04,32.99,29.1,0.0,NO_PIG,Rising rapidly
2026-06-11 09:07:11,32.87,28.99,0.0,NO_PIG,Rising rapidly
2026-06-11 09:07:16,33.16,29.18,0.0,NO_PIG,Rising rapidly
2026-06-11 09:07:21,33.24,29.21,0.0,NO_PIG,Rising rapidly
2026-06-11 09:07:24,32.88,28.87,0.0,NO_PIG,Rising rapidly
2026-06-11 09:07:27,32.85,28.9,0.0,NO_PIG,Rising rapidly
2026-06-11 09:07:34,33.37,29.02,0.0,NO_PIG,Rising rapidly
2026-06-11 09:07:39,32.75,28.89,0.0,NO_PIG,Rising rapidly
2026-06-11 09:07:42,32.86,28.85,0.0,NO_PIG,Rising rapidly
2026-06-11 09:07:46,32.95,29.11,0.0,NO_PIG,Rising rapidly
2026-06-11 09:07:50,33.23,29.26,0.0,NO_PIG,Rising rapidly
2026-06-11 09:07:54,33.16,29.02,0.0,NO_PIG,Rising rapidly
2026-06-11 09:07:57,33.07,29.07,0.0,NO_PIG,Rising rapidly
2026-06-11 09:08:01,32.94,28.93,0.0,NO_PIG,Rising rapidly
2026-06-11 09:08:04,32.73,28.81,0.0,NO_PIG,Rising rapidly
2026-06-11 09:08:09,33.03,28.88,0.0,NO_PIG,Rising rapidly
2026-06-11 09:08:13,32.84,28.8,0.0,NO_PIG,Rising rapidly
2026-06-11 09:08:18,32.66,28.77,0.0,NO_PIG,Rising rapidly
2026-06-11 09:08:21,33.13,29.12,0.0,NO_PIG,Rising rapidly
2026-06-11 09:08:26,33.15,29.1,0.0,NO_PIG,Rising rapidly
2026-06-11 09:08:30,33.15,29.17,0.0,NO_PIG,Rising rapidly
2026-06-11 09:08:33,33.21,29.16,0.0,NO_PIG,Rising rapidly
2026-06-11 09:08:39,33.22,29.17,0.0,NO_PIG,Rising rapidly
2026-06-11 09:08:46,33.06,28.92,0.0,NO_PIG,Rising rapidly
2026-06-11 09:08:49,32.95,28.97,0.0,NO_PIG,Rising rapidly
2026-06-11 09:08:53,33.0,29.09,0.0,NO_PIG,Rising rapidly
2026-06-11 09:09:02,32.8,28.86,0.0,NO_PIG,Rising rapidly
2026-06-11 09:09:11,32.74,28.86,0.0,NO_PIG,Rising rapidly
2026-06-11 09:09:16,33.03,29.14,0.0,NO_PIG,Rising rapidly
2026-06-11 09:09:19,33.08,29.1,0.0,NO_PIG,Rising rapidly
2026-06-11 09:09:22,32.89,29.12,0.0,NO_PIG,Rising rapidly
2026-06-11 09:09:25,32.89,28.99,0.0,NO_PIG,Rising rapidly
2026-06-11 09:09:31,33.14,29.32,0.0,NO_PIG,Rising rapidly
2026-06-11 09:09:35,33.16,29.46,0.0,NO_PIG,Rising rapidly
2026-06-11 09:09:38,33.03,29.15,0.0,NO_PIG,Rising rapidly
2026-06-11 09:09:43,33.25,29.44,0.0,NO_PIG,Rising rapidly
2026-06-11 09:09:48,33.06,29.42,0.0,NO_PIG,Rising rapidly
2026-06-11 09:09:52,33.0,29.15,0.0,NO_PIG,Rising rapidly
2026-06-11 09:09:56,33.87,29.32,0.0,NO_PIG,Rising rapidly
2026-06-11 09:09:59,32.62,29.05,0.0,NO_PIG,Rising rapidly
2026-06-11 09:10:02,32.82,29.12,0.0,NO_PIG,Rising rapidly
2026-06-11 09:10:08,32.98,29.24,0.0,NO_PIG,Rising rapidly
2026-06-11 09:10:11,32.8,29.02,0.0,NO_PIG,Rising rapidly
2026-06-11 09:10:16,32.92,29.16,0.0,NO_PIG,Rising rapidly
2026-06-11 09:10:20,33.4,29.45,0.0,NO_PIG,Rising rapidly
2026-06-11 09:10:24,33.02,29.09,0.0,NO_PIG,Rising rapidly
2026-06-11 09:10:28,32.76,28.84,0.0,NO_PIG,Rising rapidly
2026-06-11 09:10:32,33.19,29.28,0.0,NO_PIG,Rising rapidly
2026-06-11 09:10:37,32.8,28.94,0.0,NO_PIG,Rising rapidly
2026-06-11 09:10:41,32.78,28.91,0.0,NO_PIG,Rising rapidly
2026-06-11 09:10:45,33.08,29.01,0.0,NO_PIG,Rising rapidly
2026-06-11 09:10:48,32.91,29.05,0.0,NO_PIG,Rising rapidly
2026-06-11 09:10:52,32.66,28.9,0.0,NO_PIG,Rising rapidly
2026-06-11 09:11:00,33.12,29.28,0.0,NO_PIG,Rising rapidly
2026-06-11 09:11:10,32.95,28.95,0.0,NO_PIG,Rising rapidly
2026-06-11 09:11:18,32.71,29.03,0.0,NO_PIG,Rising rapidly
2026-06-11 09:11:32,32.8,28.98,0.0,NO_PIG,Rising rapidly
2026-06-11 09:11:36,32.98,29.09,0.0,NO_PIG,Rising rapidly
2026-06-11 09:11:39,32.68,28.89,0.0,NO_PIG,Rising rapidly
2026-06-11 09:11:42,32.87,28.96,0.0,NO_PIG,Rising rapidly
2026-06-11 09:11:47,32.71,28.9,0.0,NO_PIG,Rising rapidly
2026-06-11 09:13:46,32.76,29.0,0.0,NO_PIG,Collecting data...
2026-06-11 09:13:51,33.17,29.4,0.0,NO_PIG,Collecting data...
2026-06-11 09:13:54,32.78,28.99,0.0,NO_PIG,Collecting data...
2026-06-11 09:14:01,32.78,29.11,0.0,NO_PIG,Collecting data...
2026-06-11 09:14:06,33.05,29.19,0.0,NO_PIG,Collecting data...
2026-06-11 09:14:10,32.64,28.93,0.0,NO_PIG,Collecting data...
2026-06-11 09:14:18,32.7,29.1,0.0,NO_PIG,Collecting data...
2026-06-11 09:14:21,32.71,28.96,0.0,NO_PIG,Collecting data...
2026-06-11 09:14:24,32.77,29.07,0.0,NO_PIG,Collecting data...
2026-06-11 09:14:28,32.83,28.98,0.0,NO_PIG,Collecting data...
2026-06-11 09:14:35,32.9,29.16,0.0,NO_PIG,Collecting data...
2026-06-11 09:14:40,33.01,29.29,0.0,NO_PIG,Collecting data...
2026-06-11 09:14:43,32.74,29.05,0.0,NO_PIG,Collecting data...
2026-06-11 09:14:52,32.77,29.07,0.0,NO_PIG,Collecting data...
2026-06-11 09:14:55,33.13,29.31,0.0,NO_PIG,Collecting data...
2026-06-11 09:14:59,32.73,29.08,0.0,NO_PIG,Collecting data...
2026-06-11 09:15:02,33.17,29.51,0.0,NO_PIG,Collecting data...
2026-06-11 09:15:08,33.04,29.16,0.0,NO_PIG,Collecting data...
2026-06-11 09:15:12,33.09,29.11,0.0,NO_PIG,Collecting data...
2026-06-11 09:15:19,33.07,29.13,0.0,NO_PIG,Collecting data...
2026-06-11 09:15:25,32.87,29.13,0.0,NO_PIG,Collecting data...
2026-06-11 09:15:30,32.86,29.03,0.0,NO_PIG,Collecting data...
2026-06-11 09:15:34,33.06,29.08,0.0,NO_PIG,Collecting data...
2026-06-11 09:15:39,32.65,28.93,0.0,NO_PIG,Collecting data...
2026-06-11 09:15:46,32.91,29.07,0.0,NO_PIG,Collecting data...
2026-06-11 09:15:49,32.93,29.04,0.0,NO_PIG,Collecting data...
2026-06-11 09:15:56,33.31,29.31,0.0,NO_PIG,Collecting data...
2026-06-11 09:16:00,33.34,29.34,0.0,NO_PIG,Collecting data...
2026-06-11 09:16:06,33.25,29.49,0.0,NO_PIG,Collecting data...
2026-06-11 09:16:13,33.19,29.33,0.0,NO_PIG,Collecting data...
2026-06-11 09:16:18,33.35,29.33,0.0,NO_PIG,Collecting data...
2026-06-11 09:16:22,33.07,29.23,0.0,NO_PIG,Collecting data...
2026-06-11 09:16:25,33.19,29.32,0.0,NO_PIG,Collecting data...
2026-06-11 09:16:30,33.13,29.2,0.0,NO_PIG,Collecting data...
2026-06-11 09:16:33,33.03,29.35,0.0,NO_PIG,Collecting data...
2026-06-11 09:16:36,33.33,29.41,0.0,NO_PIG,Collecting data...
2026-06-11 09:16:39,33.2,29.46,0.0,NO_PIG,Collecting data...
2026-06-11 09:16:43,33.22,29.38,0.0,NO_PIG,Collecting data...
2026-06-11 09:16:47,33.18,29.34,0.0,NO_PIG,Collecting data...
2026-06-11 09:16:51,33.04,29.3,0.0,NO_PIG,Collecting data...
2026-06-11 09:16:55,33.32,29.38,0.0,NO_PIG,Collecting data...
2026-06-11 09:16:58,33.09,29.3,0.0,NO_PIG,Collecting data...
2026-06-11 09:17:01,33.39,29.49,0.0,NO_PIG,Collecting data...
2026-06-11 09:17:06,33.39,29.54,0.0,NO_PIG,Collecting data...
2026-06-11 09:17:09,33.45,29.62,0.0,NO_PIG,Collecting data...
2026-06-11 09:17:13,33.47,29.52,0.0,NO_PIG,Collecting data...
2026-06-11 09:17:16,33.43,29.56,0.0,NO_PIG,Collecting data...
2026-06-11 09:17:20,33.51,29.43,0.0,NO_PIG,Collecting data...
2026-06-11 09:17:24,33.52,29.46,0.0,NO_PIG,Collecting data...
2026-06-11 09:17:29,33.26,29.37,0.0,NO_PIG,Collecting data...
2026-06-11 09:17:32,33.4,29.3,0.0,NO_PIG,Collecting data...
2026-06-11 09:17:35,33.64,29.45,0.0,NO_PIG,Collecting data...
2026-06-11 09:17:38,34.15,29.92,0.0,NO_PIG,Collecting data...
2026-06-11 09:17:42,33.75,29.77,0.0,NO_PIG,Collecting data...
2026-06-11 09:17:48,33.79,29.6,0.0,NO_PIG,Collecting data...
2026-06-11 09:17:56,33.55,29.59,0.0,NO_PIG,Collecting data...
2026-06-11 09:18:01,33.31,29.34,0.0,NO_PIG,Collecting data...
2026-06-11 09:18:05,33.33,29.4,0.0,NO_PIG,Collecting data...
2026-06-11 09:18:11,33.53,29.42,0.0,NO_PIG,Collecting data...
2026-06-11 09:18:15,33.35,29.3,0.0,NO_PIG,Collecting data...
2026-06-11 09:18:21,33.28,29.36,0.0,NO_PIG,Collecting data...
2026-06-11 09:18:25,33.32,29.35,0.0,NO_PIG,Collecting data...
2026-06-11 09:18:28,34.05,29.88,0.0,NO_PIG,Collecting data...
2026-06-11 09:18:31,33.93,29.7,0.0,NO_PIG,Collecting data...
2026-06-11 09:18:38,33.76,29.64,0.0,NO_PIG,Collecting data...
2026-06-11 09:18:43,33.58,29.59,0.0,NO_PIG,Collecting data...
2026-06-11 09:18:46,33.52,29.61,0.0,NO_PIG,Collecting data...
2026-06-11 09:18:50,33.81,29.83,0.0,NO_PIG,Collecting data...
2026-06-11 09:18:53,34.0,29.91,0.0,NO_PIG,Collecting data...
2026-06-11 09:19:00,33.81,29.78,0.0,NO_PIG,Collecting data...
2026-06-11 09:19:06,33.68,29.66,0.0,NO_PIG,Collecting data...
2026-06-11 09:19:09,33.78,29.6,0.0,NO_PIG,Collecting data...
2026-06-11 09:19:13,33.86,29.83,0.0,NO_PIG,Collecting data...
2026-06-11 09:19:18,33.62,29.73,0.0,NO_PIG,Collecting data...
2026-06-11 09:19:22,33.91,29.66,0.0,NO_PIG,Collecting data...
2026-06-11 09:19:26,33.9,29.75,0.0,NO_PIG,Collecting data...
2026-06-11 09:19:30,33.8,29.46,0.0,NO_PIG,Collecting data...
2026-06-11 09:19:33,33.71,29.73,0.0,NO_PIG,Collecting data...
2026-06-11 09:19:38,33.45,29.47,0.0,NO_PIG,Collecting data...
2026-06-11 09:19:42,33.72,29.52,0.0,NO_PIG,Collecting data...
2026-06-11 09:19:56,33.67,29.53,0.0,NO_PIG,Collecting data...
2026-06-11 09:20:09,33.37,29.37,0.0,NO_PIG,Collecting data...
2026-06-11 09:20:17,33.5,29.4,0.0,NO_PIG,Collecting data...
2026-06-11 09:20:26,33.15,29.3,0.0,NO_PIG,Collecting data...
2026-06-11 09:20:29,33.29,29.33,0.0,NO_PIG,Collecting data...
2026-06-11 09:20:33,33.57,29.44,0.0,NO_PIG,Collecting data...
2026-06-11 09:20:38,33.36,29.39,0.0,NO_PIG,Collecting data...
2026-06-11 09:20:42,33.19,29.3,0.0,NO_PIG,Collecting data...
2026-06-11 09:20:46,33.49,29.47,0.0,NO_PIG,Collecting data...
2026-06-11 09:20:50,33.44,29.56,0.0,NO_PIG,Collecting data...
2026-06-11 09:21:00,33.89,29.79,0.0,NO_PIG,Collecting data...
2026-06-11 09:21:03,33.63,29.52,0.0,NO_PIG,Collecting data...
2026-06-11 09:21:10,33.36,29.3,0.0,NO_PIG,Collecting data...
2026-06-11 09:21:13,33.27,29.29,0.0,NO_PIG,Collecting data...
2026-06-11 09:21:17,33.34,29.39,0.0,NO_PIG,Collecting data...
2026-06-11 09:21:21,33.53,29.38,0.0,NO_PIG,Collecting data...
2026-06-11 09:21:24,33.39,29.31,0.0,NO_PIG,Collecting data...
2026-06-11 09:21:27,33.22,29.15,0.0,NO_PIG,Collecting data...
2026-06-11 09:21:31,33.2,29.27,0.0,NO_PIG,Collecting data...
2026-06-11 09:21:36,33.52,29.49,0.0,NO_PIG,Collecting data...
2026-06-11 09:21:41,33.79,29.6,0.0,NO_PIG,Collecting data...
2026-06-11 09:21:44,33.47,29.51,0.0,NO_PIG,Collecting data...
2026-06-11 09:21:48,33.32,29.29,0.0,NO_PIG,Collecting data...
2026-06-11 09:21:52,33.68,29.71,0.0,NO_PIG,Collecting data...
2026-06-11 09:21:56,33.36,29.37,0.0,NO_PIG,Collecting data...
2026-06-11 09:22:00,33.36,29.36,0.0,NO_PIG,Collecting data...
2026-06-11 09:22:04,33.66,29.56,0.0,NO_PIG,Collecting data...
2026-06-11 09:22:10,33.41,29.41,0.0,NO_PIG,Collecting data...
2026-06-11 09:22:14,33.37,29.52,0.0,NO_PIG,Collecting data...
2026-06-11 09:22:17,32.9,29.13,0.0,NO_PIG,Collecting data...
2026-06-11 09:22:20,33.3,29.38,0.0,NO_PIG,Collecting data...
2026-06-11 09:22:24,32.95,29.07,0.0,NO_PIG,Collecting data...
2026-06-11 09:22:31,33.13,29.44,0.0,NO_PIG,Collecting data...
2026-06-11 09:22:35,33.25,29.28,0.0,NO_PIG,Collecting data...
2026-06-11 09:22:38,33.02,29.32,0.0,NO_PIG,Collecting data...
2026-06-11 09:22:42,33.14,29.38,0.0,NO_PIG,Collecting data...
2026-06-11 09:22:45,33.06,29.3,0.0,NO_PIG,Collecting data...
2026-06-11 09:22:48,32.92,29.04,0.0,NO_PIG,Collecting data...
2026-06-11 09:22:53,33.08,29.25,0.0,NO_PIG,Collecting data...
2026-06-11 09:22:56,33.04,29.2,0.0,NO_PIG,Collecting data...
2026-06-11 09:23:00,33.01,29.29,0.0,NO_PIG,Collecting data...
2026-06-11 09:23:03,33.08,29.36,0.0,NO_PIG,Collecting data...
2026-06-11 09:23:08,32.95,29.25,0.0,NO_PIG,Collecting data...
2026-06-11 09:23:12,33.23,29.5,0.0,NO_PIG,Collecting data...
2026-06-11 09:23:15,33.03,29.44,0.0,NO_PIG,Collecting data...
2026-06-11 09:23:20,33.07,29.47,0.0,NO_PIG,Collecting data...
2026-06-11 09:23:25,33.04,29.35,0.0,NO_PIG,Collecting data...
2026-06-11 09:23:29,33.22,29.5,0.0,NO_PIG,Collecting data...
2026-06-11 09:23:32,32.8,29.14,0.0,NO_PIG,Collecting data...
2026-06-11 09:23:37,33.15,29.5,0.0,NO_PIG,Collecting data...
2026-06-11 09:23:40,32.86,29.36,0.0,NO_PIG,Collecting data...
2026-06-11 09:23:43,32.83,29.2,0.0,NO_PIG,Collecting data...
2026-06-11 09:23:48,32.96,29.43,0.0,NO_PIG,Collecting data...
2026-06-11 09:23:51,33.15,29.38,0.0,NO_PIG,Collecting data...
2026-06-11 09:23:55,32.88,29.28,0.0,NO_PIG,Collecting data...
2026-06-11 09:23:59,33.23,29.71,0.0,NO_PIG,Collecting data...
2026-06-11 09:24:02,32.68,29.27,0.0,NO_PIG,Collecting data...
2026-06-11 09:24:13,32.96,29.53,0.0,NO_PIG,Collecting data...
2026-06-11 09:24:16,32.99,29.32,0.0,NO_PIG,Collecting data...
2026-06-11 09:24:19,32.65,29.17,0.0,NO_PIG,Collecting data...
2026-06-11 09:24:28,33.12,29.61,0.0,NO_PIG,Collecting data...
2026-06-11 09:24:33,33.23,29.67,0.0,NO_PIG,Collecting data...
2026-06-11 09:24:36,32.6,29.08,0.0,NO_PIG,Collecting data...
2026-06-11 09:24:50,33.0,29.37,0.0,NO_PIG,Collecting data...
2026-06-11 09:24:57,33.15,29.49,0.0,NO_PIG,Collecting data...
2026-06-11 09:25:00,33.11,29.31,0.0,NO_PIG,Collecting data...
2026-06-11 09:25:04,33.13,29.36,0.0,NO_PIG,Collecting data...
2026-06-11 09:25:07,32.97,29.24,0.0,NO_PIG,Collecting data...
2026-06-11 09:25:11,33.24,29.41,0.0,NO_PIG,Collecting data...
2026-06-11 09:25:15,33.27,29.67,0.0,NO_PIG,Collecting data...
2026-06-11 09:25:23,33.34,29.52,0.0,NO_PIG,Collecting data...
2026-06-11 09:25:29,33.28,29.45,0.0,NO_PIG,Collecting data...
2026-06-11 09:25:33,33.32,29.48,0.0,NO_PIG,Collecting data...
2026-06-11 09:25:37,33.27,29.34,0.0,NO_PIG,Collecting data...
2026-06-11 09:25:41,33.39,29.58,0.0,NO_PIG,Collecting data...
2026-06-11 09:25:45,33.51,29.63,0.0,NO_PIG,Collecting data...
2026-06-11 09:25:48,33.54,29.47,0.0,NO_PIG,Collecting data...
2026-06-11 09:25:53,33.39,29.45,0.0,NO_PIG,Collecting data...
2026-06-11 09:25:56,33.5,29.47,0.0,NO_PIG,Collecting data...
2026-06-11 09:26:00,33.76,29.53,0.0,NO_PIG,Collecting data...
2026-06-11 09:26:03,33.85,29.68,0.0,NO_PIG,Collecting data...
2026-06-11 09:26:09,33.32,29.37,0.0,NO_PIG,Collecting data...
2026-06-11 09:26:14,33.39,29.27,0.0,NO_PIG,Collecting data...
2026-06-11 09:26:18,33.35,29.4,0.0,NO_PIG,Collecting data...
2026-06-11 09:26:24,33.32,29.3,0.0,NO_PIG,Collecting data...
2026-06-11 09:26:28,33.34,29.11,0.0,NO_PIG,Collecting data...
2026-06-11 09:26:33,33.56,29.3,0.0,NO_PIG,Collecting data...
2026-06-11 09:26:37,33.6,29.39,0.0,NO_PIG,Collecting data...
2026-06-11 09:26:40,33.26,29.19,0.0,NO_PIG,Collecting data...
2026-06-11 09:26:43,33.14,29.15,0.0,NO_PIG,Collecting data...
2026-06-11 09:26:47,33.45,29.25,0.0,NO_PIG,Collecting data...
2026-06-11 09:26:51,33.59,29.4,0.0,NO_PIG,Collecting data...
2026-06-11 09:26:54,33.37,29.26,0.0,NO_PIG,Collecting data...
2026-06-11 09:26:58,33.91,29.69,0.0,NO_PIG,Collecting data...
2026-06-11 09:27:01,33.63,29.35,0.0,NO_PIG,Collecting data...
2026-06-11 09:27:05,33.45,29.3,0.0,NO_PIG,Collecting data...
2026-06-11 09:27:09,33.41,29.3,0.0,NO_PIG,Collecting data...
2026-06-11 09:27:13,33.83,29.42,0.0,NO_PIG,Collecting data...
2026-06-11 09:27:16,33.51,29.34,0.0,NO_PIG,Collecting data...
2026-06-11 09:27:20,33.17,28.99,0.0,NO_PIG,Collecting data...
2026-06-11 09:27:24,33.36,29.2,0.0,NO_PIG,Collecting data...
2026-06-11 09:27:30,33.62,29.45,0.0,NO_PIG,Collecting data...
2026-06-11 09:27:34,33.58,29.48,0.0,NO_PIG,Collecting data...
2026-06-11 09:27:37,33.43,29.32,0.0,NO_PIG,Collecting data...
2026-06-11 09:27:42,33.58,29.54,0.0,NO_PIG,Collecting data...
2026-06-11 09:27:46,33.54,29.27,0.0,NO_PIG,Collecting data...
2026-06-11 09:27:50,33.58,29.43,0.0,NO_PIG,Collecting data...
2026-06-11 09:27:53,33.54,29.56,0.0,NO_PIG,Collecting data...
2026-06-11 09:27:57,33.57,29.44,0.0,NO_PIG,Collecting data...
2026-06-11 09:28:01,33.52,29.39,0.0,NO_PIG,Collecting data...
2026-06-11 09:28:07,33.47,29.24,0.0,NO_PIG,Collecting data...
2026-06-11 09:28:10,33.3,29.22,0.0,NO_PIG,Collecting data...
2026-06-11 09:28:14,33.5,29.42,0.0,NO_PIG,Collecting data...
2026-06-11 09:28:18,33.59,29.49,0.0,NO_PIG,Collecting data...
2026-06-11 09:28:24,33.32,29.19,0.0,NO_PIG,Collecting data...
2026-06-11 09:28:27,33.37,29.15,0.0,NO_PIG,Collecting data...
2026-06-11 09:28:30,33.97,29.55,0.0,NO_PIG,Collecting data...
2026-06-11 09:28:34,33.61,29.45,0.0,NO_PIG,Collecting data...
2026-06-11 09:28:38,33.79,29.4,0.0,NO_PIG,Collecting data...
2026-06-11 09:28:43,33.54,29.28,0.0,NO_PIG,Collecting data...
2026-06-11 09:28:47,33.98,29.55,0.0,NO_PIG,Collecting data...
2026-06-11 09:28:51,34.23,29.79,0.0,NO_PIG,Collecting data...
2026-06-11 09:28:54,33.61,29.38,0.0,NO_PIG,Collecting data...
2026-06-11 09:28:59,33.73,29.44,0.0,NO_PIG,Collecting data...
2026-06-11 09:29:02,33.79,29.62,0.0,NO_PIG,Collecting data...
2026-06-11 09:29:05,33.77,29.64,0.0,NO_PIG,Collecting data...
2026-06-11 09:29:09,33.78,29.55,0.0,NO_PIG,Collecting data...
2026-06-11 09:29:13,33.76,29.41,0.0,NO_PIG,Collecting data...
2026-06-11 09:29:18,33.76,29.44,0.0,NO_PIG,Collecting data...
2026-06-11 09:29:22,33.78,29.51,0.0,NO_PIG,Collecting data...
2026-06-11 09:29:26,33.65,29.39,0.0,NO_PIG,Collecting data...
2026-06-11 09:29:29,33.76,29.42,0.0,NO_PIG,Collecting data...
2026-06-11 09:29:33,33.68,29.32,0.0,NO_PIG,Collecting data...
2026-06-11 09:29:39,33.52,29.32,0.0,NO_PIG,Collecting data...
2026-06-11 09:29:43,34.0,29.61,0.0,NO_PIG,Collecting data...
2026-06-11 09:29:46,33.87,29.5,0.0,NO_PIG,Collecting data...
2026-06-11 09:29:50,33.68,29.37,0.0,NO_PIG,Collecting data...
2026-06-11 09:29:53,34.13,29.57,0.0,NO_PIG,Collecting data...
2026-06-11 09:29:57,33.88,29.42,0.0,NO_PIG,Collecting data...
2026-06-11 09:30:00,34.02,29.76,0.0,NO_PIG,Collecting data...
2026-06-11 09:30:04,33.81,29.43,0.0,NO_PIG,Collecting data...
2026-06-11 09:30:07,33.89,29.39,0.0,NO_PIG,Collecting data...
2026-06-11 09:30:11,33.77,29.54,0.0,NO_PIG,Collecting data...
2026-06-11 09:30:15,33.48,29.11,0.0,NO_PIG,Collecting data...
2026-06-11 09:30:19,33.82,29.32,0.0,NO_PIG,Collecting data...
2026-06-11 09:30:27,33.89,29.43,0.0,NO_PIG,Collecting data...
2026-06-11 09:30:38,34.0,29.54,0.0,NO_PIG,Collecting data...
2026-06-11 09:30:47,33.43,29.15,0.0,NO_PIG,Collecting data...
2026-06-11 09:30:57,33.92,29.46,0.0,NO_PIG,Collecting data...
2026-06-11 09:31:05,33.48,29.22,0.0,NO_PIG,Collecting data...
2026-06-11 09:31:10,33.78,29.46,0.0,NO_PIG,Collecting data...
2026-06-11 09:31:14,33.71,29.38,0.0,NO_PIG,Collecting data...
2026-06-11 09:31:17,33.33,29.13,0.0,NO_PIG,Collecting data...
2026-06-11 09:31:21,33.96,29.52,0.0,NO_PIG,Collecting data...
2026-06-11 09:31:27,33.93,29.43,0.0,NO_PIG,Collecting data...
2026-06-11 09:31:30,33.63,29.21,0.0,NO_PIG,Collecting data...
2026-06-11 09:31:33,33.52,29.25,0.0,NO_PIG,Collecting data...
2026-06-11 09:31:37,33.77,29.27,0.0,NO_PIG,Collecting data...
2026-06-11 09:31:42,33.57,29.19,0.0,NO_PIG,Collecting data...
2026-06-11 09:31:46,33.64,29.5,0.0,NO_PIG,Collecting data...
2026-06-11 09:31:50,33.77,29.45,0.0,NO_PIG,Collecting data...
2026-06-11 09:31:53,33.44,29.3,0.0,NO_PIG,Collecting data...
2026-06-11 09:31:57,33.65,29.42,0.0,NO_PIG,Collecting data...
2026-06-11 09:32:01,33.76,29.46,0.0,NO_PIG,Collecting data...
2026-06-11 09:32:05,33.68,29.41,0.0,NO_PIG,Collecting data...
2026-06-11 09:32:12,33.82,29.49,0.0,NO_PIG,Collecting data...
2026-06-11 09:32:15,33.76,29.4,0.0,NO_PIG,Collecting data...
2026-06-11 09:32:25,33.56,29.28,0.0,NO_PIG,Collecting data...
2026-06-11 09:32:30,33.83,29.33,0.0,NO_PIG,Collecting data...
2026-06-11 09:32:34,33.79,29.37,0.0,NO_PIG,Collecting data...
2026-06-11 09:32:38,33.64,29.39,0.0,NO_PIG,Collecting data...
2026-06-11 09:32:41,33.6,29.35,0.0,NO_PIG,Collecting data...
2026-06-11 09:32:46,33.97,29.53,0.0,NO_PIG,Collecting data...
2026-06-11 09:32:50,33.87,29.6,0.0,NO_PIG,Collecting data...
2026-06-11 09:32:54,33.66,29.35,0.0,NO_PIG,Collecting data...
2026-06-11 09:32:58,33.65,29.35,0.0,NO_PIG,Collecting data...
2026-06-11 09:33:02,33.7,29.31,0.0,NO_PIG,Collecting data...
2026-06-11 09:33:09,34.05,29.61,0.0,NO_PIG,Collecting data...
2026-06-11 09:33:13,33.91,29.64,0.0,NO_PIG,Collecting data...
2026-06-11 09:33:17,33.79,29.32,0.0,NO_PIG,Collecting data...
2026-06-11 09:33:20,33.71,29.54,0.0,NO_PIG,Collecting data...
2026-06-11 09:33:25,33.83,29.34,0.0,NO_PIG,Collecting data...
2026-06-11 09:33:30,33.86,29.61,0.0,NO_PIG,Collecting data...
2026-06-11 09:33:33,33.96,29.6,0.0,NO_PIG,Collecting data...
2026-06-11 09:33:37,33.93,29.54,0.0,NO_PIG,Collecting data...
2026-06-11 09:33:41,34.09,29.53,0.0,NO_PIG,Collecting data...
2026-06-11 09:33:47,33.86,29.54,0.0,NO_PIG,Collecting data...
2026-06-11 09:33:50,33.64,29.3,0.0,NO_PIG,Collecting data...
2026-06-11 09:33:53,34.25,29.82,0.0,NO_PIG,Collecting data...
2026-06-11 09:33:57,34.07,29.59,0.0,NO_PIG,Collecting data...
2026-06-11 09:34:00,33.86,29.51,0.0,NO_PIG,Collecting data...
2026-06-11 09:34:04,33.8,29.41,0.0,NO_PIG,Collecting data...
2026-06-11 09:34:09,34.13,29.62,0.0,NO_PIG,Collecting data...
2026-06-11 09:34:12,33.96,29.62,0.0,NO_PIG,Collecting data...
2026-06-11 09:34:16,33.85,29.47,0.0,NO_PIG,Collecting data...
2026-06-11 09:34:19,34.03,29.65,0.0,NO_PIG,Collecting data...
2026-06-11 09:34:26,34.06,29.55,0.0,NO_PIG,Collecting data...
2026-06-11 09:34:31,33.62,29.32,0.0,NO_PIG,Collecting data...
2026-06-11 09:34:35,34.13,29.7,0.0,NO_PIG,Collecting data...
2026-06-11 09:34:39,33.77,29.54,0.0,NO_PIG,Collecting data...
2026-06-11 09:34:44,34.03,29.65,0.0,NO_PIG,Collecting data...
2026-06-11 09:34:51,34.38,29.66,0.0,NO_PIG,Collecting data...
2026-06-11 09:34:55,34.05,29.7,0.0,NO_PIG,Collecting data...
2026-06-11 09:35:01,33.76,29.61,0.0,NO_PIG,Collecting data...
2026-06-11 09:35:04,33.75,29.47,0.0,NO_PIG,Collecting data...
2026-06-11 09:35:07,33.81,29.6,0.0,NO_PIG,Collecting data...
2026-06-11 09:35:11,33.82,29.56,0.0,NO_PIG,Collecting data...
2026-06-11 09:35:15,33.65,29.5,0.0,NO_PIG,Collecting data...
2026-06-11 09:35:20,33.82,29.62,0.0,NO_PIG,Collecting data...
2026-06-11 09:35:23,34.07,29.75,0.0,NO_PIG,Collecting data...
2026-06-11 09:35:28,33.82,29.75,0.0,NO_PIG,Collecting data...
2026-06-11 09:35:32,33.73,29.6,0.0,NO_PIG,Collecting data...
2026-06-11 09:35:36,34.04,29.73,0.0,NO_PIG,Collecting data...
2026-06-11 09:35:40,33.88,29.59,0.0,NO_PIG,Collecting data...
2026-06-11 09:35:45,33.66,29.51,0.0,NO_PIG,Collecting data...
2026-06-11 09:35:51,33.58,29.35,0.0,NO_PIG,Collecting data...
2026-06-11 09:35:57,33.81,29.49,0.0,NO_PIG,Collecting data...
2026-06-11 09:36:02,33.72,29.5,0.0,NO_PIG,Collecting data...
2026-06-11 09:36:06,33.76,29.64,0.0,NO_PIG,Collecting data...
2026-06-11 09:36:10,33.81,29.67,0.0,NO_PIG,Collecting data...
2026-06-11 09:36:16,34.06,29.74,0.0,NO_PIG,Collecting data...
2026-06-11 09:36:23,33.58,29.35,0.0,NO_PIG,Collecting data...
2026-06-11 09:36:27,33.61,29.4,0.0,NO_PIG,Collecting data...
2026-06-11 09:36:31,33.43,29.31,0.0,NO_PIG,Collecting data...
2026-06-11 09:36:37,33.4,29.34,0.0,NO_PIG,Collecting data...
2026-06-11 09:36:40,33.77,29.57,0.0,NO_PIG,Collecting data...
2026-06-11 09:36:44,33.89,29.68,0.0,NO_PIG,Collecting data...
2026-06-11 09:36:47,33.6,29.43,0.0,NO_PIG,Collecting data...
2026-06-11 09:36:51,33.92,29.55,0.0,NO_PIG,Collecting data...
2026-06-11 09:36:56,33.88,29.62,0.0,NO_PIG,Collecting data...
2026-06-11 09:37:03,33.87,29.53,0.0,NO_PIG,Collecting data...
2026-06-11 09:37:07,33.7,29.58,0.0,NO_PIG,Collecting data...
2026-06-11 09:37:12,33.49,29.47,0.0,NO_PIG,Collecting data...
2026-06-11 09:37:16,33.47,29.35,0.0,NO_PIG,Collecting data...
2026-06-11 09:37:20,33.48,29.23,0.0,NO_PIG,Collecting data...
2026-06-11 09:37:24,33.83,29.76,0.0,NO_PIG,Collecting data...
2026-06-11 09:37:27,33.51,29.35,0.0,NO_PIG,Collecting data...
2026-06-11 09:37:30,33.75,29.66,0.0,NO_PIG,Collecting data...
2026-06-11 09:37:35,33.89,29.64,0.0,NO_PIG,Collecting data...
2026-06-11 09:37:39,33.53,29.62,0.0,NO_PIG,Collecting data...
2026-06-11 09:37:43,33.55,29.58,0.0,NO_PIG,Collecting data...
2026-06-11 09:37:46,33.34,29.37,0.0,NO_PIG,Collecting data...
2026-06-11 09:37:52,33.34,29.5,0.0,NO_PIG,Collecting data...
2026-06-11 09:37:56,33.76,29.69,0.0,NO_PIG,Collecting data...
2026-06-11 09:38:00,33.63,29.6,0.0,NO_PIG,Collecting data...
2026-06-11 09:38:05,33.46,29.53,0.0,NO_PIG,Collecting data...
2026-06-11 09:38:09,33.42,29.58,0.0,NO_PIG,Collecting data...
2026-06-11 09:38:15,33.17,29.41,0.0,NO_PIG,Collecting data...
2026-06-11 09:38:18,33.25,29.48,0.0,NO_PIG,Collecting data...
2026-06-11 09:38:22,33.47,29.58,0.0,NO_PIG,Collecting data...
2026-06-11 09:38:25,33.44,29.45,0.0,NO_PIG,Collecting data...
2026-06-11 09:38:29,33.39,29.52,0.0,NO_PIG,Collecting data...
2026-06-11 09:38:36,33.41,29.58,0.0,NO_PIG,Collecting data...
2026-06-11 09:38:40,33.29,29.57,0.0,NO_PIG,Collecting data...
2026-06-11 09:38:43,33.44,29.5,0.0,NO_PIG,Collecting data...
2026-06-11 09:38:47,33.17,29.4,0.0,NO_PIG,Collecting data...
2026-06-11 09:38:51,33.38,29.66,0.0,NO_PIG,Collecting data...
2026-06-11 09:38:55,33.11,29.36,0.0,NO_PIG,Collecting data...
2026-06-11 09:38:58,33.21,29.37,0.0,NO_PIG,Collecting data...
2026-06-11 09:39:02,33.3,29.53,0.0,NO_PIG,Collecting data...
2026-06-11 09:39:06,33.46,29.42,0.0,NO_PIG,Collecting data...
2026-06-11 09:39:11,33.15,29.32,0.0,NO_PIG,Collecting data...
2026-06-11 09:39:15,33.5,29.52,0.0,NO_PIG,Collecting data...
2026-06-11 09:39:18,33.31,29.44,0.0,NO_PIG,Collecting data...
2026-06-11 09:39:22,33.35,29.55,0.0,NO_PIG,Collecting data...
2026-06-11 09:39:26,33.36,29.49,0.0,NO_PIG,Collecting data...
2026-06-11 09:39:31,33.34,29.5,0.0,NO_PIG,Collecting data...
2026-06-11 09:39:34,33.44,29.52,0.0,NO_PIG,Collecting data...
2026-06-11 09:39:37,33.52,29.52,0.0,NO_PIG,Collecting data...
2026-06-11 09:39:41,33.7,29.57,0.0,NO_PIG,Collecting data...
2026-06-11 09:39:44,33.31,29.4,0.0,NO_PIG,Collecting data...
2026-06-11 09:39:49,33.42,29.55,0.0,NO_PIG,Collecting data...
2026-06-11 09:39:57,33.59,29.57,0.0,NO_PIG,Collecting data...
2026-06-11 09:40:00,33.49,29.43,0.0,NO_PIG,Collecting data...
2026-06-11 09:40:04,33.44,29.4,0.0,NO_PIG,Collecting data...
2026-06-11 09:40:16,33.65,29.57,0.0,NO_PIG,Collecting data...
2026-06-11 09:40:20,33.53,29.56,0.0,NO_PIG,Collecting data...
2026-06-11 09:40:25,33.53,29.47,0.0,NO_PIG,Collecting data...
2026-06-11 09:40:30,33.5,29.34,0.0,NO_PIG,Collecting data...
2026-06-11 09:40:39,33.39,29.22,0.0,NO_PIG,Collecting data...
2026-06-11 09:40:43,33.94,29.73,0.0,NO_PIG,Collecting data...
2026-06-11 09:40:47,33.7,29.51,0.0,NO_PIG,Collecting data...
2026-06-11 09:40:51,33.5,29.39,0.0,NO_PIG,Collecting data...
2026-06-11 09:40:54,33.78,29.54,0.0,NO_PIG,Collecting data...
2026-06-11 09:40:59,33.76,29.57,0.0,NO_PIG,Collecting data...
2026-06-11 09:41:02,33.81,29.62,0.0,NO_PIG,Collecting data...
2026-06-11 09:41:06,33.39,29.31,0.0,NO_PIG,Collecting data...
2026-06-11 09:41:09,33.61,29.61,0.0,NO_PIG,Collecting data...
2026-06-11 09:41:13,33.67,29.69,0.0,NO_PIG,Collecting data...
2026-06-11 09:41:18,33.44,29.67,0.0,NO_PIG,Collecting data...
2026-06-11 09:41:22,33.74,29.69,0.0,NO_PIG,Collecting data...
2026-06-11 09:41:25,33.6,29.7,0.0,NO_PIG,Collecting data...
2026-06-11 09:41:29,33.88,30.08,0.0,NO_PIG,Collecting data...
2026-06-11 09:41:34,33.8,29.8,0.0,NO_PIG,Collecting data...
2026-06-11 09:41:38,33.83,29.92,0.0,NO_PIG,Collecting data...
2026-06-11 09:41:43,34.17,29.83,0.0,NO_PIG,Collecting data...
2026-06-11 09:41:47,33.81,29.73,0.0,NO_PIG,Collecting data...
2026-06-11 09:41:52,33.86,29.75,0.0,NO_PIG,Collecting data...
2026-06-11 09:41:55,33.93,30.25,0.0,NO_PIG,Collecting data...
2026-06-11 09:41:59,34.17,30.15,0.0,NO_PIG,Collecting data...
2026-06-11 09:42:03,33.6,29.93,0.0,NO_PIG,Collecting data...
2026-06-11 09:42:07,33.98,30.05,0.0,NO_PIG,Collecting data...
2026-06-11 09:42:15,33.83,29.86,0.0,NO_PIG,Collecting data...
2026-06-11 09:42:19,35.56,31.46,0.0,NO_PIG,Collecting data...
2026-06-11 09:42:22,33.84,29.87,0.0,NO_PIG,Collecting data...
2026-06-11 09:42:25,33.8,29.84,0.0,NO_PIG,Collecting data...
2026-06-11 09:42:30,33.9,29.99,0.0,NO_PIG,Collecting data...
2026-06-11 09:42:36,34.02,29.86,0.0,NO_PIG,Collecting data...
2026-06-11 09:42:39,34.12,30.01,0.0,NO_PIG,Collecting data...
2026-06-11 09:42:42,33.97,29.92,0.0,NO_PIG,Collecting data...
2026-06-11 09:42:46,33.68,29.79,0.0,NO_PIG,Collecting data...
2026-06-11 09:42:49,34.18,30.16,0.0,NO_PIG,Collecting data...
2026-06-11 09:42:54,33.99,29.93,0.0,NO_PIG,Collecting data...
2026-06-11 09:42:58,34.09,29.98,0.0,NO_PIG,Collecting data...
2026-06-11 09:43:01,33.81,29.91,0.0,NO_PIG,Collecting data...
2026-06-11 09:43:07,34.09,30.01,0.0,NO_PIG,Collecting data...
2026-06-11 09:43:12,33.64,29.76,0.0,NO_PIG,Collecting data...
2026-06-11 09:43:15,34.19,30.19,0.0,NO_PIG,Collecting data...
2026-06-11 09:43:19,34.1,30.02,0.0,NO_PIG,Collecting data...
2026-06-11 09:43:23,34.09,30.11,0.0,NO_PIG,Collecting data...
2026-06-11 09:43:26,33.65,29.69,0.0,NO_PIG,Collecting data...
2026-06-11 09:43:31,34.55,30.63,0.0,NO_PIG,Collecting data...
2026-06-11 09:43:35,34.03,30.03,0.0,NO_PIG,Collecting data...
2026-06-11 09:43:39,34.2,30.15,0.0,NO_PIG,Collecting data...
2026-06-11 09:43:42,33.84,29.89,0.0,NO_PIG,Collecting data...
2026-06-11 09:43:45,34.08,29.99,0.0,NO_PIG,Collecting data...
2026-06-11 09:43:50,34.03,29.91,0.0,NO_PIG,Collecting data...
2026-06-11 09:43:54,34.23,30.13,0.0,NO_PIG,Collecting data...
2026-06-11 09:43:57,34.19,30.02,0.0,NO_PIG,Collecting data...
2026-06-11 09:44:02,34.04,29.91,0.0,NO_PIG,Collecting data...
2026-06-11 09:44:06,34.02,29.94,0.0,NO_PIG,Collecting data...
2026-06-11 09:44:09,34.29,30.11,0.0,NO_PIG,Collecting data...
2026-06-11 09:44:12,34.54,30.37,0.0,NO_PIG,Collecting data...
2026-06-11 09:44:17,34.45,30.13,0.0,NO_PIG,Collecting data...
2026-06-11 09:44:20,34.29,30.05,0.0,NO_PIG,Collecting data...
2026-06-11 09:44:25,34.28,30.03,0.0,NO_PIG,Collecting data...
2026-06-11 09:44:28,34.19,30.02,0.0,NO_PIG,Collecting data...
2026-06-11 09:44:32,34.32,30.24,0.0,NO_PIG,Collecting data...
2026-06-11 09:44:36,34.15,29.94,0.0,NO_PIG,Collecting data...
2026-06-11 09:44:39,34.18,29.95,0.0,NO_PIG,Collecting data...
2026-06-11 09:44:46,34.91,30.28,0.0,NO_PIG,Collecting data...
2026-06-11 09:44:51,34.28,30.06,0.0,NO_PIG,Collecting data...
2026-06-11 09:44:54,34.41,30.2,0.0,NO_PIG,Collecting data...
2026-06-11 09:44:58,34.54,30.26,0.0,NO_PIG,Collecting data...
2026-06-11 09:45:02,34.67,30.27,0.0,NO_PIG,Collecting data...
2026-06-11 09:45:05,34.52,30.18,0.0,NO_PIG,Collecting data...
2026-06-11 09:45:09,34.3,30.11,0.0,NO_PIG,Collecting data...
2026-06-11 09:45:13,34.57,30.08,0.0,NO_PIG,Collecting data...
2026-06-11 09:45:16,34.79,30.27,0.0,NO_PIG,Collecting data...
2026-06-11 09:45:22,34.38,30.07,0.0,NO_PIG,Collecting data...
2026-06-11 09:45:26,34.29,30.07,0.0,NO_PIG,Collecting data...
2026-06-11 09:45:29,34.21,30.08,0.0,NO_PIG,Collecting data...
2026-06-11 09:45:34,34.62,30.31,0.0,NO_PIG,Collecting data...
2026-06-11 09:45:38,34.82,30.36,0.0,NO_PIG,Collecting data...
2026-06-11 09:45:42,34.54,30.3,0.0,NO_PIG,Collecting data...
2026-06-11 09:45:47,34.38,30.04,0.0,NO_PIG,Collecting data...
2026-06-11 09:45:50,34.2,30.03,0.0,NO_PIG,Collecting data...
2026-06-11 09:45:54,34.46,30.21,0.0,NO_PIG,Collecting data...
2026-06-11 09:45:58,34.48,30.14,0.0,NO_PIG,Collecting data...
2026-06-11 09:46:01,34.6,30.09,0.0,NO_PIG,Collecting data...
2026-06-11 09:46:04,34.56,30.14,0.0,NO_PIG,Collecting data...
2026-06-11 09:46:08,34.53,30.05,0.0,NO_PIG,Collecting data...
2026-06-11 09:46:12,34.31,30.03,0.0,NO_PIG,Collecting data...
2026-06-11 09:46:16,34.38,30.04,0.0,NO_PIG,Collecting data...
2026-06-11 09:46:19,34.14,29.87,0.0,NO_PIG,Collecting data...
2026-06-11 09:46:23,34.38,30.2,0.0,NO_PIG,Collecting data...
2026-06-11 09:46:26,34.26,30.0,0.0,NO_PIG,Collecting data...
2026-06-11 09:46:31,34.18,29.9,0.0,NO_PIG,Collecting data...
2026-06-11 09:46:35,34.43,30.1,0.0,NO_PIG,Collecting data...
2026-06-11 09:46:38,34.25,29.94,0.0,NO_PIG,Collecting data...
2026-06-11 09:46:43,34.32,29.93,0.0,NO_PIG,Collecting data...
2026-06-11 09:46:47,34.49,30.17,0.0,NO_PIG,Collecting data...
2026-06-11 09:46:51,34.25,29.97,0.0,NO_PIG,Collecting data...
2026-06-11 09:46:56,34.35,30.2,0.0,NO_PIG,Collecting data...
2026-06-11 09:46:59,34.77,30.37,0.0,NO_PIG,Collecting data...
2026-06-11 09:47:03,34.55,30.27,0.0,NO_PIG,Collecting data...
2026-06-11 09:47:09,34.29,30.24,0.0,NO_PIG,Collecting data...
2026-06-11 09:47:12,34.28,30.13,0.0,NO_PIG,Collecting data...
2026-06-11 09:47:16,34.56,30.41,0.0,NO_PIG,Collecting data...
2026-06-11 09:47:20,34.29,30.26,0.0,NO_PIG,Collecting data...
2026-06-11 09:47:24,34.34,30.21,0.0,NO_PIG,Collecting data...
2026-06-11 09:47:28,34.01,29.96,0.0,NO_PIG,Collecting data...
2026-06-11 09:47:32,34.56,30.43,0.0,NO_PIG,Collecting data...
2026-06-11 09:47:35,34.3,30.14,0.0,NO_PIG,Collecting data...
2026-06-11 09:47:39,34.37,30.26,0.0,NO_PIG,Collecting data...
2026-06-11 09:47:42,34.47,30.77,0.0,NO_PIG,Collecting data...
2026-06-11 09:47:46,35.39,31.07,0.0,NO_PIG,Collecting data...
2026-06-11 09:47:50,35.48,30.93,0.0,NO_PIG,Collecting data...
2026-06-11 09:47:53,35.24,30.82,0.0,NO_PIG,Collecting data...
2026-06-11 09:47:58,34.25,30.15,0.0,NO_PIG,Collecting data...
2026-06-11 09:48:03,34.42,30.17,0.0,NO_PIG,Collecting data...
2026-06-11 09:48:07,34.29,30.19,0.0,NO_PIG,Collecting data...
2026-06-11 09:48:14,34.36,30.11,0.0,NO_PIG,Collecting data...
2026-06-11 09:48:19,34.14,30.09,0.0,NO_PIG,Collecting data...
2026-06-11 09:48:26,34.5,30.32,0.0,NO_PIG,Collecting data...
2026-06-11 09:48:30,34.73,30.88,0.0,NO_PIG,Collecting data...
2026-06-11 09:48:33,35.92,30.67,0.0,NO_PIG,Collecting data...
2026-06-11 09:48:40,37.94,30.83,0.0,NO_PIG,Collecting data...
2026-06-11 09:48:44,34.33,29.94,0.0,NO_PIG,Collecting data...
2026-06-11 09:48:48,34.23,30.0,0.0,NO_PIG,Collecting data...
2026-06-11 09:48:52,34.13,29.84,0.0,NO_PIG,Collecting data...
2026-06-11 09:48:55,34.35,30.41,0.0,NO_PIG,Collecting data...
2026-06-11 09:48:59,34.69,30.83,0.0,NO_PIG,Collecting data...
2026-06-11 09:49:04,34.4,30.06,0.0,NO_PIG,Collecting data...
2026-06-11 09:49:08,34.71,30.43,0.0,NO_PIG,Collecting data...
2026-06-11 09:49:12,34.56,30.24,0.0,NO_PIG,Collecting data...
2026-06-11 09:49:15,34.85,30.24,0.0,NO_PIG,Collecting data...
2026-06-11 09:49:19,34.83,30.32,0.0,NO_PIG,Collecting data...
2026-06-11 09:49:24,34.67,30.25,0.0,NO_PIG,Collecting data...
2026-06-11 09:49:30,34.66,30.39,0.0,NO_PIG,Collecting data...
2026-06-11 09:49:34,34.77,30.55,0.0,NO_PIG,Collecting data...
2026-06-11 09:49:38,49.11,31.3,38.0,FEVER,Collecting data...
2026-06-11 09:49:44,41.13,31.32,0.0,NO_PIG,Collecting data...
2026-06-11 09:49:48,37.53,31.07,0.0,NO_PIG,Collecting data...
2026-06-11 09:49:52,34.89,30.49,0.0,NO_PIG,Collecting data...
2026-06-11 09:49:56,34.44,30.15,0.0,NO_PIG,Collecting data...
2026-06-11 09:50:01,34.44,30.13,0.0,NO_PIG,Collecting data...
2026-06-11 09:50:04,34.88,30.52,0.0,NO_PIG,Collecting data...
2026-06-11 09:50:11,34.66,30.4,0.0,NO_PIG,Collecting data...
2026-06-11 09:50:15,34.58,30.3,0.0,NO_PIG,Collecting data...
2026-06-11 09:50:20,34.59,30.29,0.0,NO_PIG,Collecting data...
2026-06-11 09:50:24,34.73,30.38,0.0,NO_PIG,Collecting data...
2026-06-11 09:50:28,34.99,30.59,0.0,NO_PIG,Collecting data...
2026-06-11 09:50:31,34.85,30.48,0.0,NO_PIG,Collecting data...
2026-06-11 09:50:34,34.77,30.48,0.0,NO_PIG,Collecting data...
2026-06-11 09:50:41,34.4,30.18,0.0,NO_PIG,Collecting data...
2026-06-11 09:50:44,34.56,30.27,0.0,NO_PIG,Collecting data...
2026-06-11 09:50:47,34.63,30.37,0.0,NO_PIG,Collecting data...
2026-06-11 09:50:54,34.78,30.57,0.0,NO_PIG,Collecting data...
2026-06-11 09:50:59,35.09,30.59,0.0,NO_PIG,Collecting data...
2026-06-11 09:51:02,34.86,30.56,0.0,NO_PIG,Collecting data...
2026-06-11 09:51:06,34.54,30.34,0.0,NO_PIG,Collecting data...
2026-06-11 09:51:10,34.81,30.41,0.0,NO_PIG,Collecting data...
2026-06-11 09:51:13,34.59,30.26,0.0,NO_PIG,Collecting data...
2026-06-11 09:51:18,34.66,30.25,0.0,NO_PIG,Collecting data...
2026-06-11 09:51:21,34.48,30.18,0.0,NO_PIG,Collecting data...
2026-06-11 09:51:25,34.78,30.44,0.0,NO_PIG,Collecting data...
2026-06-11 09:51:29,34.47,30.08,0.0,NO_PIG,Collecting data...
2026-06-11 09:51:33,34.86,30.43,0.0,NO_PIG,Collecting data...
2026-06-11 09:51:37,34.88,30.31,0.0,NO_PIG,Collecting data...
2026-06-11 09:51:41,34.86,30.52,0.0,NO_PIG,Collecting data...
2026-06-11 09:51:45,34.71,30.18,0.0,NO_PIG,Collecting data...
2026-06-11 09:51:50,34.7,30.18,0.0,NO_PIG,Collecting data...
2026-06-11 09:51:54,34.39,30.13,0.0,NO_PIG,Collecting data...
2026-06-11 09:51:58,34.45,30.08,0.0,NO_PIG,Collecting data...
2026-06-11 09:52:01,34.91,30.43,0.0,NO_PIG,Collecting data...
2026-06-11 09:52:05,34.71,30.34,0.0,NO_PIG,Collecting data...
2026-06-11 09:52:12,34.95,30.41,0.0,NO_PIG,Collecting data...
2026-06-11 09:52:16,34.64,30.23,0.0,NO_PIG,Collecting data...
2026-06-11 09:52:19,34.89,30.39,0.0,NO_PIG,Collecting data...
2026-06-11 09:52:24,34.67,30.32,0.0,NO_PIG,Collecting data...
2026-06-11 09:52:29,34.84,30.41,0.0,NO_PIG,Collecting data...
2026-06-11 09:52:33,34.76,30.5,0.0,NO_PIG,Collecting data...
2026-06-11 09:52:36,34.77,30.42,0.0,NO_PIG,Collecting data...
2026-06-11 09:52:40,34.83,30.69,0.0,NO_PIG,Collecting data...
2026-06-11 09:52:43,34.79,30.52,0.0,NO_PIG,Collecting data...
2026-06-11 09:52:48,34.76,30.61,0.0,NO_PIG,Collecting data...
2026-06-11 09:52:56,34.74,30.44,0.0,NO_PIG,Collecting data...
2026-06-11 09:52:59,34.93,30.7,0.0,NO_PIG,Collecting data...
2026-06-11 09:53:03,34.78,30.41,0.0,NO_PIG,Collecting data...
2026-06-11 09:53:06,34.9,30.58,0.0,NO_PIG,Collecting data...
2026-06-11 09:53:10,34.77,30.47,0.0,NO_PIG,Collecting data...
2026-06-11 09:53:14,35.05,30.8,0.0,NO_PIG,Collecting data...
2026-06-11 09:53:18,35.12,30.53,0.0,NO_PIG,Collecting data...
2026-06-11 09:53:21,35.05,30.56,0.0,NO_PIG,Collecting data...
2026-06-11 09:53:27,35.03,30.58,0.0,NO_PIG,Collecting data...
2026-06-11 09:53:32,34.71,30.17,0.0,NO_PIG,Collecting data...
2026-06-11 09:53:37,34.61,30.29,0.0,NO_PIG,Collecting data...
2026-06-11 09:53:42,34.82,30.52,0.0,NO_PIG,Collecting data...
2026-06-11 09:53:47,35.06,30.36,0.0,NO_PIG,Collecting data...
2026-06-11 09:53:53,35.12,30.47,0.0,NO_PIG,Collecting data...
2026-06-11 09:53:59,34.84,30.37,0.0,NO_PIG,Collecting data...
2026-06-11 09:54:05,34.77,30.37,0.0,NO_PIG,Collecting data...
2026-06-11 09:54:10,34.56,30.28,0.0,NO_PIG,Collecting data...
2026-06-11 09:54:13,34.84,30.58,0.0,NO_PIG,Collecting data...
2026-06-11 09:54:17,34.71,30.37,0.0,NO_PIG,Collecting data...
2026-06-11 09:54:20,34.35,30.11,0.0,NO_PIG,Collecting data...
2026-06-11 09:54:23,34.62,30.2,0.0,NO_PIG,Collecting data...
2026-06-11 09:54:28,34.64,30.27,0.0,NO_PIG,Collecting data...
2026-06-11 09:54:31,34.93,30.51,0.0,NO_PIG,Collecting data...
2026-06-11 09:54:35,34.56,30.28,0.0,NO_PIG,Collecting data...
2026-06-11 09:54:38,34.8,30.3,0.0,NO_PIG,Collecting data...
2026-06-11 09:54:41,34.9,30.62,0.0,NO_PIG,Collecting data...
2026-06-11 09:54:46,34.95,30.67,0.0,NO_PIG,Collecting data...
2026-06-11 09:54:52,35.05,30.64,0.0,NO_PIG,Collecting data...
2026-06-11 09:54:55,34.57,30.34,0.0,NO_PIG,Collecting data...
2026-06-11 09:54:58,35.08,30.7,0.0,NO_PIG,Collecting data...
2026-06-11 09:55:06,34.89,30.46,0.0,NO_PIG,Collecting data...
2026-06-11 09:55:12,35.11,30.68,0.0,NO_PIG,Collecting data...
2026-06-11 09:55:15,35.05,30.52,0.0,NO_PIG,Collecting data...
2026-06-11 09:55:19,35.28,30.64,0.0,NO_PIG,Collecting data...
2026-06-11 09:55:23,35.28,30.83,0.0,NO_PIG,Collecting data...
2026-06-11 09:55:27,35.2,30.65,0.0,NO_PIG,Collecting data...
2026-06-11 09:55:30,35.31,30.84,0.0,NO_PIG,Collecting data...
2026-06-11 09:55:34,35.08,30.7,0.0,NO_PIG,Collecting data...
2026-06-11 09:55:38,34.96,30.57,0.0,NO_PIG,Collecting data...
2026-06-11 09:55:42,35.28,30.8,0.0,NO_PIG,Collecting data...
2026-06-11 09:55:45,35.19,30.46,0.0,NO_PIG,Collecting data...
2026-06-11 09:55:49,35.28,30.41,0.0,NO_PIG,Collecting data...
2026-06-11 09:55:53,34.98,30.33,0.0,NO_PIG,Collecting data...
2026-06-11 09:55:58,35.07,30.45,0.0,NO_PIG,Collecting data...
2026-06-11 09:56:01,34.94,30.42,0.0,NO_PIG,Collecting data...
2026-06-11 09:56:05,35.61,30.94,0.0,NO_PIG,Collecting data...
2026-06-11 09:56:09,34.97,30.32,0.0,NO_PIG,Collecting data...
2026-06-11 09:56:12,35.27,30.42,0.0,NO_PIG,Collecting data...
2026-06-11 09:56:18,35.16,30.59,0.0,NO_PIG,Collecting data...
2026-06-11 09:56:21,35.45,30.54,0.0,NO_PIG,Collecting data...
2026-06-11 09:56:24,35.3,30.65,0.0,NO_PIG,Collecting data...
2026-06-11 09:56:29,35.41,30.69,0.0,NO_PIG,Collecting data...
2026-06-11 09:56:32,35.41,30.6,0.0,NO_PIG,Collecting data...
2026-06-11 09:56:37,35.24,30.52,0.0,NO_PIG,Collecting data...
2026-06-11 09:56:40,35.21,30.49,0.0,NO_PIG,Collecting data...
2026-06-11 09:56:44,35.28,30.65,0.0,NO_PIG,Collecting data...
2026-06-11 09:56:54,35.32,30.69,0.0,NO_PIG,Collecting data...
2026-06-11 09:57:09,35.46,30.88,0.0,NO_PIG,Collecting data...
2026-06-11 09:57:21,35.03,30.37,0.0,NO_PIG,Collecting data...
2026-06-11 09:57:28,35.29,30.6,0.0,NO_PIG,Collecting data...
2026-06-11 09:57:32,35.21,30.54,0.0,NO_PIG,Collecting data...
2026-06-11 09:57:36,35.25,30.69,0.0,NO_PIG,Collecting data...
2026-06-11 09:57:39,35.17,30.53,0.0,NO_PIG,Collecting data...
2026-06-11 09:57:42,35.28,30.69,0.0,NO_PIG,Collecting data...
2026-06-11 09:57:47,35.47,30.8,0.0,NO_PIG,Collecting data...
2026-06-11 09:57:50,35.26,30.6,0.0,NO_PIG,Collecting data...
2026-06-11 09:57:53,35.34,30.61,0.0,NO_PIG,Collecting data...
2026-06-11 09:57:58,35.83,30.97,0.0,NO_PIG,Collecting data...
2026-06-11 09:58:02,35.39,30.84,0.0,NO_PIG,Collecting data...
2026-06-11 09:58:06,35.18,30.53,0.0,NO_PIG,Collecting data...
2026-06-11 09:58:10,35.28,30.65,0.0,NO_PIG,Collecting data...
2026-06-11 09:58:13,34.95,30.45,0.0,NO_PIG,Collecting data...
2026-06-11 09:58:16,35.12,30.48,0.0,NO_PIG,Collecting data...
2026-06-11 09:58:20,35.34,30.64,0.0,NO_PIG,Collecting data...
2026-06-11 09:58:25,35.53,30.79,0.0,NO_PIG,Collecting data...
2026-06-11 09:58:30,35.2,30.56,0.0,NO_PIG,Collecting data...
2026-06-11 09:58:33,35.33,30.48,0.0,NO_PIG,Collecting data...
2026-06-11 09:58:36,35.24,30.66,0.0,NO_PIG,Collecting data...
2026-06-11 09:58:40,35.41,30.76,0.0,NO_PIG,Collecting data...
2026-06-11 09:58:43,35.28,30.6,0.0,NO_PIG,Collecting data...
2026-06-11 09:58:48,35.67,30.96,0.0,NO_PIG,Collecting data...
2026-06-11 09:58:54,35.62,30.79,0.0,NO_PIG,Collecting data...
2026-06-11 09:58:58,35.34,30.85,0.0,NO_PIG,Collecting data...
2026-06-11 09:59:08,35.35,30.8,0.0,NO_PIG,Collecting data...
2026-06-11 09:59:19,34.98,30.58,0.0,NO_PIG,Collecting data...
2026-06-11 09:59:29,34.8,30.57,0.0,NO_PIG,Collecting data...
2026-06-11 09:59:41,34.73,30.46,0.0,NO_PIG,Collecting data...
2026-06-11 09:59:45,34.83,30.48,0.0,NO_PIG,Collecting data...
2026-06-11 09:59:49,34.69,30.41,0.0,NO_PIG,Collecting data...
2026-06-11 09:59:53,35.14,30.71,0.0,NO_PIG,Collecting data...
2026-06-11 09:59:56,34.68,30.49,0.0,NO_PIG,Collecting data...
2026-06-11 10:00:01,34.76,30.5,0.0,NO_PIG,Collecting data...
2026-06-11 10:00:05,34.94,30.72,0.0,NO_PIG,Collecting data...
2026-06-11 10:00:08,35.2,30.78,0.0,NO_PIG,Collecting data...
2026-06-11 10:00:12,35.33,31.01,0.0,NO_PIG,Collecting data...
2026-06-11 10:00:16,35.17,30.87,0.0,NO_PIG,Collecting data...
2026-06-11 10:00:20,35.44,30.87,0.0,NO_PIG,Collecting data...
2026-06-11 10:00:24,35.09,30.72,0.0,NO_PIG,Collecting data...
2026-06-11 10:00:28,34.86,30.64,0.0,NO_PIG,Collecting data...
2026-06-11 10:00:31,35.51,30.87,0.0,NO_PIG,Collecting data...
2026-06-11 10:00:35,35.07,30.8,0.0,NO_PIG,Collecting data...
2026-06-11 10:00:39,35.23,30.73,0.0,NO_PIG,Collecting data...
2026-06-11 10:00:43,35.1,30.92,0.0,NO_PIG,Collecting data...
2026-06-11 10:00:46,34.89,30.64,0.0,NO_PIG,Collecting data...
2026-06-11 10:00:50,35.01,30.81,0.0,NO_PIG,Collecting data...
2026-06-11 10:00:53,35.01,30.6,0.0,NO_PIG,Collecting data...
2026-06-11 10:00:58,34.91,30.62,0.0,NO_PIG,Collecting data...
2026-06-11 10:01:01,34.96,30.79,0.0,NO_PIG,Collecting data...
2026-06-11 10:01:06,35.45,30.99,0.0,NO_PIG,Collecting data...
2026-06-11 10:01:09,34.96,30.74,0.0,NO_PIG,Collecting data...
2026-06-11 10:01:12,35.19,30.96,0.0,NO_PIG,Collecting data...
2026-06-11 10:01:17,34.81,30.74,0.0,NO_PIG,Collecting data...
2026-06-11 10:01:23,35.03,30.92,0.0,NO_PIG,Collecting data...
2026-06-11 10:01:26,34.78,30.66,0.0,NO_PIG,Collecting data...
2026-06-11 10:01:30,34.79,30.57,0.0,NO_PIG,Collecting data...
2026-06-11 10:01:35,34.82,30.68,0.0,NO_PIG,Collecting data...
2026-06-11 10:01:39,35.02,30.96,0.0,NO_PIG,Collecting data...
2026-06-11 10:01:44,34.71,30.64,0.0,NO_PIG,Collecting data...
2026-06-11 10:01:47,34.57,30.63,0.0,NO_PIG,Collecting data...
2026-06-11 10:01:52,35.03,30.91,0.0,NO_PIG,Collecting data...
2026-06-11 10:01:57,34.56,30.44,0.0,NO_PIG,Collecting data...
2026-06-11 10:02:02,34.74,30.65,0.0,NO_PIG,Collecting data...
2026-06-11 10:02:05,34.72,30.67,0.0,NO_PIG,Collecting data...
2026-06-11 10:02:12,35.0,30.98,0.0,NO_PIG,Collecting data...
2026-06-11 10:02:17,34.67,30.86,0.0,NO_PIG,Collecting data...
2026-06-11 10:02:20,34.62,30.49,0.0,NO_PIG,Collecting data...
2026-06-11 10:02:25,34.76,30.76,0.0,NO_PIG,Collecting data...
2026-06-11 10:02:31,34.32,30.39,0.0,NO_PIG,Collecting data...
2026-06-11 10:02:36,34.45,30.48,0.0,NO_PIG,Collecting data...
2026-06-11 10:02:43,34.33,30.48,0.0,NO_PIG,Collecting data...
2026-06-11 10:02:46,34.78,30.73,0.0,NO_PIG,Collecting data...
2026-06-11 10:02:51,34.81,30.75,0.0,NO_PIG,Collecting data...
2026-06-11 10:02:56,34.58,30.57,0.0,NO_PIG,Collecting data...
2026-06-11 10:03:00,34.44,30.56,0.0,NO_PIG,Collecting data...
2026-06-11 10:03:03,34.48,30.44,0.0,NO_PIG,Collecting data...
2026-06-11 10:03:07,34.5,30.51,0.0,NO_PIG,Collecting data...
2026-06-11 10:03:10,34.73,30.47,0.0,NO_PIG,Collecting data...
2026-06-11 10:03:14,34.38,30.33,0.0,NO_PIG,Collecting data...
2026-06-11 10:03:19,34.66,30.63,0.0,NO_PIG,Collecting data...
2026-06-11 10:03:22,34.34,30.41,0.0,NO_PIG,Collecting data...
2026-06-11 10:03:26,34.53,30.3,0.0,NO_PIG,Collecting data...
2026-06-11 10:03:29,34.53,30.49,0.0,NO_PIG,Collecting data...
2026-06-11 10:03:36,34.55,30.53,0.0,NO_PIG,Collecting data...
2026-06-11 10:03:40,34.78,30.78,0.0,NO_PIG,Collecting data...
2026-06-11 10:03:43,34.38,30.44,0.0,NO_PIG,Collecting data...
2026-06-11 10:03:47,34.54,30.38,0.0,NO_PIG,Collecting data...
2026-06-11 10:03:50,34.28,30.21,0.0,NO_PIG,Collecting data...
2026-06-11 10:03:57,34.6,30.62,0.0,NO_PIG,Collecting data...
2026-06-11 10:04:00,34.35,30.38,0.0,NO_PIG,Collecting data...
2026-06-11 10:04:03,34.98,30.54,0.0,NO_PIG,Collecting data...
2026-06-11 10:04:07,34.55,30.44,0.0,NO_PIG,Collecting data...
2026-06-11 10:04:11,34.5,30.41,0.0,NO_PIG,Collecting data...
2026-06-11 10:04:16,34.67,30.39,0.0,NO_PIG,Collecting data...
2026-06-11 10:04:19,34.41,30.32,0.0,NO_PIG,Collecting data...
2026-06-11 10:04:22,34.89,30.62,0.0,NO_PIG,Collecting data...
2026-06-11 10:04:26,34.77,30.61,0.0,NO_PIG,Collecting data...
2026-06-11 10:04:30,34.42,30.27,0.0,NO_PIG,Collecting data...
2026-06-11 10:04:33,34.73,30.57,0.0,NO_PIG,Collecting data...
2026-06-11 10:04:36,35.14,30.62,0.0,NO_PIG,Collecting data...
2026-06-11 10:04:40,34.84,30.67,0.0,NO_PIG,Collecting data...
2026-06-11 10:04:44,34.87,30.51,0.0,NO_PIG,Collecting data...
2026-06-11 10:04:49,35.07,30.75,0.0,NO_PIG,Collecting data...
2026-06-11 10:04:52,34.87,30.6,0.0,NO_PIG,Collecting data...
2026-06-11 10:04:56,34.99,30.68,0.0,NO_PIG,Collecting data...
2026-06-11 10:05:01,34.92,30.73,0.0,NO_PIG,Collecting data...
2026-06-11 10:05:06,34.78,30.37,0.0,NO_PIG,Collecting data...
2026-06-11 10:05:09,34.84,30.46,0.0,NO_PIG,Collecting data...
2026-06-11 10:05:15,34.71,30.31,0.0,NO_PIG,Collecting data...
2026-06-11 10:05:19,34.8,30.34,0.0,NO_PIG,Collecting data...
2026-06-11 10:05:24,35.2,30.69,0.0,NO_PIG,Collecting data...
2026-06-11 10:05:27,34.91,30.54,0.0,NO_PIG,Collecting data...
2026-06-11 10:05:30,35.18,30.75,0.0,NO_PIG,Collecting data...
2026-06-11 10:05:34,34.98,30.54,0.0,NO_PIG,Collecting data...
2026-06-11 10:05:37,35.23,30.72,0.0,NO_PIG,Collecting data...
2026-06-11 10:05:41,34.91,30.47,0.0,NO_PIG,Collecting data...
2026-06-11 10:05:44,34.72,30.45,0.0,NO_PIG,Collecting data...
2026-06-11 10:05:47,34.92,30.65,0.0,NO_PIG,Collecting data...
2026-06-11 10:05:51,35.15,30.7,0.0,NO_PIG,Collecting data...
2026-06-11 10:05:54,35.17,30.75,0.0,NO_PIG,Collecting data...
2026-06-11 10:05:58,35.01,30.49,0.0,NO_PIG,Collecting data...
2026-06-11 10:06:01,35.11,30.56,0.0,NO_PIG,Collecting data...
2026-06-11 10:06:04,35.18,30.87,0.0,NO_PIG,Collecting data...
2026-06-11 10:06:08,35.09,30.67,0.0,NO_PIG,Collecting data...
2026-06-11 10:06:11,34.87,30.48,0.0,NO_PIG,Collecting data...
2026-06-11 10:06:15,35.13,30.75,0.0,NO_PIG,Collecting data...
2026-06-11 10:06:18,35.13,30.76,0.0,NO_PIG,Collecting data...
2026-06-11 10:06:22,35.4,30.84,0.0,NO_PIG,Collecting data...
2026-06-11 10:06:25,35.01,30.62,0.0,NO_PIG,Collecting data...
2026-06-11 10:06:28,35.01,30.44,0.0,NO_PIG,Collecting data...
2026-06-11 10:06:32,34.84,30.49,0.0,NO_PIG,Collecting data...
2026-06-11 10:06:35,35.02,30.58,0.0,NO_PIG,Collecting data...
2026-06-11 10:06:39,35.19,30.76,0.0,NO_PIG,Collecting data...
2026-06-11 10:06:42,35.13,30.75,0.0,NO_PIG,Collecting data...
2026-06-11 10:06:45,35.24,30.84,0.0,NO_PIG,Collecting data...
2026-06-11 10:06:49,35.16,30.75,0.0,NO_PIG,Collecting data...
2026-06-11 10:06:53,35.24,30.82,0.0,NO_PIG,Collecting data...
2026-06-11 10:06:56,35.09,30.7,0.0,NO_PIG,Collecting data...
2026-06-11 10:06:59,35.04,30.63,0.0,NO_PIG,Collecting data...
2026-06-11 10:07:02,35.24,30.81,0.0,NO_PIG,Collecting data...
2026-06-11 10:07:11,35.18,30.65,0.0,NO_PIG,Collecting data...
2026-06-11 10:07:19,34.93,30.54,0.0,NO_PIG,Collecting data...
2026-06-11 10:07:28,34.85,30.56,0.0,NO_PIG,Collecting data...
2026-06-11 10:07:36,34.89,30.41,0.0,NO_PIG,Collecting data...
2026-06-11 10:07:47,34.93,30.69,0.0,NO_PIG,Collecting data...
2026-06-11 10:07:51,34.92,30.58,0.0,NO_PIG,Collecting data...
2026-06-11 10:07:56,34.66,30.46,0.0,NO_PIG,Collecting data...
2026-06-11 10:08:00,34.87,30.5,0.0,NO_PIG,Collecting data...
2026-06-11 10:08:04,34.81,30.58,0.0,NO_PIG,Collecting data...
2026-06-11 10:08:07,35.01,30.49,0.0,NO_PIG,Collecting data...
2026-06-11 10:08:10,35.0,30.75,0.0,NO_PIG,Collecting data...
2026-06-11 10:08:14,35.22,30.76,0.0,NO_PIG,Collecting data...
2026-06-11 10:08:18,34.79,30.47,0.0,NO_PIG,Collecting data...
2026-06-11 10:08:21,34.99,30.62,0.0,NO_PIG,Collecting data...
2026-06-11 10:08:26,35.1,30.67,0.0,NO_PIG,Collecting data...
2026-06-11 10:08:31,35.01,30.52,0.0,NO_PIG,Collecting data...
2026-06-11 10:08:36,34.89,30.56,0.0,NO_PIG,Collecting data...
2026-06-11 10:08:39,34.92,30.48,0.0,NO_PIG,Collecting data...
2026-06-11 10:08:43,34.88,30.6,0.0,NO_PIG,Collecting data...
2026-06-11 10:08:46,35.23,30.77,0.0,NO_PIG,Collecting data...
2026-06-11 10:08:50,35.35,30.64,0.0,NO_PIG,Collecting data...
2026-06-11 10:08:54,34.83,30.4,0.0,NO_PIG,Collecting data...
2026-06-11 10:08:57,35.16,30.68,0.0,NO_PIG,Collecting data...
2026-06-11 10:09:00,35.51,30.47,0.0,NO_PIG,Collecting data...
2026-06-11 10:09:04,35.12,30.6,0.0,NO_PIG,Collecting data...
2026-06-11 10:09:07,35.25,30.6,0.0,NO_PIG,Collecting data...
2026-06-11 10:09:11,35.17,30.53,0.0,NO_PIG,Collecting data...
2026-06-11 10:09:14,35.31,30.7,0.0,NO_PIG,Collecting data...
2026-06-11 10:09:17,35.21,30.61,0.0,NO_PIG,Collecting data...
2026-06-11 10:09:20,35.18,30.73,0.0,NO_PIG,Collecting data...
2026-06-11 10:09:24,35.12,30.59,0.0,NO_PIG,Collecting data...
2026-06-11 10:09:29,35.03,30.52,0.0,NO_PIG,Collecting data...
2026-06-11 10:09:32,34.9,30.46,0.0,NO_PIG,Collecting data...
2026-06-11 10:09:36,35.09,30.72,0.0,NO_PIG,Collecting data...
2026-06-11 10:09:39,35.24,30.7,0.0,NO_PIG,Collecting data...
2026-06-11 10:09:42,35.2,30.77,0.0,NO_PIG,Collecting data...
2026-06-11 10:09:46,35.24,30.68,0.0,NO_PIG,Collecting data...
2026-06-11 10:09:50,35.21,30.59,0.0,NO_PIG,Collecting data...
2026-06-11 10:09:53,34.97,30.54,0.0,NO_PIG,Collecting data...
2026-06-11 10:09:56,35.11,30.75,0.0,NO_PIG,Collecting data...
2026-06-11 10:10:00,35.08,30.63,0.0,NO_PIG,Collecting data...
2026-06-11 10:10:04,34.93,30.59,0.0,NO_PIG,Collecting data...
2026-06-11 10:10:07,35.02,30.56,0.0,NO_PIG,Collecting data...
2026-06-11 10:10:10,35.02,30.47,0.0,NO_PIG,Collecting data...
2026-06-11 10:10:13,34.88,30.48,0.0,NO_PIG,Collecting data...
2026-06-11 10:10:17,35.2,30.62,0.0,NO_PIG,Collecting data...
2026-06-11 10:10:21,34.8,30.44,0.0,NO_PIG,Collecting data...
2026-06-11 10:10:25,34.88,30.49,0.0,NO_PIG,Collecting data...
2026-06-11 10:10:29,34.8,30.45,0.0,NO_PIG,Collecting data...
2026-06-11 10:10:32,34.93,30.57,0.0,NO_PIG,Collecting data...
2026-06-11 10:10:37,35.02,30.54,0.0,NO_PIG,Collecting data...
2026-06-11 10:10:40,35.17,30.64,0.0,NO_PIG,Collecting data...
2026-06-11 10:10:44,35.0,30.58,0.0,NO_PIG,Collecting data...
2026-06-11 10:10:48,35.25,30.71,0.0,NO_PIG,Collecting data...
2026-06-11 10:10:51,35.1,30.62,0.0,NO_PIG,Collecting data...
2026-06-11 10:10:54,35.25,30.62,0.0,NO_PIG,Collecting data...
2026-06-11 10:10:58,35.23,30.51,0.0,NO_PIG,Collecting data...
2026-06-11 10:11:01,35.14,30.51,0.0,NO_PIG,Collecting data...
2026-06-11 10:11:05,35.2,30.63,0.0,NO_PIG,Collecting data...
2026-06-11 10:11:08,35.23,30.66,0.0,NO_PIG,Collecting data...
2026-06-11 10:11:11,35.28,30.73,0.0,NO_PIG,Collecting data...
2026-06-11 10:11:15,35.11,30.49,0.0,NO_PIG,Collecting data...
2026-06-11 10:11:20,35.42,30.66,0.0,NO_PIG,Collecting data...
2026-06-11 10:11:23,35.07,30.62,0.0,NO_PIG,Collecting data...
2026-06-11 10:11:26,35.39,30.89,0.0,NO_PIG,Collecting data...
2026-06-11 10:11:29,35.23,30.71,0.0,NO_PIG,Collecting data...
2026-06-11 10:11:33,35.49,30.73,0.0,NO_PIG,Collecting data...
2026-06-11 10:11:37,35.5,30.9,0.0,NO_PIG,Collecting data...
2026-06-11 10:11:40,35.41,30.76,0.0,NO_PIG,Collecting data...
2026-06-11 10:11:43,35.42,30.73,0.0,NO_PIG,Collecting data...
2026-06-11 10:11:46,35.11,30.63,0.0,NO_PIG,Collecting data...
2026-06-11 10:11:53,35.27,30.77,0.0,NO_PIG,Collecting data...
2026-06-11 10:11:56,35.28,30.74,0.0,NO_PIG,Collecting data...
2026-06-11 10:12:00,35.32,30.6,0.0,NO_PIG,Collecting data...
2026-06-11 10:12:03,35.44,30.77,0.0,NO_PIG,Collecting data...
2026-06-11 10:12:06,35.35,30.8,0.0,NO_PIG,Collecting data...
2026-06-11 10:12:10,35.37,30.72,0.0,NO_PIG,Collecting data...
2026-06-11 10:12:13,35.01,30.47,0.0,NO_PIG,Collecting data...
2026-06-11 10:12:17,35.51,30.8,0.0,NO_PIG,Collecting data...
2026-06-11 10:12:20,35.2,30.66,0.0,NO_PIG,Collecting data...
2026-06-11 10:12:24,35.16,30.65,0.0,NO_PIG,Collecting data...
2026-06-11 10:12:28,35.27,30.6,0.0,NO_PIG,Collecting data...
2026-06-11 10:12:31,35.37,30.67,0.0,NO_PIG,Collecting data...
2026-06-11 10:12:34,35.3,30.71,0.0,NO_PIG,Collecting data...
2026-06-11 10:12:38,35.2,30.44,0.0,NO_PIG,Collecting data...
2026-06-11 10:12:41,35.48,30.61,0.0,NO_PIG,Collecting data...
2026-06-11 10:12:45,35.31,30.43,0.0,NO_PIG,Collecting data...
2026-06-11 10:12:48,35.29,30.62,0.0,NO_PIG,Collecting data...
2026-06-11 10:12:54,35.33,30.64,0.0,NO_PIG,Collecting data...
2026-06-11 10:12:57,35.18,30.53,0.0,NO_PIG,Collecting data...
2026-06-11 10:13:02,35.52,30.68,0.0,NO_PIG,Collecting data...
2026-06-11 10:13:05,35.1,30.45,0.0,NO_PIG,Collecting data...
2026-06-11 10:13:08,35.25,30.5,0.0,NO_PIG,Collecting data...
2026-06-11 10:13:12,35.42,30.71,0.0,NO_PIG,Collecting data...
2026-06-11 10:13:15,37.57,30.47,0.0,NO_PIG,Collecting data...
2026-06-11 10:13:20,36.88,30.51,0.0,NO_PIG,Collecting data...
2026-06-11 10:13:23,36.82,30.51,0.0,NO_PIG,Collecting data...
2026-06-11 10:13:26,36.8,30.55,0.0,NO_PIG,Collecting data...
2026-06-11 10:13:30,36.69,30.65,0.0,NO_PIG,Collecting data...
2026-06-11 10:13:33,36.72,30.78,0.0,NO_PIG,Collecting data...
2026-06-11 10:13:37,36.42,30.61,0.0,NO_PIG,Collecting data...
2026-06-11 10:13:41,36.36,30.78,0.0,NO_PIG,Collecting data...
2026-06-11 10:13:44,36.23,30.62,0.0,NO_PIG,Collecting data...
2026-06-11 10:13:48,38.94,30.73,0.0,NO_PIG,Collecting data...
2026-06-11 10:13:51,38.67,30.67,0.0,NO_PIG,Collecting data...
2026-06-11 10:13:56,37.25,30.63,0.0,NO_PIG,Collecting data...
2026-06-11 10:13:59,35.11,30.56,0.0,NO_PIG,Collecting data...
2026-06-11 10:14:03,35.27,30.55,0.0,NO_PIG,Collecting data...
2026-06-11 10:14:07,35.39,30.49,0.0,NO_PIG,Collecting data...
2026-06-11 10:14:11,36.09,30.51,0.0,NO_PIG,Collecting data...
2026-06-11 10:14:15,38.05,30.97,0.0,NO_PIG,Collecting data...
2026-06-11 10:14:18,37.27,30.76,0.0,NO_PIG,Collecting data...
2026-06-11 10:14:21,35.46,30.92,0.0,NO_PIG,Collecting data...
2026-06-11 10:14:24,35.56,31.02,0.0,NO_PIG,Collecting data...
2026-06-11 10:14:28,37.19,30.91,0.0,NO_PIG,Collecting data...
2026-06-11 10:14:32,36.9,31.1,0.0,NO_PIG,Collecting data...
2026-06-11 10:14:35,36.84,30.81,0.0,NO_PIG,Collecting data...
2026-06-11 10:14:38,36.64,30.92,0.0,NO_PIG,Collecting data...
2026-06-11 10:14:41,36.73,30.86,0.0,NO_PIG,Collecting data...
2026-06-11 10:14:45,36.56,30.87,0.0,NO_PIG,Collecting data...
2026-06-11 10:14:49,36.16,30.71,0.0,NO_PIG,Collecting data...
2026-06-11 10:14:52,36.26,30.7,0.0,NO_PIG,Collecting data...
2026-06-11 10:14:55,36.43,30.76,0.0,NO_PIG,Collecting data...
2026-06-11 10:14:59,35.98,30.6,0.0,NO_PIG,Collecting data...
2026-06-11 10:15:02,35.98,30.78,0.0,NO_PIG,Collecting data...
2026-06-11 10:15:06,35.13,30.88,0.0,NO_PIG,Collecting data...
2026-06-11 10:15:09,35.78,30.81,0.0,NO_PIG,Collecting data...
2026-06-11 10:15:13,35.73,30.75,0.0,NO_PIG,Collecting data...
2026-06-11 10:15:16,35.22,30.55,0.0,NO_PIG,Collecting data...
2026-06-11 10:15:20,35.66,30.63,0.0,NO_PIG,Collecting data...
2026-06-11 10:15:24,35.64,30.7,0.0,NO_PIG,Collecting data...
2026-06-11 10:15:28,35.41,30.61,0.0,NO_PIG,Collecting data...
2026-06-11 10:15:31,35.52,30.62,0.0,NO_PIG,Collecting data...
2026-06-11 10:15:34,35.46,30.6,0.0,NO_PIG,Collecting data...
2026-06-11 10:15:38,35.36,30.74,0.0,NO_PIG,Collecting data...
2026-06-11 10:15:42,35.22,30.64,0.0,NO_PIG,Collecting data...
2026-06-11 10:15:45,35.19,30.6,0.0,NO_PIG,Collecting data...
2026-06-11 10:15:49,35.36,30.65,0.0,NO_PIG,Collecting data...
2026-06-11 10:15:52,35.16,30.67,0.0,NO_PIG,Collecting data...
2026-06-11 10:15:55,35.28,30.64,0.0,NO_PIG,Collecting data...
2026-06-11 10:15:59,35.21,30.65,0.0,NO_PIG,Collecting data...
2026-06-11 10:16:03,35.19,30.71,0.0,NO_PIG,Collecting data...
2026-06-11 10:16:06,35.21,30.52,0.0,NO_PIG,Collecting data...
2026-06-11 10:16:10,35.33,30.84,0.0,NO_PIG,Collecting data...
2026-06-11 10:16:14,35.22,31.13,0.0,NO_PIG,Collecting data...
2026-06-11 10:16:17,34.98,30.42,0.0,NO_PIG,Collecting data...
2026-06-11 10:16:21,34.98,30.47,0.0,NO_PIG,Collecting data...
2026-06-11 10:16:24,35.41,30.93,0.0,NO_PIG,Collecting data...
2026-06-11 10:16:28,35.28,30.68,0.0,NO_PIG,Collecting data...
2026-06-11 10:16:31,35.2,30.67,0.0,NO_PIG,Collecting data...
2026-06-11 10:16:36,34.98,30.56,0.0,NO_PIG,Collecting data...
2026-06-11 10:16:39,34.8,30.34,0.0,NO_PIG,Collecting data...
2026-06-11 10:16:42,35.06,30.28,0.0,NO_PIG,Collecting data...
2026-06-11 10:16:45,35.09,30.39,0.0,NO_PIG,Collecting data...
2026-06-11 10:16:49,35.26,30.61,0.0,NO_PIG,Collecting data...
2026-06-11 10:16:53,35.0,30.42,0.0,NO_PIG,Collecting data...
2026-06-11 10:16:57,35.2,30.32,0.0,NO_PIG,Collecting data...
2026-06-11 10:17:00,34.94,30.22,0.0,NO_PIG,Collecting data...
2026-06-11 10:17:03,35.11,30.24,0.0,NO_PIG,Collecting data...
2026-06-11 10:17:07,35.31,30.52,0.0,NO_PIG,Collecting data...
2026-06-11 10:17:11,34.92,30.11,0.0,NO_PIG,Collecting data...
2026-06-11 10:17:14,34.75,30.08,0.0,NO_PIG,Collecting data...
2026-06-11 10:17:17,35.11,30.41,0.0,NO_PIG,Collecting data...
2026-06-11 10:17:20,34.94,30.24,0.0,NO_PIG,Collecting data...
2026-06-11 10:17:25,34.91,30.33,0.0,NO_PIG,Collecting data...
2026-06-11 10:17:28,34.91,30.16,0.0,NO_PIG,Collecting data...
2026-06-11 10:17:32,35.02,30.37,0.0,NO_PIG,Collecting data...
2026-06-11 10:17:36,35.04,30.31,0.0,NO_PIG,Collecting data...
2026-06-11 10:17:39,34.95,30.23,0.0,NO_PIG,Collecting data...
2026-06-11 10:17:42,35.0,30.27,0.0,NO_PIG,Collecting data...
2026-06-11 10:17:46,35.04,30.19,0.0,NO_PIG,Collecting data...
2026-06-11 10:17:49,35.32,30.32,0.0,NO_PIG,Collecting data...
2026-06-11 10:17:52,35.15,30.46,0.0,NO_PIG,Collecting data...
2026-06-11 10:17:56,35.16,30.33,0.0,NO_PIG,Collecting data...
2026-06-11 10:17:59,35.26,30.33,0.0,NO_PIG,Collecting data...
2026-06-11 10:18:03,35.19,30.31,0.0,NO_PIG,Collecting data...
2026-06-11 10:18:07,35.14,30.29,0.0,NO_PIG,Collecting data...
2026-06-11 10:18:10,35.12,30.33,0.0,NO_PIG,Collecting data...
2026-06-11 10:18:14,35.1,30.29,0.0,NO_PIG,Collecting data...
2026-06-11 10:18:17,35.12,30.31,0.0,NO_PIG,Collecting data...
2026-06-11 10:18:21,35.3,30.3,0.0,NO_PIG,Collecting data...
2026-06-11 10:18:24,35.31,30.25,0.0,NO_PIG,Collecting data...
2026-06-11 10:18:28,35.5,30.48,0.0,NO_PIG,Collecting data...
2026-06-11 10:18:31,35.42,30.42,0.0,NO_PIG,Collecting data...
2026-06-11 10:18:35,35.54,30.66,0.0,NO_PIG,Collecting data...
2026-06-11 10:18:39,35.43,30.58,0.0,NO_PIG,Collecting data...
2026-06-11 10:18:42,35.69,30.85,0.0,NO_PIG,Collecting data...
2026-06-11 10:18:46,35.47,30.63,0.0,NO_PIG,Collecting data...
2026-06-11 10:18:49,35.45,30.6,0.0,NO_PIG,Collecting data...
2026-06-11 10:18:52,35.65,30.9,0.0,NO_PIG,Collecting data...
2026-06-11 10:18:56,35.59,30.82,0.0,NO_PIG,Collecting data...
2026-06-11 10:19:00,35.69,30.8,0.0,NO_PIG,Collecting data...
2026-06-11 10:19:03,35.6,30.72,0.0,NO_PIG,Collecting data...
2026-06-11 10:19:06,35.65,30.6,0.0,NO_PIG,Collecting data...
2026-06-11 10:19:09,35.64,30.73,0.0,NO_PIG,Collecting data...
2026-06-11 10:19:14,35.39,30.45,0.0,NO_PIG,Collecting data...
2026-06-11 10:19:17,35.47,30.47,0.0,NO_PIG,Collecting data...
2026-06-11 10:19:20,35.4,30.56,0.0,NO_PIG,Collecting data...
2026-06-11 10:19:24,35.27,30.51,0.0,NO_PIG,Collecting data...
2026-06-11 10:19:27,35.55,30.51,0.0,NO_PIG,Collecting data...
2026-06-11 10:19:31,35.63,30.63,0.0,NO_PIG,Collecting data...
2026-06-11 10:19:34,35.59,30.55,0.0,NO_PIG,Collecting data...
2026-06-11 10:19:38,35.59,30.5,0.0,NO_PIG,Collecting data...
2026-06-11 10:19:41,35.71,30.69,0.0,NO_PIG,Collecting data...
2026-06-11 10:19:44,35.95,30.78,0.0,NO_PIG,Collecting data...
2026-06-11 10:19:49,35.63,30.59,0.0,NO_PIG,Collecting data...
2026-06-11 10:19:56,35.63,30.63,0.0,NO_PIG,Collecting data...
2026-06-11 10:20:04,35.83,30.58,0.0,NO_PIG,Collecting data...
2026-06-11 10:20:07,35.47,30.45,0.0,NO_PIG,Collecting data...
2026-06-11 10:20:11,35.63,30.53,0.0,NO_PIG,Collecting data...
2026-06-11 10:20:14,35.76,30.49,0.0,NO_PIG,Collecting data...
2026-06-11 10:20:17,35.47,30.43,0.0,NO_PIG,Collecting data...
2026-06-11 10:20:20,35.69,30.57,0.0,NO_PIG,Collecting data...
2026-06-11 10:20:24,35.76,30.61,0.0,NO_PIG,Collecting data...
2026-06-11 10:20:28,35.64,30.5,0.0,NO_PIG,Collecting data...
2026-06-11 10:20:31,35.84,30.78,0.0,NO_PIG,Collecting data...
2026-06-11 10:20:34,35.76,30.61,0.0,NO_PIG,Collecting data...
2026-06-11 10:20:37,36.0,30.94,0.0,NO_PIG,Collecting data...
2026-06-11 10:20:41,35.97,30.77,0.0,NO_PIG,Collecting data...
2026-06-11 10:20:44,35.86,30.79,2.0,HEALTHY,Collecting data...
2026-06-11 10:20:48,35.89,30.9,2.0,HEALTHY,Collecting data...
2026-06-11 10:20:51,35.63,30.57,0.0,NO_PIG,Collecting data...
2026-06-11 10:20:54,36.03,30.87,2.0,HEALTHY,Collecting data...
2026-06-11 10:20:58,35.89,30.8,0.0,NO_PIG,Collecting data...
2026-06-11 10:21:02,36.06,30.89,2.0,HEALTHY,Collecting data...
2026-06-11 10:21:05,36.1,30.83,2.0,HEALTHY,Collecting data...
2026-06-11 10:21:08,36.03,30.88,2.0,HEALTHY,Collecting data...
2026-06-11 10:21:12,36.29,31.07,2.0,HEALTHY,Collecting data...
2026-06-11 10:21:16,36.21,30.86,2.0,HEALTHY,Collecting data...
2026-06-11 10:21:19,35.87,30.63,0.0,NO_PIG,Collecting data...
2026-06-11 10:21:22,35.82,30.73,0.0,NO_PIG,Collecting data...
2026-06-11 10:21:25,36.08,30.83,2.0,HEALTHY,Collecting data...
2026-06-11 10:21:29,36.06,30.88,2.0,HEALTHY,Collecting data...
2026-06-11 10:21:33,35.96,30.56,0.0,NO_PIG,Collecting data...
2026-06-11 10:21:36,35.99,30.84,2.0,HEALTHY,Collecting data...
2026-06-11 10:21:39,35.73,30.63,0.0,NO_PIG,Collecting data...
2026-06-11 10:21:42,36.0,30.81,2.0,HEALTHY,Collecting data...
2026-06-11 10:21:46,35.96,30.75,2.0,HEALTHY,Collecting data...
2026-06-11 10:21:50,35.86,30.79,2.0,HEALTHY,Collecting data...
2026-06-11 10:21:53,36.08,30.89,2.0,HEALTHY,Collecting data...
2026-06-11 10:21:56,35.94,30.68,0.0,NO_PIG,Collecting data...
2026-06-11 10:22:00,35.97,30.86,2.0,HEALTHY,Collecting data...
2026-06-11 10:22:03,35.86,30.74,0.0,NO_PIG,Collecting data...
2026-06-11 10:22:07,35.99,30.82,2.0,HEALTHY,Collecting data...
2026-06-11 10:22:10,36.17,30.95,2.0,HEALTHY,Collecting data...
2026-06-11 10:22:14,35.94,30.83,2.0,HEALTHY,Collecting data...
2026-06-11 10:22:17,35.86,30.66,0.0,NO_PIG,Collecting data...
2026-06-11 10:22:20,36.03,30.77,2.0,HEALTHY,Collecting data...
2026-06-11 10:22:24,36.1,30.81,2.0,HEALTHY,Collecting data...
2026-06-11 10:22:27,36.12,30.93,2.0,HEALTHY,Collecting data...
2026-06-11 10:22:30,36.06,30.74,2.0,HEALTHY,Collecting data...
2026-06-11 10:22:36,36.16,30.84,2.0,HEALTHY,Collecting data...
2026-06-11 10:22:40,36.15,30.9,2.0,HEALTHY,Collecting data...
2026-06-11 10:22:43,36.31,31.03,2.0,HEALTHY,Collecting data...
2026-06-11 10:22:47,36.4,30.97,2.0,HEALTHY,Collecting data...
2026-06-11 10:22:50,36.2,30.99,2.0,HEALTHY,Collecting data...
2026-06-11 10:22:53,36.22,30.8,2.0,HEALTHY,Collecting data...
2026-06-11 10:22:59,36.06,30.55,0.0,NO_PIG,Collecting data...
2026-06-11 10:23:03,36.01,30.64,2.0,HEALTHY,Collecting data...
2026-06-11 10:23:07,36.17,30.86,2.0,HEALTHY,Collecting data...
2026-06-11 10:23:12,36.06,30.5,0.0,NO_PIG,Collecting data...
2026-06-11 10:23:16,36.0,30.6,0.0,NO_PIG,Collecting data...
2026-06-11 10:23:19,35.81,30.48,0.0,NO_PIG,Collecting data...
2026-06-11 10:23:22,36.22,30.67,2.0,HEALTHY,Collecting data...
2026-06-11 10:23:26,36.09,30.67,2.0,HEALTHY,Collecting data...
2026-06-11 10:23:29,35.77,30.42,0.0,NO_PIG,Collecting data...
2026-06-11 10:23:33,35.9,30.63,2.0,HEALTHY,Collecting data...
2026-06-11 10:23:37,35.73,30.42,0.0,NO_PIG,Collecting data...
2026-06-11 10:23:40,35.78,30.53,0.0,NO_PIG,Collecting data...
2026-06-11 10:23:44,35.75,30.64,2.0,HEALTHY,Collecting data...
2026-06-11 10:23:47,35.81,30.59,2.0,HEALTHY,Collecting data...
2026-06-11 10:23:51,35.79,30.58,0.0,NO_PIG,Collecting data...
2026-06-11 10:23:55,35.89,30.61,0.0,NO_PIG,Collecting data...
2026-06-11 10:23:58,35.93,30.67,0.0,NO_PIG,Collecting data...
2026-06-11 10:24:01,36.11,30.72,2.0,HEALTHY,Collecting data...
2026-06-11 10:24:05,36.0,30.88,2.0,HEALTHY,Collecting data...
2026-06-11 10:24:09,36.04,30.9,2.0,HEALTHY,Collecting data...
2026-06-11 10:24:12,35.98,30.74,0.0,NO_PIG,Collecting data...
2026-06-11 10:24:16,35.9,30.65,0.0,NO_PIG,Collecting data...
2026-06-11 10:24:21,35.86,30.82,0.0,NO_PIG,Collecting data...
2026-06-11 10:24:25,35.83,30.79,0.0,NO_PIG,Collecting data...
2026-06-11 10:24:29,35.9,30.99,2.0,HEALTHY,Collecting data...
2026-06-11 10:24:32,35.82,30.8,0.0,NO_PIG,Collecting data...
2026-06-11 10:24:35,36.01,30.92,2.0,HEALTHY,Collecting data...
2026-06-11 10:24:40,35.72,30.86,0.0,NO_PIG,Collecting data...
2026-06-11 10:24:43,35.63,30.66,0.0,NO_PIG,Collecting data...
2026-06-11 10:24:46,35.63,30.63,0.0,NO_PIG,Collecting data...
2026-06-11 10:24:53,35.51,30.5,0.0,NO_PIG,Collecting data...
2026-06-11 10:24:56,35.61,30.55,0.0,NO_PIG,Collecting data...
2026-06-11 10:25:00,35.47,30.58,0.0,NO_PIG,Collecting data...
2026-06-11 10:25:04,35.72,30.57,0.0,NO_PIG,Collecting data...
2026-06-11 10:25:10,35.47,30.5,0.0,NO_PIG,Collecting data...
2026-06-11 10:25:13,35.3,30.37,0.0,NO_PIG,Collecting data...
2026-06-11 10:25:16,35.46,30.53,0.0,NO_PIG,Collecting data...
2026-06-11 10:25:20,35.61,30.48,0.0,NO_PIG,Collecting data...
2026-06-11 10:25:26,35.64,30.6,0.0,NO_PIG,Collecting data...
2026-06-11 10:25:31,35.43,30.5,0.0,NO_PIG,Collecting data...
2026-06-11 10:25:34,35.74,30.87,0.0,NO_PIG,Collecting data...
2026-06-11 10:25:38,35.72,30.7,0.0,NO_PIG,Collecting data...
2026-06-11 10:25:42,35.81,30.85,0.0,NO_PIG,Collecting data...
2026-06-11 10:25:45,35.93,30.87,0.0,NO_PIG,Collecting data...
2026-06-11 10:25:49,35.85,30.78,0.0,NO_PIG,Collecting data...
2026-06-11 10:25:54,35.51,30.67,0.0,NO_PIG,Collecting data...
2026-06-11 10:25:58,35.77,30.76,0.0,NO_PIG,Collecting data...
2026-06-11 10:26:01,35.71,30.75,0.0,NO_PIG,Collecting data...
2026-06-11 10:26:05,35.71,30.61,0.0,NO_PIG,Collecting data...
2026-06-11 10:26:08,35.64,30.57,0.0,NO_PIG,Collecting data...
2026-06-11 10:26:12,35.6,30.56,0.0,NO_PIG,Collecting data...
2026-06-11 10:26:17,35.74,30.53,0.0,NO_PIG,Collecting data...
2026-06-11 10:26:20,35.62,30.45,0.0,NO_PIG,Collecting data...
2026-06-11 10:26:24,35.78,30.57,0.0,NO_PIG,Collecting data...
2026-06-11 10:26:28,35.48,30.46,0.0,NO_PIG,Collecting data...
2026-06-11 10:26:32,35.79,30.67,0.0,NO_PIG,Collecting data...
2026-06-11 10:26:35,35.66,30.63,0.0,NO_PIG,Collecting data...
2026-06-11 10:26:40,35.66,30.69,0.0,NO_PIG,Collecting data...
2026-06-11 10:26:43,35.59,30.42,0.0,NO_PIG,Collecting data...
2026-06-11 10:26:49,35.83,30.64,0.0,NO_PIG,Collecting data...
2026-06-11 10:26:56,35.68,30.57,0.0,NO_PIG,Collecting data...
2026-06-11 10:26:59,35.44,30.38,0.0,NO_PIG,Collecting data...
2026-06-11 10:27:02,35.6,30.58,0.0,NO_PIG,Collecting data...
2026-06-11 10:27:06,35.84,30.7,0.0,NO_PIG,Collecting data...
2026-06-11 10:27:10,35.64,30.56,0.0,NO_PIG,Collecting data...
2026-06-11 10:27:14,35.87,30.64,0.0,NO_PIG,Collecting data...
2026-06-11 10:27:22,35.82,30.76,0.0,NO_PIG,Collecting data...
2026-06-11 10:27:26,35.68,30.53,0.0,NO_PIG,Collecting data...
2026-06-11 10:27:29,35.66,30.47,0.0,NO_PIG,Collecting data...
2026-06-11 10:27:32,35.6,30.43,0.0,NO_PIG,Collecting data...
2026-06-11 10:27:35,35.65,30.49,0.0,NO_PIG,Collecting data...
2026-06-11 10:27:42,35.79,30.65,0.0,NO_PIG,Collecting data...
2026-06-11 10:27:46,35.51,30.44,0.0,NO_PIG,Collecting data...
2026-06-11 10:27:49,35.67,30.47,0.0,NO_PIG,Collecting data...
2026-06-11 10:27:52,35.65,30.44,0.0,NO_PIG,Collecting data...
2026-06-11 10:27:56,35.59,30.51,0.0,NO_PIG,Collecting data...
2026-06-11 10:28:01,35.92,30.65,0.0,NO_PIG,Collecting data...
2026-06-11 10:28:05,35.64,30.45,0.0,NO_PIG,Collecting data...
2026-06-11 10:28:08,35.55,30.38,0.0,NO_PIG,Collecting data...
2026-06-11 10:28:12,35.71,30.56,0.0,NO_PIG,Collecting data...
2026-06-11 10:28:15,35.65,30.52,0.0,NO_PIG,Collecting data...
2026-06-11 10:28:18,35.84,30.61,0.0,NO_PIG,Collecting data...
2026-06-11 10:28:22,35.65,30.44,0.0,NO_PIG,Collecting data...
2026-06-11 10:28:31,35.69,30.49,0.0,NO_PIG,Collecting data...
2026-06-11 10:28:39,35.55,30.38,0.0,NO_PIG,Collecting data...
2026-06-11 10:28:48,35.68,30.61,0.0,NO_PIG,Collecting data...
2026-06-11 10:28:56,35.59,30.49,0.0,NO_PIG,Collecting data...
2026-06-11 10:29:04,35.62,30.55,0.0,NO_PIG,Collecting data...
2026-06-11 10:29:08,35.67,30.58,0.0,NO_PIG,Collecting data...
2026-06-11 10:29:11,35.72,30.59,0.0,NO_PIG,Collecting data...
2026-06-11 10:29:17,36.05,30.77,0.0,NO_PIG,Collecting data...
2026-06-11 10:29:22,35.78,30.64,0.0,NO_PIG,Collecting data...
2026-06-11 10:29:25,35.98,30.84,0.0,NO_PIG,Collecting data...
2026-06-11 10:29:28,35.79,30.52,0.0,NO_PIG,Collecting data...
2026-06-11 10:29:31,36.03,30.66,0.0,NO_PIG,Collecting data...
2026-06-11 10:29:35,35.82,30.58,0.0,NO_PIG,Collecting data...
2026-06-11 10:29:39,35.65,30.55,0.0,NO_PIG,Collecting data...
2026-06-11 10:29:46,35.75,30.59,0.0,NO_PIG,Collecting data...
2026-06-11 10:29:50,36.06,30.83,2.0,HEALTHY,Collecting data...
2026-06-11 10:29:53,35.97,30.83,2.0,HEALTHY,Collecting data...
2026-06-11 10:29:57,36.06,30.89,2.0,HEALTHY,Collecting data...
2026-06-11 10:30:01,35.98,30.82,2.0,HEALTHY,Collecting data...
2026-06-11 10:30:04,36.07,30.75,2.0,HEALTHY,Collecting data...
2026-06-11 10:30:07,36.05,30.82,2.0,HEALTHY,Collecting data...
2026-06-11 10:30:11,36.22,30.8,2.0,HEALTHY,Collecting data...
2026-06-11 10:30:20,35.92,30.67,0.0,NO_PIG,Collecting data...
2026-06-11 10:30:27,35.61,30.6,0.0,NO_PIG,Collecting data...
2026-06-11 10:30:37,35.9,30.72,0.0,NO_PIG,Collecting data...
2026-06-11 10:30:45,35.75,30.72,0.0,NO_PIG,Collecting data...
2026-06-11 10:30:58,35.9,30.88,0.0,NO_PIG,Collecting data...
2026-06-11 10:31:04,36.1,30.9,2.0,HEALTHY,Collecting data...
2026-06-11 10:31:08,35.93,30.86,2.0,HEALTHY,Collecting data...
2026-06-11 10:31:11,35.86,30.96,2.0,HEALTHY,Collecting data...
2026-06-11 10:31:14,35.9,30.95,0.0,NO_PIG,Collecting data...
2026-06-11 10:31:19,35.77,30.84,0.0,NO_PIG,Collecting data...
2026-06-11 10:31:22,35.76,30.77,0.0,NO_PIG,Collecting data...
2026-06-11 10:31:26,35.92,30.91,2.0,HEALTHY,Collecting data...
2026-06-11 10:31:29,35.67,30.71,0.0,NO_PIG,Collecting data...
2026-06-11 10:31:36,35.77,30.79,0.0,NO_PIG,Collecting data...
2026-06-11 10:31:40,35.82,30.87,2.0,HEALTHY,Collecting data...
2026-06-11 10:31:46,35.63,30.7,0.0,NO_PIG,Collecting data...
2026-06-11 10:31:49,35.63,30.65,0.0,NO_PIG,Collecting data...
2026-06-11 10:31:54,35.67,30.77,0.0,NO_PIG,Collecting data...
2026-06-11 10:31:58,35.63,30.57,0.0,NO_PIG,Collecting data...
2026-06-11 10:32:02,35.46,30.64,0.0,NO_PIG,Collecting data...
2026-06-11 10:32:05,35.8,30.92,0.0,NO_PIG,Collecting data...
2026-06-11 10:32:12,35.62,30.86,0.0,NO_PIG,Collecting data...
2026-06-11 10:32:15,35.72,30.72,0.0,NO_PIG,Collecting data...
2026-06-11 10:32:23,35.58,30.79,0.0,NO_PIG,Collecting data...
2026-06-11 10:32:27,36.02,30.95,0.0,NO_PIG,Collecting data...
2026-06-11 10:32:30,35.63,30.77,0.0,NO_PIG,Collecting data...
2026-06-11 10:32:33,35.56,30.78,0.0,NO_PIG,Collecting data...
2026-06-11 10:32:46,35.92,31.02,2.0,HEALTHY,Collecting data...
2026-06-11 10:33:09,35.74,30.8,0.0,NO_PIG,Collecting data...
2026-06-11 10:33:22,35.62,30.66,0.0,NO_PIG,Collecting data...
2026-06-11 10:33:26,35.69,30.68,0.0,NO_PIG,Collecting data...
2026-06-11 10:33:29,35.51,30.71,0.0,NO_PIG,Collecting data...
2026-06-11 10:33:33,35.87,30.9,0.0,NO_PIG,Collecting data...
2026-06-11 10:33:36,35.72,30.82,0.0,NO_PIG,Collecting data...
2026-06-11 10:33:39,35.74,30.9,0.0,NO_PIG,Collecting data...
2026-06-11 10:33:43,35.75,30.79,0.0,NO_PIG,Collecting data...
2026-06-11 10:33:47,36.02,31.0,0.0,NO_PIG,Collecting data...
2026-06-11 10:33:50,35.92,30.81,0.0,NO_PIG,Collecting data...
2026-06-11 10:33:54,35.68,30.86,0.0,NO_PIG,Collecting data...
2026-06-11 10:33:57,35.82,30.83,0.0,NO_PIG,Collecting data...
2026-06-11 10:34:02,35.93,30.9,0.0,NO_PIG,Collecting data...
2026-06-11 10:34:07,35.76,30.78,0.0,NO_PIG,Collecting data...
2026-06-11 10:34:10,35.71,30.84,0.0,NO_PIG,Collecting data...
2026-06-11 10:34:13,35.64,30.76,0.0,NO_PIG,Collecting data...
2026-06-11 10:34:17,35.71,30.76,0.0,NO_PIG,Collecting data...
2026-06-11 10:34:26,35.54,30.63,0.0,NO_PIG,Collecting data...
2026-06-11 10:34:29,35.47,30.55,0.0,NO_PIG,Collecting data...
2026-06-11 10:34:32,35.49,30.54,0.0,NO_PIG,Collecting data...
2026-06-11 10:34:36,35.72,30.62,0.0,NO_PIG,Collecting data...
2026-06-11 10:34:40,35.54,30.6,0.0,NO_PIG,Collecting data...
2026-06-11 10:34:47,35.47,30.66,0.0,NO_PIG,Collecting data...
2026-06-11 10:34:50,35.5,30.61,0.0,NO_PIG,Collecting data...
2026-06-11 10:34:54,35.45,30.74,0.0,NO_PIG,Collecting data...
2026-06-11 10:34:58,35.38,30.53,0.0,NO_PIG,Collecting data...
2026-06-11 10:35:02,35.52,30.51,0.0,NO_PIG,Collecting data...
2026-06-11 10:35:05,35.4,30.54,0.0,NO_PIG,Collecting data...
2026-06-11 10:35:09,35.63,30.65,0.0,NO_PIG,Collecting data...
2026-06-11 10:35:13,35.57,30.64,0.0,NO_PIG,Collecting data...
2026-06-11 10:35:17,35.39,30.52,0.0,NO_PIG,Collecting data...
2026-06-11 10:35:22,35.5,30.5,0.0,NO_PIG,Collecting data...
2026-06-11 10:35:26,35.44,30.64,0.0,NO_PIG,Collecting data...
2026-06-11 10:35:29,35.43,30.5,0.0,NO_PIG,Collecting data...
2026-06-11 10:35:32,35.71,30.7,0.0,NO_PIG,Collecting data...
2026-06-11 10:35:39,35.46,30.62,0.0,NO_PIG,Collecting data...
2026-06-11 10:35:42,35.44,30.52,0.0,NO_PIG,Collecting data...
2026-06-11 10:35:48,35.46,30.7,0.0,NO_PIG,Collecting data...
2026-06-11 10:35:52,35.66,30.99,0.0,NO_PIG,Collecting data...
2026-06-11 10:35:57,35.6,30.72,0.0,NO_PIG,Collecting data...
2026-06-11 10:36:02,35.64,30.89,0.0,NO_PIG,Collecting data...
2026-06-11 10:36:05,35.58,30.74,0.0,NO_PIG,Collecting data...
2026-06-11 10:36:08,35.58,30.85,0.0,NO_PIG,Collecting data...
2026-06-11 10:36:11,35.49,30.72,0.0,NO_PIG,Collecting data...
2026-06-11 10:36:15,35.6,30.82,0.0,NO_PIG,Collecting data...
2026-06-11 10:36:24,35.49,30.68,0.0,NO_PIG,Collecting data...
2026-06-11 10:36:32,35.13,30.39,0.0,NO_PIG,Collecting data...
2026-06-11 10:36:41,35.2,30.4,0.0,NO_PIG,Collecting data...
2026-06-11 10:36:50,35.24,30.39,0.0,NO_PIG,Collecting data...
2026-06-11 10:36:59,35.33,30.61,0.0,NO_PIG,Collecting data...
2026-06-11 10:37:02,35.29,30.49,0.0,NO_PIG,Collecting data...
2026-06-11 10:37:05,35.47,30.61,0.0,NO_PIG,Collecting data...
2026-06-11 10:37:09,35.5,30.67,0.0,NO_PIG,Collecting data...
2026-06-11 10:37:18,35.51,30.6,0.0,NO_PIG,Collecting data...
2026-06-11 10:37:26,35.22,30.41,0.0,NO_PIG,Collecting data...
2026-06-11 10:37:35,35.09,30.43,0.0,NO_PIG,Collecting data...
2026-06-11 10:37:45,35.21,30.51,0.0,NO_PIG,Collecting data...
2026-06-11 10:37:53,35.08,30.5,0.0,NO_PIG,Collecting data...
2026-06-11 10:37:58,35.1,30.65,0.0,NO_PIG,Collecting data...
2026-06-11 10:38:07,35.2,30.7,0.0,NO_PIG,Collecting data...
2026-06-11 10:38:11,35.01,30.59,0.0,NO_PIG,Collecting data...
2026-06-11 10:38:15,35.07,30.66,0.0,NO_PIG,Collecting data...
2026-06-11 10:38:19,34.99,30.67,0.0,NO_PIG,Collecting data...
2026-06-11 10:38:22,34.82,30.57,0.0,NO_PIG,Collecting data...
2026-06-11 10:38:25,34.85,30.62,0.0,NO_PIG,Collecting data...
2026-06-11 10:38:30,35.05,30.8,0.0,NO_PIG,Collecting data...
2026-06-11 10:38:34,34.95,30.68,0.0,NO_PIG,Collecting data...
2026-06-11 10:38:44,34.74,30.49,0.0,NO_PIG,Collecting data...
2026-06-11 10:38:57,34.59,30.38,0.0,NO_PIG,Collecting data...
2026-06-11 10:39:10,34.35,30.38,0.0,NO_PIG,Collecting data...
2026-06-11 10:39:24,34.33,30.32,0.0,NO_PIG,Collecting data...
2026-06-11 10:39:27,34.21,30.4,0.0,NO_PIG,Collecting data...
2026-06-11 10:39:31,34.32,30.45,0.0,NO_PIG,Collecting data...
2026-06-11 10:39:34,34.11,30.39,0.0,NO_PIG,Collecting data...
2026-06-11 10:39:40,34.13,30.27,0.0,NO_PIG,Collecting data...
2026-06-11 10:39:48,34.06,30.46,0.0,NO_PIG,Collecting data...
2026-06-11 10:39:51,34.08,30.32,0.0,NO_PIG,Collecting data...
2026-06-11 10:39:55,34.05,30.25,0.0,NO_PIG,Collecting data...
2026-06-11 10:39:59,33.85,30.23,0.0,NO_PIG,Collecting data...
2026-06-11 10:40:02,33.93,30.33,0.0,NO_PIG,Collecting data...
2026-06-11 10:40:08,33.72,30.26,0.0,NO_PIG,Collecting data...
2026-06-11 10:40:23,33.7,30.18,0.0,NO_PIG,Collecting data...
2026-06-11 10:40:31,33.81,30.19,0.0,NO_PIG,Collecting data...
2026-06-11 10:40:42,33.68,30.16,0.0,NO_PIG,Collecting data...
2026-06-11 10:40:54,33.64,30.28,0.0,NO_PIG,Collecting data...
2026-06-11 10:40:59,33.48,30.08,0.0,NO_PIG,Collecting data...
2026-06-11 10:41:04,33.29,30.01,0.0,NO_PIG,Collecting data...
2026-06-11 10:41:08,33.66,30.09,0.0,NO_PIG,Collecting data...
2026-06-11 10:41:11,33.52,30.11,0.0,NO_PIG,Collecting data...
2026-06-11 10:41:16,33.44,30.1,0.0,NO_PIG,Collecting data...
2026-06-11 10:41:19,33.43,30.12,0.0,NO_PIG,Collecting data...
2026-06-11 10:41:22,948.94,31.36,0.0,NO_PIG,Collecting data...
2026-06-11 10:41:28,33.37,30.13,0.0,NO_PIG,Collecting data...
2026-06-11 10:41:32,33.38,30.12,0.0,NO_PIG,Collecting data...
2026-06-11 10:41:35,33.45,30.19,0.0,NO_PIG,Collecting data...
2026-06-11 10:41:38,33.17,29.92,0.0,NO_PIG,Collecting data...
2026-06-11 10:41:43,33.51,30.15,0.0,NO_PIG,Collecting data...
2026-06-11 10:41:46,33.62,30.16,0.0,NO_PIG,Collecting data...
2026-06-11 10:41:52,33.45,30.29,0.0,NO_PIG,Collecting data...
2026-06-11 10:41:56,33.62,30.14,0.0,NO_PIG,Collecting data...
2026-06-11 10:41:59,33.5,30.12,0.0,NO_PIG,Collecting data...
2026-06-11 10:42:05,33.74,30.27,0.0,NO_PIG,Collecting data...
2026-06-11 10:42:11,33.59,30.19,0.0,NO_PIG,Collecting data...
2026-06-11 10:42:16,33.91,30.56,0.0,NO_PIG,Collecting data...
2026-06-11 10:42:19,33.6,30.28,0.0,NO_PIG,Collecting data...
2026-06-11 10:42:23,33.75,30.31,0.0,NO_PIG,Collecting data...
2026-06-11 10:42:28,33.74,30.27,0.0,NO_PIG,Collecting data...
2026-06-11 10:42:31,33.81,30.06,0.0,NO_PIG,Collecting data...
2026-06-11 10:42:34,33.98,30.37,0.0,NO_PIG,Collecting data...
2026-06-11 10:42:38,33.59,30.13,0.0,NO_PIG,Collecting data...
2026-06-11 10:42:41,33.81,30.2,0.0,NO_PIG,Collecting data...
2026-06-11 10:42:46,33.85,30.35,0.0,NO_PIG,Collecting data...
2026-06-11 10:42:50,33.92,30.33,0.0,NO_PIG,Collecting data...
2026-06-11 10:42:54,33.84,30.28,0.0,NO_PIG,Collecting data...
2026-06-11 10:42:57,33.73,30.25,0.0,NO_PIG,Collecting data...
2026-06-11 10:43:01,34.2,30.53,0.0,NO_PIG,Collecting data...
2026-06-11 10:43:05,34.15,30.41,0.0,NO_PIG,Collecting data...
2026-06-11 10:43:08,33.94,30.26,0.0,NO_PIG,Collecting data...
2026-06-11 10:43:11,34.0,30.34,0.0,NO_PIG,Collecting data...
2026-06-11 10:43:14,33.85,30.25,0.0,NO_PIG,Collecting data...
2026-06-11 10:43:18,34.0,30.41,0.0,NO_PIG,Collecting data...
2026-06-11 10:43:22,33.84,30.2,0.0,NO_PIG,Collecting data...
2026-06-11 10:43:31,34.05,30.47,0.0,NO_PIG,Collecting data...
2026-06-11 10:43:45,33.91,30.34,0.0,NO_PIG,Collecting data...
2026-06-11 10:43:54,34.12,30.23,0.0,NO_PIG,Collecting data...
2026-06-11 10:44:05,33.91,30.24,0.0,NO_PIG,Collecting data...
2026-06-11 10:44:10,34.3,30.27,0.0,NO_PIG,Collecting data...
2026-06-11 10:44:14,34.28,30.32,0.0,NO_PIG,Collecting data...
2026-06-11 10:44:18,34.3,30.35,0.0,NO_PIG,Collecting data...
2026-06-11 10:44:21,34.17,30.29,0.0,NO_PIG,Collecting data...
2026-06-11 10:44:29,34.37,30.26,0.0,NO_PIG,Collecting data...
2026-06-11 10:44:38,34.52,30.41,0.0,NO_PIG,Collecting data...
2026-06-11 10:44:47,34.24,30.11,0.0,NO_PIG,Collecting data...
2026-06-11 10:44:58,34.64,30.43,0.0,NO_PIG,Collecting data...
2026-06-11 10:45:07,34.65,30.4,0.0,NO_PIG,Collecting data...
2026-06-11 10:45:16,34.58,30.39,0.0,NO_PIG,Collecting data...
2026-06-11 10:45:24,34.56,30.49,0.0,NO_PIG,Collecting data...
2026-06-11 10:45:33,34.4,30.35,0.0,NO_PIG,Collecting data...
2026-06-11 10:45:41,34.42,30.22,0.0,NO_PIG,Collecting data...
2026-06-11 10:45:50,34.36,30.29,0.0,NO_PIG,Collecting data...
2026-06-11 10:45:58,34.46,30.28,0.0,NO_PIG,Collecting data...
2026-06-11 10:46:07,34.55,30.26,0.0,NO_PIG,Collecting data...
2026-06-11 10:46:16,34.79,30.31,0.0,NO_PIG,Collecting data...
2026-06-11 10:46:25,34.73,30.28,0.0,NO_PIG,Collecting data...
2026-06-11 10:46:33,34.65,30.27,0.0,NO_PIG,Collecting data...
2026-06-11 10:46:42,34.75,30.38,0.0,NO_PIG,Collecting data...
2026-06-11 10:46:50,34.7,30.26,0.0,NO_PIG,Collecting data...
2026-06-11 10:46:59,35.0,30.5,0.0,NO_PIG,Collecting data...
2026-06-11 10:47:07,34.98,30.36,0.0,NO_PIG,Collecting data...
2026-06-11 10:47:16,35.1,30.66,0.0,NO_PIG,Collecting data...
2026-06-11 10:47:21,34.88,30.36,0.0,NO_PIG,Collecting data...
2026-06-11 10:47:26,35.0,30.55,0.0,NO_PIG,Collecting data...
2026-06-11 10:47:35,34.76,30.29,0.0,NO_PIG,Collecting data...
2026-06-11 10:47:40,34.88,30.41,0.0,NO_PIG,Collecting data...
2026-06-11 10:47:45,35.22,30.6,0.0,NO_PIG,Collecting data...
2026-06-11 10:47:49,34.83,30.4,0.0,NO_PIG,Collecting data...
2026-06-11 10:47:53,34.97,30.35,0.0,NO_PIG,Collecting data...
2026-06-11 10:47:56,35.01,30.39,0.0,NO_PIG,Collecting data...
2026-06-11 10:47:59,35.35,30.46,0.0,NO_PIG,Collecting data...
2026-06-11 10:48:04,35.13,30.46,0.0,NO_PIG,Collecting data...
2026-06-11 10:48:08,35.26,30.62,0.0,NO_PIG,Collecting data...
2026-06-11 10:48:12,35.12,30.55,0.0,NO_PIG,Collecting data...
2026-06-11 10:48:16,35.04,30.46,0.0,NO_PIG,Collecting data...
2026-06-11 10:48:20,35.17,30.51,0.0,NO_PIG,Collecting data...
2026-06-11 10:48:24,35.38,30.6,0.0,NO_PIG,Collecting data...
2026-06-11 10:48:27,35.13,30.48,0.0,NO_PIG,Collecting data...
2026-06-11 10:48:32,35.12,30.51,0.0,NO_PIG,Collecting data...
2026-06-11 10:48:35,35.01,30.4,0.0,NO_PIG,Collecting data...
2026-06-11 10:48:39,35.09,30.49,0.0,NO_PIG,Collecting data...
2026-06-11 10:48:43,35.29,30.53,0.0,NO_PIG,Collecting data...
2026-06-11 10:48:46,35.43,30.64,0.0,NO_PIG,Collecting data...
2026-06-11 10:48:50,35.38,30.59,0.0,NO_PIG,Collecting data...
2026-06-11 10:48:54,35.28,30.49,0.0,NO_PIG,Collecting data...
2026-06-11 10:48:57,35.28,30.35,0.0,NO_PIG,Collecting data...
2026-06-11 10:49:02,35.47,30.52,0.0,NO_PIG,Collecting data...
2026-06-11 10:49:05,35.35,30.42,0.0,NO_PIG,Collecting data...
2026-06-11 10:49:08,35.25,30.37,0.0,NO_PIG,Collecting data...
2026-06-11 10:49:12,35.37,30.52,0.0,NO_PIG,Collecting data...
2026-06-11 10:49:15,35.33,30.41,0.0,NO_PIG,Collecting data...
2026-06-11 10:49:19,35.4,30.57,0.0,NO_PIG,Collecting data...
2026-06-11 10:49:23,35.49,30.57,0.0,NO_PIG,Collecting data...
2026-06-11 10:49:26,35.69,30.67,0.0,NO_PIG,Collecting data...
2026-06-11 10:49:29,35.53,30.59,0.0,NO_PIG,Collecting data...
2026-06-11 10:49:33,35.78,30.57,0.0,NO_PIG,Collecting data...
2026-06-11 10:49:37,35.52,30.56,0.0,NO_PIG,Collecting data...
2026-06-11 10:49:40,35.42,30.47,0.0,NO_PIG,Collecting data...
2026-06-11 10:49:43,35.73,30.59,0.0,NO_PIG,Collecting data...
2026-06-11 10:49:48,35.61,30.62,0.0,NO_PIG,Collecting data...
2026-06-11 10:49:52,35.74,30.63,0.0,NO_PIG,Collecting data...
2026-06-11 10:49:56,35.6,30.5,0.0,NO_PIG,Collecting data...
2026-06-11 10:49:59,35.65,30.47,0.0,NO_PIG,Collecting data...
2026-06-11 10:50:03,35.69,30.61,0.0,NO_PIG,Collecting data...
2026-06-11 10:50:08,35.69,30.59,0.0,NO_PIG,Collecting data...
2026-06-11 10:50:13,35.49,30.45,0.0,NO_PIG,Collecting data...
2026-06-11 10:50:16,35.69,30.48,0.0,NO_PIG,Collecting data...
2026-06-11 10:50:20,35.81,30.62,0.0,NO_PIG,Collecting data...
2026-06-11 10:50:23,35.87,30.63,0.0,NO_PIG,Collecting data...
2026-06-11 10:50:26,35.67,30.51,0.0,NO_PIG,Collecting data...
2026-06-11 10:50:30,35.61,30.4,0.0,NO_PIG,Collecting data...
2026-06-11 10:50:34,35.73,30.49,0.0,NO_PIG,Collecting data...
2026-06-11 10:50:37,35.83,30.58,0.0,NO_PIG,Collecting data...
2026-06-11 10:50:40,35.78,30.6,0.0,NO_PIG,Collecting data...
2026-06-11 10:50:43,35.8,30.61,0.0,NO_PIG,Collecting data...
2026-06-11 10:50:47,35.76,30.47,0.0,NO_PIG,Collecting data...
2026-06-11 10:50:51,35.75,30.59,0.0,NO_PIG,Collecting data...
2026-06-11 10:50:54,35.91,30.78,2.0,HEALTHY,Collecting data...
2026-06-11 10:50:57,36.04,30.74,2.0,HEALTHY,Collecting data...
2026-06-11 10:51:01,35.89,30.65,0.0,NO_PIG,Collecting data...
2026-06-11 10:51:06,35.83,30.67,2.0,HEALTHY,Collecting data...
2026-06-11 10:51:09,35.92,30.6,0.0,NO_PIG,Collecting data...
2026-06-11 10:51:12,36.03,30.71,2.0,HEALTHY,Collecting data...
2026-06-11 10:51:16,35.99,30.69,2.0,HEALTHY,Collecting data...
2026-06-11 10:51:19,36.03,30.64,2.0,HEALTHY,Collecting data...
2026-06-11 10:51:23,36.0,30.72,2.0,HEALTHY,Collecting data...
2026-06-11 10:51:27,36.17,30.74,2.0,HEALTHY,Collecting data...
2026-06-11 10:51:30,35.96,30.71,2.0,HEALTHY,Collecting data...
2026-06-11 10:51:34,35.98,30.63,2.0,HEALTHY,Collecting data...
2026-06-11 10:51:38,36.05,30.59,2.0,HEALTHY,Collecting data...
2026-06-11 10:51:43,35.99,30.61,2.0,HEALTHY,Collecting data...
2026-06-11 10:51:47,35.98,30.6,2.0,HEALTHY,Collecting data...
2026-06-11 10:51:50,36.12,30.71,2.0,HEALTHY,Collecting data...
2026-06-11 10:51:53,36.21,30.82,2.0,HEALTHY,Collecting data...
2026-06-11 10:51:57,35.94,30.64,2.0,HEALTHY,Collecting data...
2026-06-11 10:52:01,35.64,30.37,0.0,NO_PIG,Collecting data...
2026-06-11 10:52:04,35.94,30.66,2.0,HEALTHY,Collecting data...
2026-06-11 10:52:08,35.77,30.56,0.0,NO_PIG,Collecting data...
2026-06-11 10:52:11,35.98,30.65,2.0,HEALTHY,Collecting data...
2026-06-11 10:52:14,36.05,30.72,2.0,HEALTHY,Collecting data...
2026-06-11 10:52:19,35.84,30.68,2.0,HEALTHY,Collecting data...
2026-06-11 10:52:22,36.09,30.9,2.0,HEALTHY,Collecting data...
2026-06-11 10:52:26,52.45,30.71,81.0,FEVER,Collecting data...
2026-06-11 10:52:30,35.7,30.5,0.0,NO_PIG,Collecting data...
2026-06-11 10:52:34,36.03,30.78,2.0,HEALTHY,Collecting data...
2026-06-11 10:52:38,35.81,30.6,0.0,NO_PIG,Collecting data...
2026-06-11 10:52:41,35.95,30.7,0.0,NO_PIG,Collecting data...
2026-06-11 10:52:44,35.83,30.68,0.0,NO_PIG,Collecting data...
2026-06-11 10:52:47,35.84,30.63,0.0,NO_PIG,Collecting data...
2026-06-11 10:52:51,36.04,30.85,2.0,HEALTHY,Collecting data...
2026-06-11 10:52:55,35.9,30.79,2.0,HEALTHY,Collecting data...
2026-06-11 10:52:58,36.11,30.96,2.0,HEALTHY,Collecting data...
2026-06-11 10:53:02,36.0,30.65,0.0,NO_PIG,Collecting data...
2026-06-11 10:53:05,36.06,30.94,2.0,HEALTHY,Collecting data...
2026-06-11 10:53:08,36.1,30.94,2.0,HEALTHY,Collecting data...
2026-06-11 10:53:12,35.85,30.65,0.0,NO_PIG,Collecting data...
2026-06-11 10:53:15,35.91,30.63,0.0,NO_PIG,Collecting data...
2026-06-11 10:53:19,35.88,30.93,2.0,HEALTHY,Collecting data...
2026-06-11 10:53:22,35.87,30.98,2.0,HEALTHY,Collecting data...
2026-06-11 10:53:26,35.83,30.74,0.0,NO_PIG,Collecting data...
2026-06-11 10:53:30,35.83,30.75,0.0,NO_PIG,Collecting data...
2026-06-11 10:53:33,35.95,30.95,2.0,HEALTHY,Collecting data...
2026-06-11 10:53:37,36.28,31.01,2.0,HEALTHY,Collecting data...
2026-06-11 10:53:40,36.11,30.96,2.0,HEALTHY,Collecting data...
2026-06-11 10:53:43,36.09,31.32,2.0,HEALTHY,Collecting data...
2026-06-11 10:53:47,36.13,31.03,2.0,HEALTHY,Collecting data...
2026-06-11 10:53:50,36.01,30.87,2.0,HEALTHY,Collecting data...
2026-06-11 10:53:53,36.14,31.1,2.0,HEALTHY,Collecting data...
2026-06-11 10:53:57,36.33,30.91,2.0,HEALTHY,Collecting data...
2026-06-11 10:54:00,36.09,30.96,2.0,HEALTHY,Collecting data...
2026-06-11 10:54:04,36.01,30.8,2.0,HEALTHY,Collecting data...
2026-06-11 10:54:07,35.94,30.77,0.0,NO_PIG,Collecting data...
2026-06-11 10:54:11,35.89,30.82,2.0,HEALTHY,Collecting data...
2026-06-11 10:54:14,35.91,30.7,0.0,NO_PIG,Collecting data...
2026-06-11 10:54:17,35.78,30.62,0.0,NO_PIG,Collecting data...
2026-06-11 10:54:21,36.27,30.9,2.0,HEALTHY,Collecting data...
2026-06-11 10:54:24,36.14,30.92,2.0,HEALTHY,Collecting data...
2026-06-11 10:54:27,35.97,30.8,2.0,HEALTHY,Collecting data...
2026-06-11 10:54:31,35.73,30.72,0.0,NO_PIG,Collecting data...
2026-06-11 10:54:34,35.81,30.68,0.0,NO_PIG,Collecting data...
2026-06-11 10:54:38,35.75,30.61,0.0,NO_PIG,Collecting data...
2026-06-11 10:54:41,36.08,30.69,0.0,NO_PIG,Collecting data...
2026-06-11 10:54:45,35.8,30.66,0.0,NO_PIG,Collecting data...
2026-06-11 10:54:48,35.92,31.08,0.0,NO_PIG,Collecting data...
2026-06-11 10:54:51,35.89,30.74,2.0,HEALTHY,Collecting data...
2026-06-11 10:54:55,36.04,30.83,2.0,HEALTHY,Collecting data...
2026-06-11 10:54:59,35.87,30.75,2.0,HEALTHY,Collecting data...
2026-06-11 10:55:02,35.98,30.74,2.0,HEALTHY,Collecting data...
2026-06-11 10:55:05,36.12,30.86,2.0,HEALTHY,Collecting data...
2026-06-11 10:55:09,36.09,30.86,2.0,HEALTHY,Collecting data...
2026-06-11 10:55:13,36.28,31.02,2.0,HEALTHY,Collecting data...
2026-06-11 10:55:16,36.13,30.88,2.0,HEALTHY,Collecting data...
2026-06-11 10:55:19,35.92,30.77,2.0,HEALTHY,Collecting data...
2026-06-11 10:55:23,36.08,30.9,2.0,HEALTHY,Collecting data...
2026-06-11 10:55:26,35.99,30.96,2.0,HEALTHY,Collecting data...
2026-06-11 10:55:30,35.88,30.64,0.0,NO_PIG,Collecting data...
2026-06-11 10:55:33,36.12,30.97,2.0,HEALTHY,Collecting data...
2026-06-11 10:55:36,36.27,30.95,2.0,HEALTHY,Collecting data...
2026-06-11 10:55:39,36.1,30.66,2.0,HEALTHY,Collecting data...
2026-06-11 10:55:43,36.28,30.84,2.0,HEALTHY,Collecting data...
2026-06-11 10:55:47,36.37,30.91,2.0,HEALTHY,Collecting data...
2026-06-11 10:55:50,36.52,31.06,2.0,HEALTHY,Collecting data...
2026-06-11 10:55:54,36.34,30.9,2.0,HEALTHY,Collecting data...
2026-06-11 10:55:57,36.18,30.79,2.0,HEALTHY,Collecting data...
2026-06-11 10:56:00,36.2,30.82,2.0,HEALTHY,Collecting data...
2026-06-11 10:56:04,36.23,30.85,2.0,HEALTHY,Collecting data...
2026-06-11 10:56:07,36.58,30.91,2.0,HEALTHY,Collecting data...
2026-06-11 10:56:10,36.15,30.93,2.0,HEALTHY,Collecting data...
2026-06-11 10:56:13,36.61,31.03,2.0,HEALTHY,Collecting data...
2026-06-11 10:56:18,36.76,31.4,2.0,HEALTHY,Collecting data...
2026-06-11 10:56:21,36.44,31.08,2.0,HEALTHY,Collecting data...
2026-06-11 10:56:25,36.62,31.24,2.0,HEALTHY,Collecting data...
2026-06-11 10:56:28,36.68,31.17,2.0,HEALTHY,Collecting data...
2026-06-11 10:56:31,36.63,31.35,2.0,HEALTHY,Collecting data...
2026-06-11 10:56:35,36.71,31.33,2.0,HEALTHY,Collecting data...
2026-06-11 10:56:38,36.53,31.16,2.0,HEALTHY,Collecting data...
2026-06-11 10:56:42,36.61,31.36,2.0,HEALTHY,Collecting data...
2026-06-11 10:56:45,36.52,31.1,2.0,HEALTHY,Collecting data...
2026-06-11 10:56:48,36.52,31.25,2.0,HEALTHY,Collecting data...
2026-06-11 10:56:52,36.68,31.37,2.0,HEALTHY,Collecting data...
2026-06-11 10:56:56,36.59,31.29,2.0,HEALTHY,Collecting data...
2026-06-11 10:56:59,36.73,31.36,2.0,HEALTHY,Collecting data...
2026-06-11 10:57:02,36.43,31.13,2.0,HEALTHY,Collecting data...
2026-06-11 10:57:05,36.69,31.22,2.0,HEALTHY,Collecting data...
2026-06-11 10:57:09,36.47,31.24,2.0,HEALTHY,Collecting data...
2026-06-11 10:57:12,36.47,31.1,2.0,HEALTHY,Collecting data...
2026-06-11 10:57:16,36.74,31.33,2.0,HEALTHY,Collecting data...
2026-06-11 10:57:19,36.8,31.41,2.0,HEALTHY,Collecting data...
2026-06-11 10:57:22,36.83,31.28,2.0,HEALTHY,Collecting data...
2026-06-11 10:57:25,36.93,31.57,2.0,HEALTHY,Collecting data...
2026-06-11 10:57:30,36.74,31.39,2.0,HEALTHY,Collecting data...
2026-06-11 10:57:33,36.81,31.47,2.0,HEALTHY,Collecting data...
2026-06-11 10:57:36,36.72,31.3,2.0,HEALTHY,Collecting data...
2026-06-11 10:57:39,36.83,31.42,2.0,HEALTHY,Collecting data...
2026-06-11 10:57:42,36.8,31.36,2.0,HEALTHY,Collecting data...
2026-06-11 10:57:46,36.58,31.13,2.0,HEALTHY,Collecting data...
2026-06-11 10:57:50,36.62,31.24,2.0,HEALTHY,Collecting data...
2026-06-11 10:57:53,36.78,31.48,2.0,HEALTHY,Collecting data...
2026-06-11 10:57:56,36.81,31.29,2.0,HEALTHY,Collecting data...
2026-06-11 10:58:00,36.59,31.13,2.0,HEALTHY,Collecting data...
2026-06-11 10:58:04,36.61,31.15,2.0,HEALTHY,Collecting data...
2026-06-11 10:58:07,36.52,30.98,2.0,HEALTHY,Collecting data...
2026-06-11 10:58:10,36.54,31.12,2.0,HEALTHY,Collecting data...
2026-06-11 10:58:14,36.77,31.2,2.0,HEALTHY,Collecting data...
2026-06-11 10:58:17,36.49,31.18,2.0,HEALTHY,Collecting data...
2026-06-11 10:58:21,36.56,31.24,2.0,HEALTHY,Collecting data...
2026-06-11 10:58:24,36.57,31.08,2.0,HEALTHY,Collecting data...
2026-06-11 10:58:28,36.71,31.25,2.0,HEALTHY,Collecting data...
2026-06-11 10:58:31,36.71,31.17,2.0,HEALTHY,Collecting data...
2026-06-11 10:58:34,36.7,31.13,2.0,HEALTHY,Collecting data...
2026-06-11 10:58:38,36.3,30.98,2.0,HEALTHY,Collecting data...
2026-06-11 10:58:42,36.59,31.17,2.0,HEALTHY,Collecting data...
2026-06-11 10:58:45,36.39,31.04,2.0,HEALTHY,Collecting data...
2026-06-11 10:58:48,36.33,30.93,2.0,HEALTHY,Collecting data...
2026-06-11 10:58:52,36.4,30.95,2.0,HEALTHY,Collecting data...
2026-06-11 10:58:56,36.57,30.93,2.0,HEALTHY,Collecting data...
2026-06-11 10:58:59,36.31,30.92,2.0,HEALTHY,Collecting data...
2026-06-11 10:59:02,36.48,31.11,2.0,HEALTHY,Collecting data...
2026-06-11 10:59:06,36.51,31.09,2.0,HEALTHY,Collecting data...
2026-06-11 10:59:09,36.67,31.19,2.0,HEALTHY,Collecting data...
2026-06-11 10:59:13,36.47,30.88,2.0,HEALTHY,Collecting data...
2026-06-11 10:59:16,36.47,30.99,2.0,HEALTHY,Collecting data...
2026-06-11 10:59:19,36.53,31.03,2.0,HEALTHY,Collecting data...
2026-06-11 10:59:22,36.59,30.99,2.0,HEALTHY,Collecting data...
2026-06-11 10:59:26,36.52,31.03,2.0,HEALTHY,Collecting data...
2026-06-11 10:59:30,36.53,31.04,2.0,HEALTHY,Collecting data...
2026-06-11 10:59:33,36.51,31.05,2.0,HEALTHY,Collecting data...
2026-06-11 10:59:36,36.57,31.04,2.0,HEALTHY,Collecting data...
2026-06-11 10:59:40,36.39,30.89,2.0,HEALTHY,Collecting data...
2026-06-11 10:59:43,36.43,30.86,2.0,HEALTHY,Collecting data...
2026-06-11 10:59:47,36.33,30.82,2.0,HEALTHY,Collecting data...
2026-06-11 10:59:50,36.0,30.68,2.0,HEALTHY,Collecting data...
2026-06-11 10:59:54,36.46,30.93,2.0,HEALTHY,Collecting data...
2026-06-11 10:59:57,36.49,30.95,2.0,HEALTHY,Collecting data...
2026-06-11 11:00:00,36.51,31.02,2.0,HEALTHY,Collecting data...
2026-06-11 11:00:05,36.43,30.95,2.0,HEALTHY,Collecting data...
2026-06-11 11:00:08,36.36,30.9,2.0,HEALTHY,Collecting data...
2026-06-11 11:00:11,36.43,31.01,2.0,HEALTHY,Collecting data...
2026-06-11 11:00:14,36.4,31.08,2.0,HEALTHY,Collecting data...
2026-06-11 11:00:18,36.48,30.99,2.0,HEALTHY,Collecting data...
2026-06-11 11:00:21,36.38,30.89,2.0,HEALTHY,Collecting data...
2026-06-11 11:00:25,36.24,30.83,2.0,HEALTHY,Collecting data...
2026-06-11 11:00:28,36.3,30.9,2.0,HEALTHY,Collecting data...
2026-06-11 11:00:31,36.39,30.91,2.0,HEALTHY,Collecting data...
2026-06-11 11:00:35,36.32,30.94,2.0,HEALTHY,Collecting data...
2026-06-11 11:00:38,36.59,31.03,2.0,HEALTHY,Collecting data...
2026-06-11 11:00:42,36.5,30.99,2.0,HEALTHY,Collecting data...
2026-06-11 11:00:45,36.36,30.93,2.0,HEALTHY,Collecting data...
2026-06-11 11:00:49,36.53,31.1,2.0,HEALTHY,Collecting data...
2026-06-11 11:00:52,36.51,31.05,2.0,HEALTHY,Collecting data...
2026-06-11 11:00:56,36.65,31.23,2.0,HEALTHY,Collecting data...
2026-06-11 11:00:59,36.61,31.19,2.0,HEALTHY,Collecting data...
2026-06-11 11:01:03,36.39,31.06,2.0,HEALTHY,Collecting data...
2026-06-11 11:01:06,36.67,31.14,2.0,HEALTHY,Collecting data...
2026-06-11 11:01:09,36.48,31.14,2.0,HEALTHY,Collecting data...
2026-06-11 11:01:13,36.42,31.12,2.0,HEALTHY,Collecting data...
2026-06-11 11:01:17,36.67,31.18,2.0,HEALTHY,Collecting data...
2026-06-11 11:01:20,36.27,30.95,2.0,HEALTHY,Collecting data...
2026-06-11 11:01:24,36.31,31.01,2.0,HEALTHY,Collecting data...
2026-06-11 11:01:27,36.27,30.86,2.0,HEALTHY,Collecting data...
2026-06-11 11:01:31,36.08,30.69,2.0,HEALTHY,Collecting data...
2026-06-11 11:01:34,36.28,30.87,2.0,HEALTHY,Collecting data...
2026-06-11 11:01:37,36.43,31.01,2.0,HEALTHY,Collecting data...
2026-06-11 11:01:41,36.16,30.74,2.0,HEALTHY,Collecting data...
2026-06-11 11:01:44,36.36,30.88,2.0,HEALTHY,Collecting data...
2026-06-11 11:01:48,36.36,30.87,2.0,HEALTHY,Collecting data...
2026-06-11 11:01:51,36.29,30.85,2.0,HEALTHY,Collecting data...
2026-06-11 11:01:54,36.52,31.24,2.0,HEALTHY,Collecting data...
2026-06-11 11:01:58,36.56,31.1,2.0,HEALTHY,Collecting data...
2026-06-11 11:02:01,36.24,31.08,2.0,HEALTHY,Collecting data...
2026-06-11 11:02:05,36.37,31.13,2.0,HEALTHY,Collecting data...
2026-06-11 11:02:09,36.53,31.28,2.0,HEALTHY,Collecting data...
2026-06-11 11:02:12,36.53,31.18,2.0,HEALTHY,Collecting data...
2026-06-11 11:02:15,36.41,31.17,2.0,HEALTHY,Collecting data...
2026-06-11 11:02:18,36.53,31.13,2.0,HEALTHY,Collecting data...
2026-06-11 11:02:22,36.24,31.03,2.0,HEALTHY,Collecting data...
2026-06-11 11:02:26,36.42,31.16,2.0,HEALTHY,Collecting data...
2026-06-11 11:02:29,36.35,31.14,2.0,HEALTHY,Collecting data...
2026-06-11 11:02:32,36.35,31.15,2.0,HEALTHY,Collecting data...
2026-06-11 11:02:36,36.28,31.06,2.0,HEALTHY,Collecting data...
2026-06-11 11:02:39,36.36,30.88,2.0,HEALTHY,Collecting data...
2026-06-11 11:02:43,36.09,30.87,2.0,HEALTHY,Collecting data...
2026-06-11 11:02:46,36.27,31.09,2.0,HEALTHY,Collecting data...
2026-06-11 11:02:49,36.15,31.01,2.0,HEALTHY,Collecting data...
2026-06-11 11:02:53,36.22,31.08,2.0,HEALTHY,Collecting data...
2026-06-11 11:02:56,36.23,31.05,2.0,HEALTHY,Collecting data...
2026-06-11 11:03:00,36.11,31.0,2.0,HEALTHY,Collecting data...
2026-06-11 11:03:03,36.22,31.1,2.0,HEALTHY,Collecting data...
2026-06-11 11:03:06,36.27,31.05,2.0,HEALTHY,Collecting data...
2026-06-11 11:03:10,36.11,30.86,2.0,HEALTHY,Collecting data...
2026-06-11 11:03:14,35.95,30.84,2.0,HEALTHY,Collecting data...
2026-06-11 11:03:17,36.04,31.02,2.0,HEALTHY,Collecting data...
2026-06-11 11:03:20,36.17,30.89,2.0,HEALTHY,Collecting data...
2026-06-11 11:03:24,36.13,31.09,2.0,HEALTHY,Collecting data...
2026-06-11 11:03:27,36.14,31.03,2.0,HEALTHY,Collecting data...
2026-06-11 11:03:31,36.35,30.99,2.0,HEALTHY,Collecting data...
2026-06-11 11:03:34,36.2,31.06,2.0,HEALTHY,Collecting data...
2026-06-11 11:03:38,36.09,31.1,2.0,HEALTHY,Collecting data...
2026-06-11 11:03:41,36.23,30.97,2.0,HEALTHY,Collecting data...
2026-06-11 11:03:44,36.15,31.06,2.0,HEALTHY,Collecting data...
2026-06-11 11:03:48,36.35,31.23,2.0,HEALTHY,Collecting data...
2026-06-11 11:03:51,36.33,31.02,2.0,HEALTHY,Collecting data...
2026-06-11 11:03:54,36.36,31.29,2.0,HEALTHY,Collecting data...
2026-06-11 11:03:58,36.42,31.06,2.0,HEALTHY,Collecting data...
2026-06-11 11:04:01,36.23,31.01,2.0,HEALTHY,Collecting data...
2026-06-11 11:04:05,36.14,31.07,2.0,HEALTHY,Collecting data...
2026-06-11 11:04:09,36.17,31.11,2.0,HEALTHY,Collecting data...
2026-06-11 11:04:12,36.33,31.09,2.0,HEALTHY,Collecting data...
2026-06-11 11:04:15,36.09,30.96,2.0,HEALTHY,Collecting data...
2026-06-11 11:04:18,36.41,31.18,2.0,HEALTHY,Collecting data...
2026-06-11 11:04:22,36.28,31.09,2.0,HEALTHY,Collecting data...
2026-06-11 11:04:26,36.54,31.35,2.0,HEALTHY,Collecting data...
2026-06-11 11:04:29,36.55,31.3,2.0,HEALTHY,Collecting data...
2026-06-11 11:04:32,36.44,31.31,2.0,HEALTHY,Collecting data...
2026-06-11 11:04:36,36.44,31.35,2.0,HEALTHY,Collecting data...
2026-06-11 11:04:39,36.38,31.16,2.0,HEALTHY,Collecting data...
2026-06-11 11:04:43,36.47,31.33,2.0,HEALTHY,Collecting data...
2026-06-11 11:04:46,36.66,31.36,2.0,HEALTHY,Collecting data...
2026-06-11 11:04:49,36.55,31.3,2.0,HEALTHY,Collecting data...
2026-06-11 11:04:53,36.46,31.36,2.0,HEALTHY,Collecting data...
2026-06-11 11:04:57,36.68,31.51,2.0,HEALTHY,Collecting data...
2026-06-11 11:05:00,36.58,31.32,2.0,HEALTHY,Collecting data...
2026-06-11 11:05:04,36.64,31.36,2.0,HEALTHY,Collecting data...
2026-06-11 11:05:07,36.7,31.36,2.0,HEALTHY,Collecting data...
2026-06-11 11:05:10,36.53,31.35,2.0,HEALTHY,Collecting data...
2026-06-11 11:05:14,36.69,31.43,2.0,HEALTHY,Collecting data...
2026-06-11 11:05:17,36.66,31.36,2.0,HEALTHY,Collecting data...
2026-06-11 11:05:20,36.47,31.21,2.0,HEALTHY,Collecting data...
2026-06-11 11:05:24,36.68,31.4,2.0,HEALTHY,Collecting data...
2026-06-11 11:05:27,36.72,31.4,2.0,HEALTHY,Collecting data...
2026-06-11 11:05:31,36.75,31.31,2.0,HEALTHY,Collecting data...
2026-06-11 11:05:34,36.84,31.34,2.0,HEALTHY,Collecting data...
2026-06-11 11:05:38,36.7,31.37,2.0,HEALTHY,Collecting data...
2026-06-11 11:05:41,36.63,31.36,2.0,HEALTHY,Collecting data...
2026-06-11 11:05:44,37.04,31.35,2.0,HEALTHY,Collecting data...
2026-06-11 11:05:48,36.79,31.36,2.0,HEALTHY,Collecting data...
2026-06-11 11:05:51,37.1,31.57,2.0,HEALTHY,Collecting data...
2026-06-11 11:05:54,36.71,31.35,2.0,HEALTHY,Collecting data...
2026-06-11 11:05:58,36.89,31.58,2.0,HEALTHY,Collecting data...
2026-06-11 11:06:01,36.81,31.41,2.0,HEALTHY,Collecting data...
2026-06-11 11:06:05,36.72,31.32,2.0,HEALTHY,Collecting data...
2026-06-11 11:06:08,36.67,31.37,2.0,HEALTHY,Collecting data...
2026-06-11 11:06:11,36.78,31.43,2.0,HEALTHY,Collecting data...
2026-06-11 11:06:15,36.62,31.35,2.0,HEALTHY,Collecting data...
2026-06-11 11:06:18,36.66,31.3,2.0,HEALTHY,Collecting data...
2026-06-11 11:06:22,36.78,31.22,2.0,HEALTHY,Collecting data...
2026-06-11 11:06:25,36.52,31.03,2.0,HEALTHY,Collecting data...
2026-06-11 11:06:28,36.64,31.34,2.0,HEALTHY,Collecting data...
2026-06-11 11:06:32,36.7,31.22,2.0,HEALTHY,Collecting data...
2026-06-11 11:06:35,36.7,31.26,2.0,HEALTHY,Collecting data...
2026-06-11 11:06:39,36.55,31.19,2.0,HEALTHY,Collecting data...
2026-06-11 11:06:42,36.55,31.34,2.0,HEALTHY,Collecting data...
2026-06-11 11:06:46,36.46,31.19,2.0,HEALTHY,Collecting data...
2026-06-11 11:06:49,36.54,31.16,2.0,HEALTHY,Collecting data...
2026-06-11 11:06:52,36.69,31.38,2.0,HEALTHY,Collecting data...
2026-06-11 11:06:56,36.82,31.31,2.0,HEALTHY,Collecting data...
2026-06-11 11:06:59,36.7,31.4,2.0,HEALTHY,Collecting data...
2026-06-11 11:07:03,36.89,31.5,2.0,HEALTHY,Collecting data...
2026-06-11 11:07:06,36.69,31.29,2.0,HEALTHY,Collecting data...
2026-06-11 11:07:09,36.97,31.47,2.0,HEALTHY,Collecting data...
2026-06-11 11:07:13,36.82,31.54,2.0,HEALTHY,Collecting data...
2026-06-11 11:07:17,37.04,31.65,2.0,HEALTHY,Collecting data...
2026-06-11 11:07:20,36.98,31.56,2.0,HEALTHY,Collecting data...
2026-06-11 11:07:23,36.87,31.45,2.0,HEALTHY,Collecting data...
2026-06-11 11:07:27,37.23,31.69,2.0,HEALTHY,Collecting data...
2026-06-11 11:07:31,37.01,31.56,2.0,HEALTHY,Collecting data...
2026-06-11 11:07:34,37.09,31.76,2.0,HEALTHY,Collecting data...
2026-06-11 11:07:37,37.03,31.34,2.0,HEALTHY,Collecting data...
2026-06-11 11:07:41,37.16,31.67,2.0,HEALTHY,Collecting data...
2026-06-11 11:07:44,36.86,31.57,2.0,HEALTHY,Collecting data...
2026-06-11 11:07:48,37.0,31.53,2.0,HEALTHY,Collecting data...
2026-06-11 11:07:51,36.93,31.54,2.0,HEALTHY,Collecting data...
2026-06-11 11:07:55,37.07,31.62,2.0,HEALTHY,Collecting data...
2026-06-11 11:07:58,36.97,31.6,2.0,HEALTHY,Collecting data...
2026-06-11 11:08:01,37.05,31.62,2.0,HEALTHY,Collecting data...
2026-06-11 11:08:06,37.12,31.65,2.0,HEALTHY,Collecting data...
2026-06-11 11:08:09,36.99,31.49,2.0,HEALTHY,Collecting data...
2026-06-11 11:08:12,36.69,31.39,2.0,HEALTHY,Collecting data...
2026-06-11 11:08:16,36.75,31.44,2.0,HEALTHY,Collecting data...
2026-06-11 11:08:19,37.04,31.58,2.0,HEALTHY,Collecting data...
2026-06-11 11:08:23,37.14,31.57,2.0,HEALTHY,Collecting data...
2026-06-11 11:08:26,37.03,31.52,2.0,HEALTHY,Collecting data...
2026-06-11 11:08:30,37.3,31.76,2.0,HEALTHY,Collecting data...
2026-06-11 11:08:33,37.1,31.76,2.0,HEALTHY,Collecting data...
2026-06-11 11:08:36,37.27,31.66,2.0,HEALTHY,Collecting data...
2026-06-11 11:08:40,37.31,31.7,2.0,HEALTHY,Collecting data...
2026-06-11 11:08:43,36.99,31.57,2.0,HEALTHY,Collecting data...
2026-06-11 11:08:46,36.89,31.63,2.0,HEALTHY,Collecting data...
2026-06-11 11:08:50,36.84,31.47,2.0,HEALTHY,Collecting data...
2026-06-11 11:08:53,36.96,31.67,2.0,HEALTHY,Collecting data...
2026-06-11 11:08:57,36.76,31.39,2.0,HEALTHY,Collecting data...
2026-06-11 11:09:00,37.13,31.56,2.0,HEALTHY,Collecting data...
2026-06-11 11:09:04,36.98,31.63,2.0,HEALTHY,Collecting data...
2026-06-11 11:09:07,36.92,31.5,2.0,HEALTHY,Collecting data...
2026-06-11 11:09:10,37.03,31.57,2.0,HEALTHY,Collecting data...
2026-06-11 11:09:14,37.11,31.63,2.0,HEALTHY,Collecting data...
2026-06-11 11:09:18,37.2,31.75,2.0,HEALTHY,Collecting data...
2026-06-11 11:09:21,37.14,31.53,2.0,HEALTHY,Collecting data...
2026-06-11 11:09:24,36.94,31.41,2.0,HEALTHY,Collecting data...
2026-06-11 11:09:28,36.92,31.42,2.0,HEALTHY,Collecting data...
2026-06-11 11:09:31,36.83,31.37,2.0,HEALTHY,Collecting data...
2026-06-11 11:09:35,37.14,31.51,2.0,HEALTHY,Collecting data...
2026-06-11 11:09:38,37.24,31.59,2.0,HEALTHY,Collecting data...
2026-06-11 11:09:41,37.1,31.55,2.0,HEALTHY,Collecting data...
2026-06-11 11:09:45,37.21,31.71,2.0,HEALTHY,Collecting data...
2026-06-11 11:09:49,37.14,31.57,2.0,HEALTHY,Collecting data...
2026-06-11 11:09:52,37.03,31.53,2.0,HEALTHY,Collecting data...
2026-06-11 11:09:55,37.04,31.57,2.0,HEALTHY,Collecting data...
2026-06-11 11:10:02,37.08,31.51,2.0,HEALTHY,Collecting data...
2026-06-11 11:10:06,37.04,31.48,2.0,HEALTHY,Collecting data...
2026-06-11 11:10:10,37.03,31.51,2.0,HEALTHY,Collecting data...
2026-06-11 11:10:18,37.2,31.51,2.0,HEALTHY,Collecting data...
2026-06-11 11:10:22,36.95,31.48,2.0,HEALTHY,Collecting data...
2026-06-11 11:10:25,36.98,31.4,2.0,HEALTHY,Collecting data...
2026-06-11 11:10:29,37.02,31.46,2.0,HEALTHY,Collecting data...
2026-06-11 11:10:32,36.94,31.4,2.0,HEALTHY,Collecting data...
2026-06-11 11:10:37,36.91,31.41,2.0,HEALTHY,Collecting data...
2026-06-11 11:10:41,37.16,31.48,2.0,HEALTHY,Collecting data...
2026-06-11 11:10:44,36.89,31.26,2.0,HEALTHY,Collecting data...
2026-06-11 11:10:47,36.81,31.12,2.0,HEALTHY,Collecting data...
2026-06-11 11:10:50,36.94,31.35,2.0,HEALTHY,Collecting data...
2026-06-11 11:10:54,36.95,31.34,2.0,HEALTHY,Collecting data...
2026-06-11 11:10:58,36.81,31.19,2.0,HEALTHY,Collecting data...
2026-06-11 11:11:01,36.93,31.36,2.0,HEALTHY,Collecting data...
2026-06-11 11:11:04,37.05,31.42,2.0,HEALTHY,Collecting data...
2026-06-11 11:11:07,36.86,31.23,2.0,HEALTHY,Collecting data...
2026-06-11 11:11:11,36.98,31.21,2.0,HEALTHY,Collecting data...
2026-06-11 11:11:15,36.95,31.27,2.0,HEALTHY,Collecting data...
2026-06-11 11:11:18,37.05,31.35,2.0,HEALTHY,Collecting data...
2026-06-11 11:11:22,37.19,31.41,2.0,HEALTHY,Collecting data...
2026-06-11 11:11:25,37.15,31.33,2.0,HEALTHY,Collecting data...
2026-06-11 11:11:28,36.94,31.2,2.0,HEALTHY,Collecting data...
2026-06-11 11:11:32,36.91,31.17,2.0,HEALTHY,Collecting data...
2026-06-11 11:11:35,37.01,31.39,2.0,HEALTHY,Collecting data...
2026-06-11 11:11:39,37.12,31.34,2.0,HEALTHY,Collecting data...
2026-06-11 11:11:42,37.12,31.32,2.0,HEALTHY,Collecting data...
2026-06-11 11:11:45,36.78,31.06,2.0,HEALTHY,Collecting data...
2026-06-11 11:11:49,36.89,31.17,2.0,HEALTHY,Collecting data...
2026-06-11 11:11:52,37.07,31.23,2.0,HEALTHY,Collecting data...
2026-06-11 11:11:56,36.98,31.31,2.0,HEALTHY,Collecting data...
2026-06-11 11:11:59,36.92,31.2,2.0,HEALTHY,Collecting data...
2026-06-11 11:12:02,37.04,31.17,2.0,HEALTHY,Collecting data...
2026-06-11 11:12:06,36.91,31.26,2.0,HEALTHY,Collecting data...
2026-06-11 11:12:10,37.03,31.2,2.0,HEALTHY,Collecting data...
2026-06-11 11:12:13,37.03,31.12,2.0,HEALTHY,Collecting data...
2026-06-11 11:12:16,37.08,31.17,2.0,HEALTHY,Collecting data...
2026-06-11 11:12:19,37.17,31.28,2.0,HEALTHY,Collecting data...
2026-06-11 11:12:23,37.06,31.3,2.0,HEALTHY,Collecting data...
2026-06-11 11:12:27,37.15,31.3,2.0,HEALTHY,Collecting data...
2026-06-11 11:12:30,37.18,31.43,2.0,HEALTHY,Collecting data...
2026-06-11 11:12:33,37.12,31.36,2.0,HEALTHY,Collecting data...
2026-06-11 11:12:37,36.98,31.27,2.0,HEALTHY,Collecting data...
2026-06-11 11:12:41,36.98,31.21,2.0,HEALTHY,Collecting data...
2026-06-11 11:12:44,36.91,31.06,2.0,HEALTHY,Collecting data...
2026-06-11 11:12:47,36.99,31.08,2.0,HEALTHY,Collecting data...
2026-06-11 11:12:50,37.17,31.27,2.0,HEALTHY,Collecting data...
2026-06-11 11:12:54,37.02,31.18,2.0,HEALTHY,Collecting data...
2026-06-11 11:12:57,37.06,30.99,2.0,HEALTHY,Collecting data...
2026-06-11 11:13:01,37.12,31.35,2.0,HEALTHY,Collecting data...
2026-06-11 11:13:04,37.06,31.17,2.0,HEALTHY,Collecting data...
2026-06-11 11:13:08,37.05,31.2,2.0,HEALTHY,Collecting data...
2026-06-11 11:13:11,36.98,31.15,2.0,HEALTHY,Collecting data...
2026-06-11 11:13:15,37.01,31.01,2.0,HEALTHY,Collecting data...
2026-06-11 11:13:18,37.12,31.21,2.0,HEALTHY,Collecting data...
2026-06-11 11:13:21,37.13,31.11,2.0,HEALTHY,Collecting data...
2026-06-11 11:13:25,37.25,31.22,2.0,HEALTHY,Collecting data...
2026-06-11 11:13:28,37.17,31.25,2.0,HEALTHY,Collecting data...
2026-06-11 11:13:32,37.58,31.27,2.0,HEALTHY,Collecting data...
2026-06-11 11:13:35,37.41,31.32,2.0,HEALTHY,Collecting data...
2026-06-11 11:13:39,37.23,31.14,2.0,HEALTHY,Collecting data...
2026-06-11 11:13:42,37.33,31.23,2.0,HEALTHY,Collecting data...
2026-06-11 11:13:45,37.08,31.09,2.0,HEALTHY,Collecting data...
2026-06-11 11:13:49,37.12,31.13,2.0,HEALTHY,Collecting data...
2026-06-11 11:13:52,37.29,31.25,2.0,HEALTHY,Collecting data...
2026-06-11 11:13:55,37.24,31.24,2.0,HEALTHY,Collecting data...
2026-06-11 11:13:59,37.32,31.3,2.0,HEALTHY,Collecting data...
2026-06-11 11:14:02,37.28,31.53,2.0,HEALTHY,Collecting data...
2026-06-11 11:14:06,37.27,31.17,2.0,HEALTHY,Collecting data...
2026-06-11 11:14:10,37.31,31.39,2.0,HEALTHY,Collecting data...
2026-06-11 11:14:13,37.25,31.27,2.0,HEALTHY,Collecting data...
2026-06-11 11:14:16,37.43,31.52,2.0,HEALTHY,Collecting data...
2026-06-11 11:14:19,37.57,31.54,2.0,HEALTHY,Collecting data...
2026-06-11 11:14:23,37.13,31.14,2.0,HEALTHY,Collecting data...
2026-06-11 11:14:27,37.54,31.42,2.0,HEALTHY,Collecting data...
2026-06-11 11:14:30,37.41,31.38,2.0,HEALTHY,Collecting data...
2026-06-11 11:14:33,37.32,31.3,2.0,HEALTHY,Collecting data...
2026-06-11 11:14:37,37.5,31.29,2.0,HEALTHY,Collecting data...
2026-06-11 11:14:41,37.17,31.19,2.0,HEALTHY,Collecting data...
2026-06-11 11:14:44,37.59,31.33,2.0,HEALTHY,Collecting data...
2026-06-11 11:14:47,37.37,31.29,2.0,HEALTHY,Collecting data...
2026-06-11 11:14:51,37.34,31.23,2.0,HEALTHY,Collecting data...
2026-06-11 11:14:54,37.45,31.15,2.0,HEALTHY,Collecting data...
2026-06-11 11:14:58,37.17,31.03,2.0,HEALTHY,Collecting data...
2026-06-11 11:15:01,37.44,31.27,2.0,HEALTHY,Collecting data...
2026-06-11 11:15:04,37.4,31.3,2.0,HEALTHY,Collecting data...
2026-06-11 11:15:08,37.35,31.27,2.0,HEALTHY,Collecting data...
2026-06-11 11:15:11,37.42,31.23,2.0,HEALTHY,Collecting data...
2026-06-11 11:15:15,37.37,31.2,2.0,HEALTHY,Collecting data...
2026-06-11 11:15:18,37.24,31.12,2.0,HEALTHY,Collecting data...
2026-06-11 11:15:21,37.36,31.29,2.0,HEALTHY,Collecting data...
2026-06-11 11:15:24,37.35,31.08,2.0,HEALTHY,Collecting data...
2026-06-11 11:15:28,37.37,31.19,2.0,HEALTHY,Collecting data...
2026-06-11 11:15:31,37.2,31.19,2.0,HEALTHY,Collecting data...
2026-06-11 11:15:35,37.43,31.25,2.0,HEALTHY,Collecting data...
2026-06-11 11:15:38,37.41,31.29,2.0,HEALTHY,Collecting data...
2026-06-11 11:15:41,37.34,31.25,2.0,HEALTHY,Collecting data...
2026-06-11 11:15:45,37.44,31.26,2.0,HEALTHY,Collecting data...
2026-06-11 11:15:49,37.45,31.32,2.0,HEALTHY,Collecting data...
2026-06-11 11:15:52,37.36,31.24,2.0,HEALTHY,Collecting data...
2026-06-11 11:15:56,37.38,31.22,2.0,HEALTHY,Collecting data...
2026-06-11 11:15:59,37.54,31.36,2.0,HEALTHY,Collecting data...
2026-06-11 11:16:02,37.37,31.22,2.0,HEALTHY,Collecting data...
2026-06-11 11:16:06,37.27,31.21,2.0,HEALTHY,Collecting data...
2026-06-11 11:16:09,37.39,31.29,2.0,HEALTHY,Collecting data...
2026-06-11 11:16:13,37.41,31.42,2.0,HEALTHY,Collecting data...
2026-06-11 11:16:16,37.4,31.34,2.0,HEALTHY,Collecting data...
2026-06-11 11:16:19,37.26,31.21,2.0,HEALTHY,Collecting data...
2026-06-11 11:16:23,37.33,31.34,2.0,HEALTHY,Collecting data...
2026-06-11 11:16:27,37.44,31.41,2.0,HEALTHY,Collecting data...
2026-06-11 11:16:30,37.54,31.28,2.0,HEALTHY,Collecting data...
2026-06-11 11:16:33,37.6,31.5,2.0,HEALTHY,Collecting data...
2026-06-11 11:16:36,37.5,31.4,2.0,HEALTHY,Collecting data...
2026-06-11 11:16:40,37.5,31.36,2.0,HEALTHY,Collecting data...
2026-06-11 11:16:44,37.39,31.31,2.0,HEALTHY,Collecting data...
2026-06-11 11:16:47,37.69,31.46,2.0,HEALTHY,Collecting data...
2026-06-11 11:16:51,37.55,31.47,2.0,HEALTHY,Collecting data...
2026-06-11 11:16:54,37.63,31.38,2.0,HEALTHY,Collecting data...
2026-06-11 11:16:58,37.36,31.14,2.0,HEALTHY,Collecting data...
2026-06-11 11:17:01,37.66,31.53,2.0,HEALTHY,Collecting data...
2026-06-11 11:17:05,37.56,31.32,2.0,HEALTHY,Collecting data...
2026-06-11 11:17:08,37.81,31.27,2.0,HEALTHY,Collecting data...
2026-06-11 11:17:11,37.69,31.37,2.0,HEALTHY,Collecting data...
2026-06-11 11:17:15,37.4,31.24,2.0,HEALTHY,Collecting data...
2026-06-11 11:17:19,37.54,31.24,2.0,HEALTHY,Collecting data...
2026-06-11 11:17:22,37.46,31.17,2.0,HEALTHY,Collecting data...
2026-06-11 11:17:25,37.63,31.31,2.0,HEALTHY,Collecting data...
2026-06-11 11:17:28,37.42,31.63,2.0,HEALTHY,Collecting data...
2026-06-11 11:17:32,37.69,31.44,2.0,HEALTHY,Collecting data...
2026-06-11 11:17:35,37.46,31.27,2.0,HEALTHY,Collecting data...
2026-06-11 11:17:39,37.44,31.44,2.0,HEALTHY,Collecting data...
2026-06-11 11:17:42,37.9,31.64,2.0,HEALTHY,Collecting data...
2026-06-11 11:17:45,37.65,31.52,2.0,HEALTHY,Collecting data...
2026-06-11 11:17:49,37.57,31.36,2.0,HEALTHY,Collecting data...
2026-06-11 11:17:52,37.82,31.29,2.0,HEALTHY,Collecting data...
2026-06-11 11:17:56,37.74,31.54,2.0,HEALTHY,Collecting data...
2026-06-11 11:17:59,38.02,31.64,2.0,HEALTHY,Collecting data...
2026-06-11 11:18:03,37.57,31.37,2.0,HEALTHY,Collecting data...
2026-06-11 11:18:07,37.76,31.39,2.0,HEALTHY,Collecting data...
2026-06-11 11:18:10,37.77,31.33,2.0,HEALTHY,Collecting data...
2026-06-11 11:18:13,37.65,31.43,2.0,HEALTHY,Collecting data...
2026-06-11 11:18:17,37.65,31.31,2.0,HEALTHY,Collecting data...
2026-06-11 11:18:20,37.56,31.38,2.0,HEALTHY,Collecting data...
2026-06-11 11:18:24,37.44,31.23,2.0,HEALTHY,Collecting data...
2026-06-11 11:18:27,37.7,31.45,2.0,HEALTHY,Collecting data...
2026-06-11 11:18:31,37.55,31.41,2.0,HEALTHY,Collecting data...
2026-06-11 11:18:34,37.64,31.48,2.0,HEALTHY,Collecting data...
2026-06-11 11:18:37,37.7,31.48,2.0,HEALTHY,Collecting data...
2026-06-11 11:18:41,37.58,31.48,2.0,HEALTHY,Collecting data...
2026-06-11 11:18:45,37.66,31.47,2.0,HEALTHY,Collecting data...
2026-06-11 11:18:48,37.54,31.48,2.0,HEALTHY,Collecting data...
2026-06-11 11:18:51,37.66,31.41,2.0,HEALTHY,Collecting data...
2026-06-11 11:18:55,37.67,31.48,2.0,HEALTHY,Collecting data...
2026-06-11 11:18:59,37.71,31.3,2.0,HEALTHY,Collecting data...
2026-06-11 11:19:02,37.72,31.52,2.0,HEALTHY,Collecting data...
2026-06-11 11:19:05,37.65,31.52,2.0,HEALTHY,Collecting data...
2026-06-11 11:19:09,37.68,31.6,2.0,HEALTHY,Collecting data...
2026-06-11 11:19:12,37.41,31.43,2.0,HEALTHY,Collecting data...
2026-06-11 11:19:16,37.24,31.26,2.0,HEALTHY,Collecting data...
2026-06-11 11:19:19,37.42,31.53,2.0,HEALTHY,Collecting data...
2026-06-11 11:19:23,37.52,31.68,2.0,HEALTHY,Collecting data...
2026-06-11 11:19:26,37.64,31.45,2.0,HEALTHY,Collecting data...
2026-06-11 11:19:29,37.45,31.57,2.0,HEALTHY,Collecting data...
2026-06-11 11:19:33,37.33,31.48,2.0,HEALTHY,Collecting data...
2026-06-11 11:19:36,37.66,31.76,2.0,HEALTHY,Collecting data...
2026-06-11 11:19:40,37.51,31.63,2.0,HEALTHY,Collecting data...
2026-06-11 11:19:43,37.36,31.56,2.0,HEALTHY,Collecting data...
2026-06-11 11:19:47,37.44,31.49,2.0,HEALTHY,Collecting data...
2026-06-11 11:19:51,37.47,31.68,2.0,HEALTHY,Collecting data...
2026-06-11 11:19:54,37.46,31.52,2.0,HEALTHY,Collecting data...
2026-06-11 11:19:57,37.59,31.74,2.0,HEALTHY,Collecting data...
2026-06-11 11:20:00,37.41,31.62,2.0,HEALTHY,Collecting data...
2026-06-11 11:20:04,37.35,31.58,2.0,HEALTHY,Collecting data...
2026-06-11 11:20:08,37.45,31.54,2.0,HEALTHY,Collecting data...
2026-06-11 11:20:11,37.46,31.62,2.0,HEALTHY,Collecting data...
2026-06-11 11:20:14,37.44,31.63,2.0,HEALTHY,Collecting data...
2026-06-11 11:20:18,37.35,31.58,2.0,HEALTHY,Collecting data...
2026-06-11 11:20:21,37.28,31.44,2.0,HEALTHY,Collecting data...
2026-06-11 11:20:25,37.25,31.33,2.0,HEALTHY,Collecting data...
2026-06-11 11:20:28,37.24,31.49,2.0,HEALTHY,Collecting data...
2026-06-11 11:20:32,37.41,31.6,2.0,HEALTHY,Collecting data...
2026-06-11 11:20:35,37.27,31.44,2.0,HEALTHY,Collecting data...
2026-06-11 11:20:38,37.33,31.45,2.0,HEALTHY,Collecting data...
2026-06-11 11:20:42,37.18,31.53,2.0,HEALTHY,Collecting data...
2026-06-11 11:20:46,37.56,31.7,2.0,HEALTHY,Collecting data...
2026-06-11 11:20:49,37.22,31.41,2.0,HEALTHY,Collecting data...
2026-06-11 11:20:52,37.17,31.49,2.0,HEALTHY,Collecting data...
2026-06-11 11:20:56,37.22,31.45,2.0,HEALTHY,Collecting data...
2026-06-11 11:20:59,37.1,31.34,2.0,HEALTHY,Collecting data...
2026-06-11 11:21:03,37.09,31.32,2.0,HEALTHY,Collecting data...
2026-06-11 11:21:06,37.08,31.45,2.0,HEALTHY,Collecting data...
2026-06-11 11:21:09,37.02,31.36,2.0,HEALTHY,Collecting data...
2026-06-11 11:21:13,37.19,31.57,2.0,HEALTHY,Collecting data...
2026-06-11 11:21:16,36.93,31.41,2.0,HEALTHY,Collecting data...
2026-06-11 11:21:20,36.82,31.28,2.0,HEALTHY,Collecting data...
2026-06-11 11:21:23,36.94,31.15,2.0,HEALTHY,Collecting data...
2026-06-11 11:21:26,36.85,31.26,2.0,HEALTHY,Collecting data...
2026-06-11 11:21:30,36.92,31.43,2.0,HEALTHY,Collecting data...
2026-06-11 11:21:33,36.96,31.33,2.0,HEALTHY,Collecting data...
2026-06-11 11:21:37,37.13,31.29,2.0,HEALTHY,Collecting data...
2026-06-11 11:21:40,36.84,31.27,2.0,HEALTHY,Collecting data...
2026-06-11 11:21:43,36.97,31.44,2.0,HEALTHY,Collecting data...
2026-06-11 11:21:47,36.92,31.32,2.0,HEALTHY,Collecting data...
2026-06-11 11:21:51,36.94,31.34,2.0,HEALTHY,Collecting data...
2026-06-11 11:21:54,36.8,31.33,2.0,HEALTHY,Collecting data...
2026-06-11 11:21:58,36.89,31.38,2.0,HEALTHY,Collecting data...
2026-06-11 11:22:01,36.98,31.46,2.0,HEALTHY,Collecting data...
2026-06-11 11:22:04,36.9,31.46,2.0,HEALTHY,Collecting data...
2026-06-11 11:22:08,36.72,31.28,2.0,HEALTHY,Collecting data...
2026-06-11 11:22:11,36.81,31.42,2.0,HEALTHY,Collecting data...
2026-06-11 11:22:15,36.83,31.36,2.0,HEALTHY,Collecting data...
2026-06-11 11:22:18,36.91,31.48,2.0,HEALTHY,Collecting data...
2026-06-11 11:22:22,37.01,31.49,2.0,HEALTHY,Collecting data...
2026-06-11 11:22:26,36.92,31.52,2.0,HEALTHY,Collecting data...
2026-06-11 11:22:29,36.88,31.33,2.0,HEALTHY,Collecting data...
2026-06-11 11:22:32,37.07,31.45,2.0,HEALTHY,Collecting data...
2026-06-11 11:22:35,36.96,31.38,2.0,HEALTHY,Collecting data...
2026-06-11 11:22:39,36.89,31.37,2.0,HEALTHY,Collecting data...
2026-06-11 11:22:43,36.76,31.17,2.0,HEALTHY,Collecting data...
2026-06-11 11:22:46,36.58,31.15,2.0,HEALTHY,Collecting data...
2026-06-11 11:22:49,36.74,31.28,2.0,HEALTHY,Collecting data...
2026-06-11 11:22:52,36.92,31.27,2.0,HEALTHY,Collecting data...
2026-06-11 11:22:56,36.93,31.48,2.0,HEALTHY,Collecting data...
2026-06-11 11:23:00,36.86,31.35,2.0,HEALTHY,Collecting data...
2026-06-11 11:23:03,36.88,31.43,2.0,HEALTHY,Collecting data...
2026-06-11 11:23:07,36.86,31.32,2.0,HEALTHY,Collecting data...
2026-06-11 11:23:10,36.95,31.24,2.0,HEALTHY,Collecting data...
2026-06-11 11:23:13,36.76,31.23,2.0,HEALTHY,Collecting data...
2026-06-11 11:23:17,36.99,31.37,2.0,HEALTHY,Collecting data...
2026-06-11 11:23:20,36.89,31.42,2.0,HEALTHY,Collecting data...
2026-06-11 11:23:24,36.83,31.33,2.0,HEALTHY,Collecting data...
2026-06-11 11:23:27,36.91,31.29,2.0,HEALTHY,Collecting data...
2026-06-11 11:23:31,36.81,31.37,2.0,HEALTHY,Collecting data...
2026-06-11 11:23:34,36.62,31.18,2.0,HEALTHY,Collecting data...
2026-06-11 11:23:38,36.87,31.31,2.0,HEALTHY,Collecting data...
2026-06-11 11:23:41,36.87,31.41,2.0,HEALTHY,Collecting data...
2026-06-11 11:23:44,36.86,31.38,2.0,HEALTHY,Collecting data...
2026-06-11 11:23:48,36.59,31.27,2.0,HEALTHY,Collecting data...
2026-06-11 11:23:52,36.89,31.32,2.0,HEALTHY,Collecting data...
2026-06-11 11:23:55,36.77,31.24,2.0,HEALTHY,Collecting data...
2026-06-11 11:23:59,36.88,31.42,2.0,HEALTHY,Collecting data...
2026-06-11 11:24:02,36.91,31.31,2.0,HEALTHY,Collecting data...
2026-06-11 11:24:05,36.82,31.32,2.0,HEALTHY,Collecting data...
2026-06-11 11:24:09,36.62,31.37,2.0,HEALTHY,Collecting data...
2026-06-11 11:24:13,36.86,31.37,2.0,HEALTHY,Collecting data...
2026-06-11 11:24:16,36.8,31.23,2.0,HEALTHY,Collecting data...
2026-06-11 11:24:19,36.87,31.29,2.0,HEALTHY,Collecting data...
2026-06-11 11:24:22,36.73,31.39,2.0,HEALTHY,Collecting data...
2026-06-11 11:24:26,36.72,31.39,2.0,HEALTHY,Collecting data...
2026-06-11 11:24:29,36.57,31.23,2.0,HEALTHY,Collecting data...
2026-06-11 11:24:33,36.7,31.43,2.0,HEALTHY,Collecting data...
2026-06-11 11:24:36,36.69,31.4,2.0,HEALTHY,Collecting data...
2026-06-11 11:24:40,36.74,31.46,2.0,HEALTHY,Collecting data...
2026-06-11 11:24:43,36.74,31.38,2.0,HEALTHY,Collecting data...
2026-06-11 11:24:47,36.51,31.45,2.0,HEALTHY,Collecting data...
2026-06-11 11:24:50,36.42,31.44,2.0,HEALTHY,Collecting data...
2026-06-11 11:24:53,36.71,31.5,2.0,HEALTHY,Collecting data...
2026-06-11 11:24:57,36.51,31.42,2.0,HEALTHY,Collecting data...
2026-06-11 11:25:01,36.71,31.44,2.0,HEALTHY,Collecting data...
2026-06-11 11:25:04,36.49,31.3,2.0,HEALTHY,Collecting data...
2026-06-11 11:25:08,36.73,31.66,2.0,HEALTHY,Collecting data...
2026-06-11 11:25:11,837.17,32.58,81.0,FEVER,Rising rapidly
2026-06-11 11:25:15,36.51,31.32,2.0,HEALTHY,Rising rapidly
2026-06-11 11:25:19,36.82,31.57,2.0,HEALTHY,Rising rapidly
2026-06-11 11:25:22,36.56,31.57,2.0,HEALTHY,Rising rapidly
2026-06-11 11:25:26,36.28,31.43,2.0,HEALTHY,Rising rapidly
2026-06-11 11:25:29,36.58,31.59,2.0,HEALTHY,Rising rapidly
2026-06-11 11:25:32,36.56,31.52,2.0,HEALTHY,Rising rapidly
2026-06-11 11:25:36,36.61,31.44,2.0,HEALTHY,Rising rapidly
2026-06-11 11:25:40,36.66,31.34,2.0,HEALTHY,Rising rapidly
2026-06-11 11:25:43,36.62,31.48,2.0,HEALTHY,Rising rapidly
2026-06-11 11:25:46,36.83,31.56,2.0,HEALTHY,Rising rapidly
2026-06-11 11:25:50,36.65,31.31,2.0,HEALTHY,Rising rapidly
2026-06-11 11:25:53,36.49,31.24,2.0,HEALTHY,Rising rapidly
2026-06-11 11:25:57,36.63,31.28,2.0,HEALTHY,Rising rapidly
2026-06-11 11:26:00,36.71,31.44,2.0,HEALTHY,Rising rapidly
2026-06-11 11:26:03,36.56,31.45,2.0,HEALTHY,Rising rapidly
2026-06-11 11:26:07,36.8,31.42,2.0,HEALTHY,Rising rapidly
2026-06-11 11:26:10,36.55,31.27,2.0,HEALTHY,Rising rapidly
2026-06-11 11:26:14,36.8,31.61,2.0,HEALTHY,Rising rapidly
2026-06-11 11:26:17,36.62,31.44,2.0,HEALTHY,Rising rapidly
2026-06-11 11:26:20,36.65,31.41,2.0,HEALTHY,Rising rapidly
2026-06-11 11:26:24,36.88,31.85,2.0,HEALTHY,Rising rapidly
2026-06-11 11:26:28,36.8,31.45,2.0,HEALTHY,Rising rapidly
2026-06-11 11:26:31,36.6,31.3,2.0,HEALTHY,Rising rapidly
2026-06-11 11:26:34,36.65,31.65,2.0,HEALTHY,Rising rapidly
2026-06-11 11:26:37,36.84,31.35,2.0,HEALTHY,Rising rapidly
2026-06-11 11:26:41,36.65,31.35,2.0,HEALTHY,Rising rapidly
2026-06-11 11:26:45,36.75,31.34,2.0,HEALTHY,Rising rapidly
2026-06-11 11:26:48,36.67,31.44,2.0,HEALTHY,Rising rapidly
2026-06-11 11:26:52,36.83,31.33,2.0,HEALTHY,Rising rapidly
2026-06-11 11:26:55,36.68,31.27,2.0,HEALTHY,Rising rapidly
2026-06-11 11:26:58,36.77,31.37,2.0,HEALTHY,Rising rapidly
2026-06-11 11:27:02,36.79,31.37,2.0,HEALTHY,Rising rapidly
2026-06-11 11:27:06,36.85,31.36,2.0,HEALTHY,Rising rapidly
2026-06-11 11:27:09,37.06,31.48,2.0,HEALTHY,Rising rapidly
2026-06-11 11:27:12,36.68,31.18,2.0,HEALTHY,Rising rapidly
2026-06-11 11:27:16,36.78,31.32,2.0,HEALTHY,Rising rapidly
2026-06-11 11:27:20,36.81,31.1,2.0,HEALTHY,Rising rapidly
2026-06-11 11:27:23,36.76,31.25,2.0,HEALTHY,Rising rapidly
2026-06-11 11:27:27,36.85,31.32,2.0,HEALTHY,Rising rapidly
2026-06-11 11:27:30,36.95,31.26,2.0,HEALTHY,Rising rapidly
2026-06-11 11:27:33,36.89,31.23,2.0,HEALTHY,Rising rapidly
2026-06-11 11:27:37,37.0,31.29,2.0,HEALTHY,Rising rapidly
2026-06-11 11:27:40,37.16,31.48,2.0,HEALTHY,Rising rapidly
2026-06-11 11:27:44,37.08,31.34,2.0,HEALTHY,Rising rapidly
2026-06-11 11:27:47,37.0,31.42,2.0,HEALTHY,Rising rapidly
2026-06-11 11:27:50,37.15,31.42,2.0,HEALTHY,Rising rapidly
2026-06-11 11:27:55,36.79,31.2,2.0,HEALTHY,Rising rapidly
2026-06-11 11:27:58,36.87,31.2,2.0,HEALTHY,Rising rapidly
2026-06-11 11:28:02,36.94,31.28,2.0,HEALTHY,Rising rapidly
2026-06-11 11:28:05,36.88,31.23,2.0,HEALTHY,Rising rapidly
2026-06-11 11:28:08,36.94,31.4,2.0,HEALTHY,Rising rapidly
2026-06-11 11:28:12,36.91,31.24,2.0,HEALTHY,Rising rapidly
2026-06-11 11:28:15,36.85,31.29,2.0,HEALTHY,Rising rapidly
2026-06-11 11:28:18,36.84,31.24,2.0,HEALTHY,Rising rapidly
2026-06-11 11:28:22,37.01,31.31,2.0,HEALTHY,Rising rapidly
2026-06-11 11:28:25,37.14,31.43,2.0,HEALTHY,Rising rapidly
2026-06-11 11:28:29,37.05,31.35,2.0,HEALTHY,Rising rapidly
2026-06-11 11:28:32,37.12,31.44,2.0,HEALTHY,Rising rapidly
2026-06-11 11:28:36,36.86,31.26,2.0,HEALTHY,Rising rapidly
2026-06-11 11:28:39,37.05,31.31,2.0,HEALTHY,Rising rapidly
2026-06-11 11:28:42,36.94,31.2,2.0,HEALTHY,Rising rapidly
2026-06-11 11:28:46,36.83,31.15,2.0,HEALTHY,Rising rapidly
2026-06-11 11:28:50,37.18,31.28,2.0,HEALTHY,Rising rapidly
2026-06-11 11:28:55,37.27,31.19,2.0,HEALTHY,Rising rapidly
2026-06-11 11:28:58,37.08,31.27,2.0,HEALTHY,Rising rapidly
2026-06-11 11:29:01,37.0,31.32,2.0,HEALTHY,Rising rapidly
2026-06-11 11:29:05,37.26,31.58,2.0,HEALTHY,Rising rapidly
2026-06-11 11:29:08,36.96,31.3,2.0,HEALTHY,Rising rapidly
2026-06-11 11:29:12,37.17,31.3,2.0,HEALTHY,Rising rapidly
2026-06-11 11:29:15,37.16,31.19,2.0,HEALTHY,Rising rapidly
2026-06-11 11:29:18,37.2,31.34,2.0,HEALTHY,Rising rapidly
2026-06-11 11:29:22,36.62,31.73,0.0,NO_PIG,Rising rapidly
2026-06-11 11:29:25,37.09,31.36,2.0,HEALTHY,Rising rapidly
2026-06-11 11:29:29,37.26,31.29,2.0,HEALTHY,Rising rapidly
2026-06-11 11:29:32,37.07,31.59,2.0,HEALTHY,Rising rapidly
2026-06-11 11:29:35,37.3,31.41,2.0,HEALTHY,Rising rapidly
2026-06-11 11:29:39,37.57,31.56,2.0,HEALTHY,Rising rapidly
2026-06-11 11:29:43,37.28,31.37,2.0,HEALTHY,Rising rapidly
2026-06-11 11:29:46,37.41,31.66,2.0,HEALTHY,Rising rapidly
2026-06-11 11:29:50,37.29,31.47,2.0,HEALTHY,Rising rapidly
2026-06-11 11:29:53,37.13,31.3,2.0,HEALTHY,Rising rapidly
2026-06-11 11:29:56,37.29,31.48,2.0,HEALTHY,Rising rapidly
2026-06-11 11:30:00,37.42,31.61,2.0,HEALTHY,Rising rapidly
2026-06-11 11:30:03,37.21,31.52,2.0,HEALTHY,Rising rapidly
2026-06-11 11:30:07,37.58,31.79,2.0,HEALTHY,Rising rapidly
2026-06-11 11:30:10,37.44,31.62,2.0,HEALTHY,Rising rapidly
2026-06-11 11:30:14,37.15,31.56,2.0,HEALTHY,Rising rapidly
2026-06-11 11:30:17,37.73,31.78,2.0,HEALTHY,Rising rapidly
2026-06-11 11:30:20,37.11,31.94,2.0,HEALTHY,Rising rapidly
2026-06-11 11:30:24,37.67,31.67,2.0,HEALTHY,Rising rapidly
2026-06-11 11:30:27,37.78,31.91,2.0,HEALTHY,Rising rapidly
2026-06-11 11:30:31,37.37,31.53,2.0,HEALTHY,Rising rapidly
2026-06-11 11:30:34,37.62,32.15,2.0,HEALTHY,Rising rapidly
2026-06-11 11:30:37,37.48,31.7,2.0,HEALTHY,Rising rapidly
2026-06-11 11:30:41,37.27,31.51,2.0,HEALTHY,Rising rapidly
2026-06-11 11:30:44,37.42,31.65,2.0,HEALTHY,Rising rapidly
2026-06-11 11:30:48,37.44,31.65,2.0,HEALTHY,Rising rapidly
2026-06-11 11:30:51,37.28,31.41,2.0,HEALTHY,Rising rapidly
2026-06-11 11:30:55,37.29,31.54,2.0,HEALTHY,Rising rapidly
2026-06-11 11:30:58,37.28,31.36,2.0,HEALTHY,Rising rapidly
2026-06-11 11:31:01,37.33,31.53,2.0,HEALTHY,Rising rapidly
2026-06-11 11:31:05,37.34,31.54,2.0,HEALTHY,Rising rapidly
2026-06-11 11:31:09,37.32,31.5,2.0,HEALTHY,Rising rapidly
2026-06-11 11:31:12,37.42,31.62,2.0,HEALTHY,Rising rapidly
2026-06-11 11:31:15,37.18,31.47,2.0,HEALTHY,Rising rapidly
2026-06-11 11:31:19,37.61,31.63,2.0,HEALTHY,Rising rapidly
2026-06-11 11:31:23,37.45,31.71,2.0,HEALTHY,Rising rapidly
2026-06-11 11:31:26,37.4,31.63,2.0,HEALTHY,Rising rapidly
2026-06-11 11:31:29,37.27,31.73,2.0,HEALTHY,Rising rapidly
2026-06-11 11:31:33,37.6,31.88,2.0,HEALTHY,Rising rapidly
2026-06-11 11:31:36,37.4,31.77,2.0,HEALTHY,Rising rapidly
2026-06-11 11:31:40,37.65,31.74,2.0,HEALTHY,Rising rapidly
2026-06-11 11:31:43,37.41,31.67,2.0,HEALTHY,Rising rapidly
2026-06-11 11:31:46,37.48,31.85,2.0,HEALTHY,Rising rapidly
2026-06-11 11:31:50,37.4,31.71,2.0,HEALTHY,Rising rapidly
2026-06-11 11:31:53,37.41,31.71,2.0,HEALTHY,Rising rapidly
2026-06-11 11:31:57,37.44,31.62,2.0,HEALTHY,Rising rapidly
2026-06-11 11:32:00,37.49,31.74,2.0,HEALTHY,Rising rapidly
2026-06-11 11:32:04,37.5,31.67,2.0,HEALTHY,Rising rapidly
2026-06-11 11:32:07,37.52,31.66,2.0,HEALTHY,Rising rapidly
2026-06-11 11:32:10,37.61,31.83,2.0,HEALTHY,Rising rapidly
2026-06-11 11:32:14,37.25,31.59,2.0,HEALTHY,Rising rapidly
2026-06-11 11:32:18,37.49,31.76,2.0,HEALTHY,Rising rapidly
2026-06-11 11:32:21,37.61,32.3,2.0,HEALTHY,Rising rapidly
2026-06-11 11:32:24,37.49,31.59,2.0,HEALTHY,Rising rapidly
2026-06-11 11:32:27,37.66,31.72,2.0,HEALTHY,Rising rapidly
2026-06-11 11:32:31,37.5,31.56,2.0,HEALTHY,Rising rapidly
2026-06-11 11:32:35,37.69,31.78,2.0,HEALTHY,Rising rapidly
2026-06-11 11:32:39,37.75,31.79,2.0,HEALTHY,Rising rapidly
2026-06-11 11:32:42,37.87,31.89,2.0,HEALTHY,Rising rapidly
2026-06-11 11:32:45,37.66,31.82,2.0,HEALTHY,Rising rapidly
2026-06-11 11:32:49,37.58,31.71,2.0,HEALTHY,Rising rapidly
2026-06-11 11:32:53,37.81,31.95,2.0,HEALTHY,Rising rapidly
2026-06-11 11:32:56,37.69,31.79,2.0,HEALTHY,Rising rapidly
2026-06-11 11:32:59,37.82,31.93,2.0,HEALTHY,Rising rapidly
2026-06-11 11:33:02,37.83,31.95,2.0,HEALTHY,Rising rapidly
2026-06-11 11:33:06,37.61,31.7,2.0,HEALTHY,Rising rapidly
2026-06-11 11:33:09,37.87,32.04,2.0,HEALTHY,Rising rapidly
2026-06-11 11:33:13,37.78,31.91,2.0,HEALTHY,Rising rapidly
2026-06-11 11:33:16,37.71,31.77,2.0,HEALTHY,Rising rapidly
2026-06-11 11:33:19,37.66,31.77,2.0,HEALTHY,Rising rapidly
2026-06-11 11:33:23,37.7,31.86,2.0,HEALTHY,Rising rapidly
2026-06-11 11:33:26,37.63,31.68,2.0,HEALTHY,Rising rapidly
2026-06-11 11:33:30,37.76,31.77,2.0,HEALTHY,Rising rapidly
2026-06-11 11:33:33,37.65,31.73,2.0,HEALTHY,Rising rapidly
2026-06-11 11:33:36,37.75,31.67,2.0,HEALTHY,Rising rapidly
2026-06-11 11:33:40,37.49,31.64,2.0,HEALTHY,Rising rapidly
2026-06-11 11:33:44,37.52,31.7,2.0,HEALTHY,Rising rapidly
2026-06-11 11:33:47,37.66,31.87,2.0,HEALTHY,Rising rapidly
2026-06-11 11:33:50,37.62,31.68,2.0,HEALTHY,Rising rapidly
2026-06-11 11:33:54,37.69,31.69,2.0,HEALTHY,Rising rapidly
2026-06-11 11:33:58,37.57,31.54,2.0,HEALTHY,Rising rapidly
2026-06-11 11:34:01,37.45,31.35,2.0,HEALTHY,Rising rapidly
2026-06-11 11:34:04,37.78,31.76,2.0,HEALTHY,Rising rapidly
2026-06-11 11:34:07,37.57,31.44,2.0,HEALTHY,Rising rapidly
2026-06-11 11:34:11,37.55,31.56,2.0,HEALTHY,Rising rapidly
2026-06-11 11:34:15,37.66,31.56,2.0,HEALTHY,Rising rapidly
2026-06-11 11:34:18,37.6,31.5,2.0,HEALTHY,Rising rapidly
2026-06-11 11:34:21,37.86,31.75,2.0,HEALTHY,Rising rapidly
2026-06-11 11:34:24,37.52,31.43,2.0,HEALTHY,Rising rapidly
2026-06-11 11:34:28,37.67,31.51,2.0,HEALTHY,Rising rapidly
2026-06-11 11:34:32,37.77,31.6,2.0,HEALTHY,Rising rapidly
2026-06-11 11:34:35,37.95,31.69,2.0,HEALTHY,Rising rapidly
2026-06-11 11:34:39,37.65,31.7,2.0,HEALTHY,Rising rapidly
2026-06-11 11:34:42,37.65,31.65,2.0,HEALTHY,Rising rapidly
2026-06-11 11:34:45,37.51,31.49,2.0,HEALTHY,Rising rapidly
2026-06-11 11:34:49,37.68,31.59,2.0,HEALTHY,Rising rapidly
2026-06-11 11:34:52,37.89,31.74,2.0,HEALTHY,Rising rapidly
2026-06-11 11:34:56,37.53,31.67,2.0,HEALTHY,Rising rapidly
2026-06-11 11:34:59,37.52,31.58,2.0,HEALTHY,Rising rapidly
2026-06-11 11:35:02,37.66,31.6,2.0,HEALTHY,Rising rapidly
2026-06-11 11:35:06,37.47,31.61,2.0,HEALTHY,Rising rapidly
2026-06-11 11:35:10,37.55,31.55,2.0,HEALTHY,Rising rapidly
2026-06-11 11:35:13,37.41,31.47,2.0,HEALTHY,Rising rapidly
2026-06-11 11:35:16,613.65,469.71,55.0,FEVER,Rising rapidly
2026-06-11 11:35:20,37.22,31.47,2.0,HEALTHY,Rising rapidly
2026-06-11 11:35:24,37.4,31.65,2.0,HEALTHY,Rising rapidly
2026-06-11 11:35:28,37.39,31.52,2.0,HEALTHY,Rising rapidly
2026-06-11 11:35:31,37.23,31.48,2.0,HEALTHY,Rising rapidly
2026-06-11 11:35:34,37.08,31.38,2.0,HEALTHY,Rising rapidly
2026-06-11 11:35:37,37.2,31.44,2.0,HEALTHY,Rising rapidly
2026-06-11 11:35:41,37.1,31.31,2.0,HEALTHY,Rising rapidly
2026-06-11 11:35:45,37.16,31.48,2.0,HEALTHY,Rising rapidly
2026-06-11 11:35:48,37.19,31.44,2.0,HEALTHY,Rising rapidly
2026-06-11 11:35:51,37.04,31.28,2.0,HEALTHY,Rising rapidly
2026-06-11 11:35:54,37.12,31.34,2.0,HEALTHY,Rising rapidly
2026-06-11 11:35:58,37.01,31.31,2.0,HEALTHY,Rising rapidly
2026-06-11 11:36:02,37.07,31.39,2.0,HEALTHY,Rising rapidly
2026-06-11 11:36:05,37.07,31.38,2.0,HEALTHY,Rising rapidly
2026-06-11 11:36:08,37.14,31.3,2.0,HEALTHY,Rising rapidly
2026-06-11 11:36:12,36.99,31.22,2.0,HEALTHY,Rising rapidly
2026-06-11 11:36:16,37.14,31.51,2.0,HEALTHY,Rising rapidly
2026-06-11 11:36:20,36.89,31.39,2.0,HEALTHY,Rising rapidly
2026-06-11 11:36:23,37.09,31.43,2.0,HEALTHY,Rising rapidly
2026-06-11 11:36:26,36.93,31.35,2.0,HEALTHY,Rising rapidly
2026-06-11 11:36:30,37.05,31.41,2.0,HEALTHY,Rising rapidly
2026-06-11 11:36:34,36.98,31.28,2.0,HEALTHY,Rising rapidly
2026-06-11 11:36:37,37.14,31.45,2.0,HEALTHY,Rising rapidly
2026-06-11 11:36:40,36.99,31.5,2.0,HEALTHY,Rising rapidly
2026-06-11 11:36:44,37.09,31.43,2.0,HEALTHY,Rising rapidly
2026-06-11 11:36:47,36.93,31.41,2.0,HEALTHY,Rising rapidly
2026-06-11 11:36:51,36.99,31.28,2.0,HEALTHY,Rising rapidly
2026-06-11 11:36:54,36.73,31.15,2.0,HEALTHY,Rising rapidly
2026-06-11 11:36:57,37.09,31.59,2.0,HEALTHY,Rising rapidly
2026-06-11 11:37:01,37.24,31.68,2.0,HEALTHY,Rising rapidly
2026-06-11 11:37:04,37.15,31.51,2.0,HEALTHY,Rising rapidly
2026-06-11 11:37:08,37.29,32.13,0.0,NO_PIG,Rising rapidly
2026-06-11 11:37:12,37.14,31.57,2.0,HEALTHY,Rising rapidly
2026-06-11 11:37:15,36.94,31.43,2.0,HEALTHY,Rising rapidly
2026-06-11 11:37:18,37.06,31.45,2.0,HEALTHY,Rising rapidly
2026-06-11 11:37:21,36.95,31.58,2.0,HEALTHY,Rising rapidly
2026-06-11 11:37:25,37.04,31.47,2.0,HEALTHY,Rising rapidly
2026-06-11 11:37:29,37.19,31.43,2.0,HEALTHY,Rising rapidly
2026-06-11 11:37:32,37.2,31.51,2.0,HEALTHY,Rising rapidly
2026-06-11 11:37:35,37.19,31.63,2.0,HEALTHY,Rising rapidly
2026-06-11 11:37:39,36.95,31.64,2.0,HEALTHY,Rising rapidly
2026-06-11 11:37:43,36.99,31.48,2.0,HEALTHY,Rising rapidly
2026-06-11 11:37:46,37.35,31.56,2.0,HEALTHY,Rising rapidly
2026-06-11 11:37:49,37.26,31.58,2.0,HEALTHY,Rising rapidly
2026-06-11 11:37:53,37.18,31.55,2.0,HEALTHY,Rising rapidly
2026-06-11 11:37:56,37.19,31.49,2.0,HEALTHY,Rising rapidly
2026-06-11 11:38:00,37.29,31.49,2.0,HEALTHY,Rising rapidly
2026-06-11 11:38:03,37.15,31.84,2.0,HEALTHY,Rising rapidly
2026-06-11 11:38:06,37.12,31.56,2.0,HEALTHY,Rising rapidly
2026-06-11 11:38:10,37.27,31.6,2.0,HEALTHY,Rising rapidly
2026-06-11 11:38:13,37.36,31.57,2.0,HEALTHY,Rising rapidly
2026-06-11 11:38:17,37.42,31.59,2.0,HEALTHY,Rising rapidly
2026-06-11 11:38:20,37.39,31.6,2.0,HEALTHY,Rising rapidly
2026-06-11 11:38:24,37.35,31.67,2.0,HEALTHY,Rising rapidly
2026-06-11 11:38:27,37.22,31.56,2.0,HEALTHY,Rising rapidly
2026-06-11 11:38:30,37.46,31.7,2.0,HEALTHY,Rising rapidly
2026-06-11 11:38:34,37.42,31.58,2.0,HEALTHY,Rising rapidly
2026-06-11 11:38:37,37.11,31.33,2.0,HEALTHY,Rising rapidly
2026-06-11 11:38:41,37.31,31.55,2.0,HEALTHY,Rising rapidly
2026-06-11 11:38:44,37.24,31.38,2.0,HEALTHY,Rising rapidly
2026-06-11 11:38:47,37.39,31.5,2.0,HEALTHY,Rising rapidly
2026-06-11 11:38:51,37.16,31.48,2.0,HEALTHY,Rising rapidly
2026-06-11 11:38:54,37.22,31.47,2.0,HEALTHY,Rising rapidly
2026-06-11 11:38:57,37.19,31.37,2.0,HEALTHY,Rising rapidly
2026-06-11 11:39:01,37.35,31.58,2.0,HEALTHY,Rising rapidly
2026-06-11 11:39:04,37.33,31.57,2.0,HEALTHY,Rising rapidly
2026-06-11 11:39:08,37.33,31.56,2.0,HEALTHY,Rising rapidly
2026-06-11 11:39:11,37.36,31.48,2.0,HEALTHY,Rising rapidly
2026-06-11 11:39:15,37.37,31.49,2.0,HEALTHY,Rising rapidly
2026-06-11 11:39:18,37.38,31.67,2.0,HEALTHY,Rising rapidly
2026-06-11 11:39:21,37.39,31.67,2.0,HEALTHY,Rising rapidly
2026-06-11 11:39:25,37.21,31.43,2.0,HEALTHY,Rising rapidly
2026-06-11 11:39:28,37.39,31.73,2.0,HEALTHY,Rising rapidly
2026-06-11 11:39:32,37.26,31.66,2.0,HEALTHY,Rising rapidly
2026-06-11 11:39:35,37.16,31.42,2.0,HEALTHY,Rising rapidly
2026-06-11 11:39:38,37.27,31.74,2.0,HEALTHY,Rising rapidly
2026-06-11 11:39:42,37.64,31.65,2.0,HEALTHY,Rising rapidly
2026-06-11 11:39:46,37.09,31.46,2.0,HEALTHY,Rising rapidly
2026-06-11 11:39:49,37.07,31.51,2.0,HEALTHY,Rising rapidly
2026-06-11 11:39:52,37.17,31.5,2.0,HEALTHY,Rising rapidly
2026-06-11 11:39:56,37.57,31.81,2.0,HEALTHY,Rising rapidly
2026-06-11 11:40:00,37.39,31.76,2.0,HEALTHY,Rising rapidly
2026-06-11 11:40:03,37.11,31.6,2.0,HEALTHY,Rising rapidly
2026-06-11 11:40:06,37.29,31.63,2.0,HEALTHY,Rising rapidly
2026-06-11 11:40:09,37.15,31.52,2.0,HEALTHY,Rising rapidly
2026-06-11 11:40:13,37.4,31.7,2.0,HEALTHY,Rising rapidly
2026-06-11 11:40:16,37.12,31.45,2.0,HEALTHY,Rising rapidly
2026-06-11 11:40:19,37.0,31.33,2.0,HEALTHY,Rising rapidly
2026-06-11 11:40:23,37.06,31.52,2.0,HEALTHY,Rising rapidly
2026-06-11 11:40:26,37.15,31.64,2.0,HEALTHY,Rising rapidly
2026-06-11 11:40:29,37.18,31.5,2.0,HEALTHY,Rising rapidly
2026-06-11 11:40:33,37.05,31.38,2.0,HEALTHY,Rising rapidly
2026-06-11 11:40:36,36.99,31.5,2.0,HEALTHY,Rising rapidly
2026-06-11 15:18:04,39.8,33.52,0.0,NORMAL,Collecting data...
2026-06-11 15:18:11,40.33,33.84,32.0,ELEVATED,Collecting data...
2026-06-11 15:18:16,39.76,33.71,0.0,NORMAL,Stable
2026-06-11 15:18:20,39.9,33.56,0.0,NORMAL,Falling slowly
2026-06-11 15:18:24,41.36,33.96,81.0,FEVER,Rising rapidly
2026-06-11 15:18:30,40.38,16.76,27.0,ELEVATED,Rising slowly
2026-06-11 15:18:34,40.55,33.82,38.0,FEVER,Falling rapidly
2026-06-11 15:18:38,40.92,33.85,51.0,FEVER,Rising rapidly
2026-06-11 15:18:41,39.7,33.66,19.0,NORMAL,Falling rapidly
2026-06-11 15:18:45,40.58,33.76,81.0,FEVER,Falling slowly
2026-06-11 15:18:50,39.97,33.66,19.0,NORMAL,Rising slowly
2026-06-11 15:18:54,40.98,33.91,81.0,FEVER,Rising slowly
2026-06-11 15:18:59,40.54,33.78,38.0,FEVER,Rising rapidly
2026-06-11 15:19:03,41.48,33.92,81.0,FEVER,Rising slowly
2026-06-11 15:19:07,40.07,33.81,27.0,ELEVATED,Falling slowly
2026-06-11 15:19:10,41.43,33.88,81.0,FEVER,Stable
2026-06-11 15:19:15,41.22,33.94,38.0,FEVER,Rising rapidly
2026-06-11 15:19:18,40.33,33.78,27.0,ELEVATED,Falling rapidly
2026-06-11 15:19:23,39.73,33.66,19.0,NORMAL,Falling rapidly
2026-06-11 15:19:29,39.5,33.6,2.0,HEALTHY,Falling rapidly
2026-06-11 15:19:33,40.09,33.77,34.0,ELEVATED,Falling slowly
2026-06-11 15:19:38,40.46,33.59,34.0,ELEVATED,Rising rapidly
2026-06-11 15:19:43,41.25,34.12,81.0,FEVER,Rising rapidly
2026-06-11 15:19:47,41.15,34.08,38.0,FEVER,Rising rapidly
2026-06-11 15:19:51,41.96,34.18,81.0,FEVER,Rising rapidly
2026-06-11 15:19:55,44.24,35.1,81.0,FEVER,Rising rapidly
2026-06-11 15:20:00,45.73,35.74,81.0,FEVER,Rising rapidly
2026-06-11 15:20:04,44.52,35.6,38.0,FEVER,Rising slowly
2026-06-11 15:20:08,43.78,35.36,38.0,FEVER,Falling rapidly
2026-06-11 15:20:12,45.83,35.69,81.0,FEVER,Rising rapidly
2026-06-11 15:20:17,43.8,35.07,38.0,FEVER,Stable
2026-06-11 15:20:21,44.45,35.32,81.0,FEVER,Falling rapidly
2026-06-11 15:20:25,44.13,35.35,38.0,FEVER,Rising slowly
2026-06-11 15:20:29,43.96,35.26,38.0,FEVER,Falling slowly
2026-06-11 15:20:34,43.98,35.17,38.0,FEVER,Stable
2026-06-11 15:28:33,29.94,27.96,0.0,NO_PIG,Collecting data...
2026-06-11 15:28:38,29.97,28.02,0.0,NO_PIG,Collecting data...
2026-06-11 15:28:42,30.14,28.14,0.0,NO_PIG,Collecting data...
2026-06-11 15:28:46,29.91,28.11,0.0,NO_PIG,Collecting data...
2026-06-11 15:28:50,45.14,33.28,38.0,FEVER,Collecting data...
2026-06-11 15:28:58,44.49,33.21,38.0,FEVER,Collecting data...
2026-06-11 15:29:02,46.42,34.24,81.0,FEVER,Rising rapidly
2026-06-11 15:29:05,44.0,33.21,38.0,FEVER,Falling slowly
2026-06-11 15:29:09,42.54,32.95,38.0,FEVER,Falling rapidly
2026-06-11 15:29:14,42.62,33.09,38.0,FEVER,Falling rapidly
2026-06-11 15:29:19,41.74,32.83,38.0,FEVER,Falling rapidly
2026-06-11 15:29:22,43.18,35.13,81.0,FEVER,Rising rapidly
2026-06-11 15:29:27,42.3,34.2,38.0,FEVER,Rising rapidly
2026-06-11 15:29:31,46.33,33.94,81.0,FEVER,Rising rapidly
2026-06-11 15:29:35,48.24,37.05,81.0,FEVER,Rising rapidly
2026-06-11 15:29:38,37.78,30.67,2.0,HEALTHY,Rising rapidly
2026-06-11 15:29:42,33.47,28.95,0.0,NO_PIG,Rising rapidly
2026-06-11 15:29:46,36.41,30.31,0.0,NO_PIG,Rising rapidly
2026-06-11 15:29:50,30.29,28.12,0.0,NO_PIG,Rising rapidly
2026-06-11 15:29:54,35.39,31.32,2.0,HEALTHY,Rising rapidly
2026-06-11 15:29:58,30.4,28.05,0.0,NO_PIG,Rising rapidly
2026-06-11 15:30:02,31.94,28.22,0.0,NO_PIG,Rising rapidly
2026-06-11 15:30:05,31.53,28.22,0.0,NO_PIG,Rising rapidly
2026-06-11 15:30:10,31.58,28.19,0.0,NO_PIG,Rising rapidly
2026-06-11 15:30:13,32.15,28.28,0.0,NO_PIG,Rising rapidly
2026-06-11 15:30:18,32.26,28.26,0.0,NO_PIG,Rising rapidly
2026-06-11 15:30:21,31.91,28.52,0.0,NO_PIG,Rising rapidly
2026-06-11 15:30:25,31.73,28.17,0.0,NO_PIG,Rising rapidly
2026-06-11 15:30:29,31.58,28.14,0.0,NO_PIG,Rising rapidly
2026-06-11 15:30:33,31.88,28.17,0.0,NO_PIG,Rising rapidly
2026-06-11 15:30:37,32.0,28.21,0.0,NO_PIG,Rising rapidly
2026-06-11 15:30:41,31.66,28.09,0.0,NO_PIG,Rising rapidly
2026-06-11 15:30:46,32.14,28.2,0.0,NO_PIG,Rising rapidly
2026-06-11 15:30:50,31.53,28.13,0.0,NO_PIG,Rising rapidly
2026-06-11 15:30:53,29.98,28.0,0.0,NO_PIG,Rising rapidly
2026-06-11 15:30:56,30.45,27.97,0.0,NO_PIG,Rising rapidly
2026-06-11 15:31:00,34.82,29.45,0.0,NO_PIG,Rising rapidly
2026-06-11 15:31:05,35.35,30.17,0.0,NO_PIG,Rising rapidly
2026-06-11 15:31:09,35.25,29.58,0.0,NO_PIG,Rising rapidly
2026-06-11 15:31:12,30.57,28.12,0.0,NO_PIG,Rising rapidly
2026-06-11 15:31:16,34.86,29.55,0.0,NO_PIG,Rising rapidly
2026-06-11 15:31:19,34.68,28.92,0.0,NO_PIG,Rising rapidly
2026-06-11 15:31:25,30.51,28.05,0.0,NO_PIG,Rising rapidly
2026-06-11 15:31:29,31.02,28.08,0.0,NO_PIG,Rising rapidly
2026-06-11 15:31:32,32.63,28.33,0.0,NO_PIG,Rising rapidly
2026-06-11 15:31:36,32.71,28.28,0.0,NO_PIG,Rising rapidly
2026-06-11 15:31:40,31.92,28.15,0.0,NO_PIG,Rising rapidly
2026-06-11 15:31:44,32.4,28.1,0.0,NO_PIG,Rising rapidly
2026-06-11 15:31:47,32.61,28.17,0.0,NO_PIG,Rising rapidly
2026-06-11 15:31:51,32.28,28.15,0.0,NO_PIG,Rising rapidly
2026-06-11 15:31:54,32.24,28.08,0.0,NO_PIG,Rising rapidly
2026-06-11 15:31:58,32.25,28.08,0.0,NO_PIG,Rising rapidly
2026-06-11 15:32:02,31.98,27.93,0.0,NO_PIG,Rising rapidly
2026-06-11 15:32:06,32.28,27.95,0.0,NO_PIG,Rising rapidly
2026-06-11 15:32:09,32.14,28.05,0.0,NO_PIG,Rising rapidly
2026-06-11 15:32:13,31.95,27.95,0.0,NO_PIG,Rising rapidly
2026-06-11 15:32:18,34.87,30.52,0.0,NO_PIG,Rising rapidly
2026-06-11 15:32:22,35.01,29.69,0.0,NO_PIG,Rising rapidly
2026-06-11 15:32:25,30.9,27.98,0.0,NO_PIG,Rising rapidly
2026-06-11 15:32:30,31.71,28.17,0.0,NO_PIG,Rising rapidly
2026-06-11 15:32:35,33.67,28.36,0.0,NO_PIG,Rising rapidly
2026-06-11 15:32:38,33.37,28.39,0.0,NO_PIG,Rising rapidly
2026-06-11 15:32:42,33.47,28.51,0.0,NO_PIG,Rising rapidly
2026-06-11 15:32:46,33.2,28.3,0.0,NO_PIG,Rising rapidly
2026-06-11 15:32:49,32.15,28.33,0.0,NO_PIG,Rising rapidly
2026-06-11 15:32:56,30.93,28.11,0.0,NO_PIG,Rising rapidly
2026-06-11 15:33:00,33.01,28.32,0.0,NO_PIG,Rising rapidly
2026-06-11 15:33:05,36.07,32.23,2.0,HEALTHY,Rising rapidly
2026-06-11 15:33:09,36.11,32.06,2.0,HEALTHY,Rising rapidly
2026-06-11 15:33:14,33.58,28.5,0.0,NO_PIG,Rising rapidly
2026-06-11 15:33:17,33.43,28.47,0.0,NO_PIG,Rising rapidly
2026-06-11 15:33:21,33.78,28.61,0.0,NO_PIG,Rising rapidly
2026-06-11 15:33:26,33.17,28.37,0.0,NO_PIG,Rising rapidly
2026-06-11 15:33:31,32.95,28.24,0.0,NO_PIG,Rising rapidly
2026-06-11 15:33:35,33.03,28.39,0.0,NO_PIG,Rising rapidly
2026-06-11 15:33:38,32.38,28.23,0.0,NO_PIG,Rising rapidly
2026-06-11 15:33:42,32.76,28.28,0.0,NO_PIG,Rising rapidly
2026-06-11 15:33:47,32.47,28.18,0.0,NO_PIG,Rising rapidly
2026-06-11 15:33:50,32.22,28.19,0.0,NO_PIG,Rising rapidly
2026-06-11 15:33:54,32.19,28.21,0.0,NO_PIG,Rising rapidly
2026-06-11 15:33:58,32.44,28.26,0.0,NO_PIG,Rising rapidly
2026-06-11 15:34:02,32.25,28.16,0.0,NO_PIG,Rising rapidly
2026-06-11 15:34:07,32.22,28.29,0.0,NO_PIG,Rising rapidly
2026-06-11 15:34:10,30.72,28.08,0.0,NO_PIG,Rising rapidly
2026-06-11 15:34:15,30.79,28.05,0.0,NO_PIG,Rising rapidly
2026-06-11 15:34:18,30.89,27.97,0.0,NO_PIG,Rising rapidly
2026-06-11 15:34:23,30.59,28.04,0.0,NO_PIG,Rising rapidly
2026-06-11 15:34:27,36.03,31.48,2.0,HEALTHY,Rising rapidly
2026-06-11 15:34:31,33.22,28.41,0.0,NO_PIG,Rising rapidly
2026-06-11 15:34:34,36.3,32.46,2.0,HEALTHY,Rising rapidly
2026-06-11 15:34:38,36.14,31.89,2.0,HEALTHY,Rising rapidly
2026-06-11 15:34:42,35.99,31.03,2.0,HEALTHY,Rising rapidly
2026-06-11 15:34:46,33.43,28.37,0.0,NO_PIG,Rising rapidly
2026-06-11 15:34:50,32.68,28.28,0.0,NO_PIG,Rising rapidly
2026-06-11 15:34:54,32.66,28.09,0.0,NO_PIG,Rising rapidly
2026-06-11 15:34:59,35.66,32.29,2.0,HEALTHY,Rising rapidly
2026-06-11 15:35:02,35.61,32.48,2.0,HEALTHY,Rising rapidly
2026-06-11 15:35:07,32.08,28.11,0.0,NO_PIG,Rising rapidly
2026-06-11 15:35:10,32.44,28.25,0.0,NO_PIG,Rising rapidly
2026-06-11 16:31:48,31.81,27.74,0.0,NO_PIG,Collecting data...
2026-06-11 16:31:53,30.69,27.59,0.0,NO_PIG,Collecting data...
2026-06-11 16:31:57,30.9,27.56,0.0,NO_PIG,Collecting data...
2026-06-11 16:32:01,30.63,27.57,0.0,NO_PIG,Collecting data...
2026-06-11 16:32:04,30.87,27.56,0.0,NO_PIG,Collecting data...
2026-06-11 16:32:08,30.89,27.61,0.0,NO_PIG,Collecting data...
2026-06-11 16:32:13,30.76,27.69,0.0,NO_PIG,Collecting data...
2026-06-11 16:32:17,31.0,27.6,0.0,NO_PIG,Collecting data...
2026-06-11 16:32:21,30.55,27.59,0.0,NO_PIG,Collecting data...
2026-06-11 16:32:25,30.85,27.65,0.0,NO_PIG,Collecting data...
2026-06-11 16:32:30,32.39,27.8,0.0,NO_PIG,Collecting data...
2026-06-11 16:32:34,32.08,27.83,0.0,NO_PIG,Collecting data...
2026-06-11 16:32:37,35.0,29.76,0.0,NO_PIG,Collecting data...
2026-06-11 16:32:41,35.27,30.21,0.0,NO_PIG,Collecting data...
2026-06-11 16:32:46,32.35,28.05,0.0,NO_PIG,Collecting data...
2026-06-11 16:32:49,29.82,27.49,0.0,NO_PIG,Collecting data...
2026-06-11 16:32:53,32.54,29.79,0.0,NO_PIG,Collecting data...
2026-06-11 16:32:56,31.35,28.31,0.0,NO_PIG,Collecting data...
2026-06-11 16:33:00,41.84,34.86,38.0,FEVER,Collecting data...
2026-06-11 16:33:07,35.95,30.88,2.0,HEALTHY,Collecting data...
2026-06-11 16:33:11,39.25,32.65,2.0,HEALTHY,Collecting data...
2026-06-11 16:33:15,34.41,30.44,0.0,NO_PIG,Collecting data...
2026-06-11 16:33:19,35.86,31.0,0.0,NO_PIG,Collecting data...
2026-06-11 16:33:23,35.62,30.98,0.0,NO_PIG,Collecting data...
2026-06-11 16:33:27,36.72,30.96,0.0,NO_PIG,Collecting data...
2026-06-11 16:33:30,36.71,31.67,0.0,NO_PIG,Collecting data...
2026-06-11 16:33:34,40.3,32.4,27.0,ELEVATED,Collecting data...
2026-06-11 16:33:40,34.55,30.5,0.0,NO_PIG,Collecting data...
2026-06-11 16:33:45,36.41,31.23,0.0,NO_PIG,Collecting data...
2026-06-11 16:33:48,36.68,31.37,0.0,NO_PIG,Collecting data...
2026-06-11 16:33:52,37.09,31.93,0.0,NO_PIG,Collecting data...
2026-06-11 16:33:56,40.98,33.43,81.0,FEVER,Falling rapidly
2026-06-11 16:34:15,36.82,31.61,0.0,NO_PIG,Falling rapidly
2026-06-11 16:34:20,34.75,30.66,0.0,NO_PIG,Falling rapidly
2026-06-11 16:34:23,33.57,29.98,0.0,NO_PIG,Falling rapidly
2026-06-11 16:34:27,34.88,30.17,0.0,NO_PIG,Falling rapidly
2026-06-11 16:34:30,34.64,30.36,0.0,NO_PIG,Falling rapidly
2026-06-11 16:34:34,34.58,30.43,0.0,NO_PIG,Falling rapidly
2026-06-11 16:34:39,34.11,30.05,0.0,NO_PIG,Falling rapidly
2026-06-11 16:34:42,37.78,30.94,0.0,NO_PIG,Falling rapidly
2026-06-11 16:34:46,37.1,31.43,2.0,HEALTHY,Falling rapidly
2026-06-11 16:34:49,40.68,33.07,38.0,FEVER,Rising slowly
2026-06-11 16:34:56,45.54,36.92,81.0,FEVER,Rising rapidly
2026-06-11 16:35:01,42.6,36.31,38.0,FEVER,Rising rapidly
2026-06-11 16:35:04,39.93,33.13,19.0,NORMAL,Falling rapidly
2026-06-11 16:35:08,43.4,34.99,81.0,FEVER,Rising rapidly
2026-06-11 16:35:14,39.31,33.68,2.0,HEALTHY,Rising rapidly
2026-06-11 16:35:19,39.5,33.9,2.0,HEALTHY,Rising rapidly
2026-06-11 16:35:22,41.49,34.87,38.0,FEVER,Rising rapidly
2026-06-11 16:35:29,47.95,36.69,81.0,FEVER,Rising rapidly
2026-06-11 16:35:32,41.45,33.57,38.0,FEVER,Stable
2026-06-11 16:35:36,42.86,34.8,81.0,FEVER,Falling rapidly
2026-06-11 16:35:40,41.05,33.35,38.0,FEVER,Falling slowly
2026-06-11 16:35:44,47.42,35.34,81.0,FEVER,Rising rapidly
2026-06-11 16:35:48,43.08,34.3,38.0,FEVER,Rising rapidly
2026-06-11 16:35:53,39.23,32.62,2.0,HEALTHY,Rising rapidly
2026-06-11 16:35:56,37.0,32.52,2.0,HEALTHY,Rising rapidly
2026-06-11 16:36:00,37.3,32.61,2.0,HEALTHY,Rising rapidly
2026-06-11 16:36:03,36.34,32.07,2.0,HEALTHY,Rising rapidly
2026-06-11 16:36:07,38.88,32.61,2.0,HEALTHY,Rising rapidly
2026-06-11 16:36:11,36.61,31.99,0.0,NO_PIG,Rising rapidly
2026-06-11 16:36:14,38.29,32.27,2.0,HEALTHY,Rising rapidly
2026-06-11 16:36:18,37.16,32.92,2.0,HEALTHY,Rising rapidly
2026-06-11 16:36:22,46.06,37.28,81.0,FEVER,Falling rapidly
2026-06-11 16:36:28,41.86,33.89,38.0,FEVER,Falling rapidly
2026-06-11 16:36:33,45.8,34.9,81.0,FEVER,Falling slowly
2026-06-11 16:36:36,43.85,34.91,38.0,FEVER,Rising rapidly
2026-06-11 16:36:40,40.78,33.77,38.0,FEVER,Falling rapidly
2026-06-11 16:36:44,42.77,34.52,81.0,FEVER,Falling rapidly
2026-06-11 16:36:48,44.53,36.2,81.0,FEVER,Rising rapidly
2026-06-11 16:36:52,46.42,36.84,81.0,FEVER,Rising rapidly
2026-06-11 16:36:56,46.14,36.43,38.0,FEVER,Rising rapidly
2026-06-11 16:37:00,43.4,35.28,38.0,FEVER,Falling rapidly
2026-06-11 16:37:03,43.99,35.94,81.0,FEVER,Falling rapidly
2026-06-11 16:37:08,43.39,35.18,38.0,FEVER,Stable
2026-06-11 16:37:12,42.81,34.92,38.0,FEVER,Falling rapidly
2026-06-11 16:37:16,43.66,34.88,81.0,FEVER,Rising slowly
2026-06-11 16:37:20,41.78,34.17,38.0,FEVER,Falling rapidly
2026-06-11 16:37:24,41.8,33.78,38.0,FEVER,Falling rapidly
2026-06-11 16:37:28,41.57,33.95,38.0,FEVER,Falling slowly
2026-06-11 16:37:31,40.69,33.83,38.0,FEVER,Falling rapidly
2026-06-11 16:37:35,40.97,33.92,51.0,FEVER,Falling rapidly
2026-06-11 16:37:38,41.34,34.28,51.0,FEVER,Rising rapidly
2026-06-11 16:37:43,42.01,33.62,81.0,FEVER,Rising rapidly
2026-06-11 16:37:47,41.65,34.1,38.0,FEVER,Rising slowly
2026-06-11 16:37:50,46.12,35.95,81.0,FEVER,Rising rapidly
2026-06-11 16:37:53,42.67,34.28,38.0,FEVER,Rising rapidly
2026-06-11 16:37:57,45.14,36.38,81.0,FEVER,Falling rapidly
2026-06-11 16:38:02,44.22,35.51,38.0,FEVER,Rising rapidly
2026-06-11 16:38:05,43.32,35.64,38.0,FEVER,Falling rapidly
2026-06-11 16:38:09,43.01,35.15,38.0,FEVER,Falling rapidly
2026-06-11 16:38:12,43.94,35.86,81.0,FEVER,Rising rapidly
2026-06-11 16:38:16,43.69,35.46,38.0,FEVER,Rising rapidly
2026-06-11 16:38:20,45.25,35.79,81.0,FEVER,Rising rapidly
2026-06-11 16:38:24,44.55,35.65,38.0,FEVER,Rising rapidly
2026-06-11 16:38:30,43.86,35.0,38.0,FEVER,Falling rapidly
2026-06-11 16:38:33,43.09,34.75,38.0,FEVER,Falling rapidly
2026-06-11 16:38:38,46.81,35.68,81.0,FEVER,Rising rapidly
2026-06-11 16:38:41,44.28,35.31,38.0,FEVER,Rising rapidly
2026-06-11 16:38:45,45.83,35.46,81.0,FEVER,Falling rapidly
2026-06-11 16:38:48,44.56,34.92,38.0,FEVER,Rising slowly
2026-06-11 16:38:52,44.32,35.21,38.0,FEVER,Falling rapidly
2026-06-11 16:38:57,43.65,34.66,38.0,FEVER,Falling rapidly
2026-06-11 16:39:00,43.43,34.5,38.0,FEVER,Falling rapidly
2026-06-11 16:39:03,35.17,29.93,0.0,NO_PIG,Falling rapidly
2026-06-11 16:39:07,37.02,31.59,0.0,NO_PIG,Falling rapidly
2026-06-11 16:39:10,44.58,36.11,81.0,FEVER,Rising rapidly
2026-06-11 16:39:17,38.67,31.45,0.0,NO_PIG,Rising rapidly
2026-06-11 16:39:21,43.5,33.86,38.0,FEVER,Stable
2026-06-11 16:39:27,42.56,33.06,38.0,FEVER,Falling rapidly
2026-06-11 16:39:31,37.22,30.93,0.0,NO_PIG,Falling rapidly
2026-06-11 16:39:35,37.13,31.1,0.0,NO_PIG,Falling rapidly
2026-06-11 16:39:38,41.79,31.71,38.0,FEVER,Falling rapidly
2026-06-11 16:39:44,30.29,28.65,0.0,NO_PIG,Falling rapidly
2026-06-11 16:39:48,32.84,29.45,0.0,NO_PIG,Falling rapidly
2026-06-11 16:39:52,31.08,28.53,0.0,NO_PIG,Falling rapidly
2026-06-11 16:39:56,30.34,28.52,0.0,NO_PIG,Falling rapidly
2026-06-11 16:39:59,29.54,28.23,0.0,NO_PIG,Falling rapidly
2026-06-11 16:40:03,29.27,28.3,0.0,NO_PIG,Falling rapidly
2026-06-11 16:40:08,30.25,28.42,0.0,NO_PIG,Falling rapidly
2026-06-11 16:40:11,29.43,28.43,0.0,NO_PIG,Falling rapidly
2026-06-11 16:40:15,29.44,28.45,0.0,NO_PIG,Falling rapidly
2026-06-11 16:40:18,29.64,28.33,0.0,NO_PIG,Falling rapidly
2026-06-11 16:40:22,29.59,28.49,0.0,NO_PIG,Falling rapidly
2026-06-11 16:40:26,29.13,28.22,0.0,NO_PIG,Falling rapidly
2026-06-11 16:40:30,30.51,28.41,0.0,NO_PIG,Falling rapidly
2026-06-11 16:40:33,29.53,28.33,0.0,NO_PIG,Falling rapidly
2026-06-11 16:40:37,29.68,28.43,0.0,NO_PIG,Falling rapidly
2026-06-11 16:40:40,29.38,28.22,0.0,NO_PIG,Falling rapidly
2026-06-11 16:40:44,29.42,28.32,0.0,NO_PIG,Falling rapidly
2026-06-11 16:40:48,29.5,28.41,0.0,NO_PIG,Falling rapidly
2026-06-11 16:40:51,29.27,28.27,0.0,NO_PIG,Falling rapidly
2026-06-11 16:40:55,30.81,28.56,0.0,NO_PIG,Falling rapidly
2026-06-11 16:40:59,30.33,28.8,0.0,NO_PIG,Falling rapidly
2026-06-11 16:41:03,29.56,28.04,0.0,NO_PIG,Falling rapidly
2026-06-11 16:41:06,29.71,28.03,0.0,NO_PIG,Falling rapidly
2026-06-11 16:41:10,29.49,27.98,0.0,NO_PIG,Falling rapidly
2026-06-11 16:41:13,30.03,26.84,0.0,NO_PIG,Falling rapidly
2026-06-11 16:41:17,34.35,28.37,0.0,NO_PIG,Falling rapidly
2026-06-11 16:41:21,35.02,28.27,0.0,NO_PIG,Falling rapidly
2026-06-11 16:41:24,34.83,28.21,0.0,NO_PIG,Falling rapidly
2026-06-11 16:41:27,34.47,27.98,0.0,NO_PIG,Falling rapidly
2026-06-11 16:41:31,34.07,28.31,0.0,NO_PIG,Falling rapidly
2026-06-11 16:41:34,34.96,28.43,0.0,NO_PIG,Falling rapidly
2026-06-11 16:41:39,34.42,28.31,0.0,NO_PIG,Falling rapidly
2026-06-11 16:41:42,34.93,28.7,0.0,NO_PIG,Falling rapidly
2026-06-11 16:41:46,34.41,28.57,0.0,NO_PIG,Falling rapidly
2026-06-11 16:41:49,35.94,28.47,0.0,NO_PIG,Falling rapidly
2026-06-11 16:41:53,35.56,28.46,0.0,NO_PIG,Falling rapidly
2026-06-11 16:41:57,35.18,28.82,0.0,NO_PIG,Falling rapidly
2026-06-11 16:42:01,35.27,28.84,0.0,NO_PIG,Falling rapidly
2026-06-11 16:42:05,35.52,28.8,0.0,NO_PIG,Falling rapidly
2026-06-11 16:42:08,34.06,28.39,0.0,NO_PIG,Falling rapidly
2026-06-11 16:42:12,35.17,28.82,0.0,NO_PIG,Falling rapidly
2026-06-11 16:42:17,34.72,28.53,0.0,NO_PIG,Falling rapidly
2026-06-11 16:42:20,35.61,28.61,0.0,NO_PIG,Falling rapidly
2026-06-11 16:42:23,31.02,26.94,0.0,NO_PIG,Falling rapidly
2026-06-11 16:42:27,29.77,26.95,0.0,NO_PIG,Falling rapidly
2026-06-11 16:42:30,29.8,26.93,0.0,NO_PIG,Falling rapidly
2026-06-11 16:42:35,32.7,28.91,0.0,NO_PIG,Falling rapidly
2026-06-11 16:42:39,33.82,28.12,0.0,NO_PIG,Falling rapidly
2026-06-11 16:42:42,32.69,28.16,0.0,NO_PIG,Falling rapidly
2026-06-11 16:42:46,36.17,31.58,2.0,HEALTHY,Falling rapidly
2026-06-11 16:42:51,35.65,30.38,2.0,HEALTHY,Falling rapidly
2026-06-11 16:42:54,33.83,29.11,0.0,NO_PIG,Falling rapidly
2026-06-11 16:42:58,35.69,30.45,2.0,HEALTHY,Falling rapidly
2026-06-11 16:43:01,32.88,28.15,0.0,NO_PIG,Falling rapidly
2026-06-11 16:43:04,32.42,27.86,0.0,NO_PIG,Falling rapidly
2026-06-11 16:43:09,31.94,27.82,0.0,NO_PIG,Falling rapidly
2026-06-11 16:43:12,32.53,27.74,0.0,NO_PIG,Falling rapidly
2026-06-11 16:43:16,32.56,27.91,0.0,NO_PIG,Falling rapidly
2026-06-11 16:43:19,32.57,27.72,0.0,NO_PIG,Falling rapidly
2026-06-11 16:43:23,31.56,28.08,0.0,NO_PIG,Falling rapidly
2026-06-11 16:43:27,35.51,31.12,2.0,HEALTHY,Falling rapidly
2026-06-11 16:43:31,33.19,28.41,0.0,NO_PIG,Falling rapidly
2026-06-11 16:43:35,32.98,28.0,0.0,NO_PIG,Falling rapidly
2026-06-11 16:43:38,33.01,28.17,0.0,NO_PIG,Falling rapidly
2026-06-11 16:43:42,32.61,28.4,0.0,NO_PIG,Falling rapidly
2026-06-11 16:43:47,32.15,27.99,0.0,NO_PIG,Falling rapidly
2026-06-11 16:43:50,34.05,28.65,0.0,NO_PIG,Falling rapidly
2026-06-11 16:43:54,32.22,28.38,0.0,NO_PIG,Falling rapidly
2026-06-11 16:43:58,32.66,28.53,0.0,NO_PIG,Falling rapidly
2026-06-11 16:44:02,32.28,28.62,0.0,NO_PIG,Falling rapidly
2026-06-11 16:44:06,32.65,28.94,0.0,NO_PIG,Falling rapidly
2026-06-11 16:44:09,32.64,28.94,0.0,NO_PIG,Falling rapidly
2026-06-11 16:44:12,33.0,29.15,0.0,NO_PIG,Falling rapidly
2026-06-11 16:44:16,32.54,28.99,0.0,NO_PIG,Falling rapidly
2026-06-11 16:44:20,32.19,28.86,0.0,NO_PIG,Falling rapidly
2026-06-11 16:44:23,32.4,28.9,0.0,NO_PIG,Falling rapidly
2026-06-11 16:44:27,31.98,28.83,0.0,NO_PIG,Falling rapidly
2026-06-11 16:44:30,32.66,29.14,0.0,NO_PIG,Falling rapidly
2026-06-11 16:44:34,32.03,28.71,0.0,NO_PIG,Falling rapidly
2026-06-11 16:44:38,33.68,29.47,0.0,NO_PIG,Falling rapidly
2026-06-11 16:44:41,32.63,28.96,0.0,NO_PIG,Falling rapidly
2026-06-11 16:44:45,32.6,28.99,0.0,NO_PIG,Falling rapidly
2026-06-11 16:44:48,32.86,29.11,0.0,NO_PIG,Falling rapidly
2026-06-11 16:44:52,34.31,29.5,0.0,NO_PIG,Falling rapidly
2026-06-11 16:44:56,34.61,29.55,0.0,NO_PIG,Falling rapidly
2026-06-11 16:45:00,34.5,29.65,0.0,NO_PIG,Falling rapidly
2026-06-11 16:45:03,32.82,28.74,0.0,NO_PIG,Falling rapidly
2026-06-11 16:45:07,32.87,29.05,0.0,NO_PIG,Falling rapidly
2026-06-11 16:45:10,32.29,28.8,0.0,NO_PIG,Falling rapidly
2026-06-11 16:45:15,32.37,29.06,0.0,NO_PIG,Falling rapidly
2026-06-11 16:45:18,32.47,28.98,0.0,NO_PIG,Falling rapidly
2026-06-11 16:45:22,32.54,29.03,0.0,NO_PIG,Falling rapidly
2026-06-11 16:45:26,32.15,28.93,0.0,NO_PIG,Falling rapidly
2026-06-11 16:45:29,32.96,28.95,0.0,NO_PIG,Falling rapidly
2026-06-11 16:45:34,33.26,29.21,0.0,NO_PIG,Falling rapidly
2026-06-11 16:45:38,32.82,29.03,0.0,NO_PIG,Falling rapidly
2026-06-11 16:45:41,32.2,28.7,0.0,NO_PIG,Falling rapidly
2026-06-11 16:45:45,32.6,28.88,0.0,NO_PIG,Falling rapidly
2026-06-11 16:45:50,32.31,28.91,0.0,NO_PIG,Falling rapidly
2026-06-11 16:45:53,32.64,29.17,0.0,NO_PIG,Falling rapidly
2026-06-11 16:45:57,32.64,29.26,0.0,NO_PIG,Falling rapidly
2026-06-11 16:46:00,32.65,29.2,0.0,NO_PIG,Falling rapidly
2026-06-11 16:46:04,32.41,29.11,0.0,NO_PIG,Falling rapidly
2026-06-11 16:46:08,32.41,29.23,0.0,NO_PIG,Falling rapidly
2026-06-11 16:46:12,32.68,29.16,0.0,NO_PIG,Falling rapidly
2026-06-11 16:46:15,32.49,29.07,0.0,NO_PIG,Falling rapidly
2026-06-11 16:46:19,32.26,29.03,0.0,NO_PIG,Falling rapidly
2026-06-11 16:46:23,32.3,29.1,0.0,NO_PIG,Falling rapidly
2026-06-11 16:46:27,32.39,29.05,0.0,NO_PIG,Falling rapidly
2026-06-11 16:46:30,32.71,29.05,0.0,NO_PIG,Falling rapidly
2026-06-11 16:46:34,32.24,28.99,0.0,NO_PIG,Falling rapidly
2026-06-11 16:46:37,32.45,28.99,0.0,NO_PIG,Falling rapidly
2026-06-11 16:46:41,32.59,29.13,0.0,NO_PIG,Falling rapidly
2026-06-11 16:46:45,32.25,28.98,0.0,NO_PIG,Falling rapidly
2026-06-11 16:46:49,32.43,29.07,0.0,NO_PIG,Falling rapidly
2026-06-11 16:46:53,31.83,29.2,0.0,NO_PIG,Falling rapidly
2026-06-11 16:46:57,32.47,29.2,0.0,NO_PIG,Falling rapidly
2026-06-11 16:47:02,32.35,28.77,0.0,NO_PIG,Falling rapidly
2026-06-11 16:47:05,32.28,28.89,0.0,NO_PIG,Falling rapidly
2026-06-11 16:47:08,31.87,28.76,0.0,NO_PIG,Falling rapidly
2026-06-11 16:47:12,32.66,29.1,0.0,NO_PIG,Falling rapidly
2026-06-11 16:47:16,33.37,29.21,0.0,NO_PIG,Falling rapidly
2026-06-11 16:47:20,32.54,29.22,0.0,NO_PIG,Falling rapidly
2026-06-11 16:47:24,32.67,29.09,0.0,NO_PIG,Falling rapidly
2026-06-11 16:47:27,33.02,28.96,0.0,NO_PIG,Falling rapidly
2026-06-11 16:47:31,32.64,28.65,0.0,NO_PIG,Falling rapidly
2026-06-11 16:47:34,32.32,28.54,0.0,NO_PIG,Falling rapidly
2026-06-11 16:47:38,32.29,28.13,0.0,NO_PIG,Falling rapidly
2026-06-11 16:47:42,32.92,28.53,0.0,NO_PIG,Falling rapidly
2026-06-11 16:47:45,33.24,28.78,0.0,NO_PIG,Falling rapidly
2026-06-11 16:47:49,32.3,28.71,0.0,NO_PIG,Falling rapidly
2026-06-11 16:47:52,32.92,28.9,0.0,NO_PIG,Falling rapidly
2026-06-11 16:47:57,32.93,28.88,0.0,NO_PIG,Falling rapidly
2026-06-11 16:48:00,33.13,29.08,0.0,NO_PIG,Falling rapidly
2026-06-11 16:48:04,35.56,31.04,2.0,HEALTHY,Falling rapidly
2026-06-11 16:48:07,35.46,31.25,2.0,HEALTHY,Falling rapidly
2026-06-11 16:48:10,32.96,28.96,0.0,NO_PIG,Falling rapidly
2026-06-11 16:48:15,32.58,28.95,0.0,NO_PIG,Falling rapidly
2026-06-11 16:48:18,32.96,29.13,0.0,NO_PIG,Falling rapidly
2026-06-11 16:48:21,32.82,29.09,0.0,NO_PIG,Falling rapidly
2026-06-11 16:48:25,32.83,29.13,0.0,NO_PIG,Falling rapidly
2026-06-11 16:48:28,35.44,30.06,0.0,NO_PIG,Falling rapidly
2026-06-11 16:48:32,32.47,29.0,0.0,NO_PIG,Falling rapidly
2026-06-11 16:48:36,35.44,30.0,0.0,NO_PIG,Falling rapidly
2026-06-11 16:48:40,36.02,31.63,2.0,HEALTHY,Falling rapidly
2026-06-11 16:48:43,32.72,29.01,0.0,NO_PIG,Falling rapidly
2026-06-11 16:48:46,33.15,29.09,0.0,NO_PIG,Falling rapidly
2026-06-11 16:48:51,33.01,29.05,0.0,NO_PIG,Falling rapidly
2026-06-11 16:48:54,32.93,28.92,0.0,NO_PIG,Falling rapidly
2026-06-11 16:48:58,32.83,28.68,0.0,NO_PIG,Falling rapidly
2026-06-11 16:49:01,32.97,28.67,0.0,NO_PIG,Falling rapidly
2026-06-11 16:49:04,33.27,28.69,0.0,NO_PIG,Falling rapidly
2026-06-11 16:49:09,32.99,28.58,0.0,NO_PIG,Falling rapidly
2026-06-11 16:49:12,32.83,28.52,0.0,NO_PIG,Falling rapidly
2026-06-11 16:49:15,32.94,28.81,0.0,NO_PIG,Falling rapidly
2026-06-11 16:49:19,32.85,28.56,0.0,NO_PIG,Falling rapidly
2026-06-11 16:49:22,32.63,28.33,0.0,NO_PIG,Falling rapidly
2026-06-11 16:57:47,33.96,30.13,0.0,NO_PIG,Collecting data...
2026-06-11 16:57:52,33.76,29.28,0.0,NO_PIG,Collecting data...
2026-06-11 16:57:55,35.01,29.67,0.0,NO_PIG,Collecting data...
2026-06-11 16:57:58,35.47,30.11,0.0,NO_PIG,Collecting data...
2026-06-11 16:58:02,35.4,30.63,2.0,HEALTHY,Collecting data...
2026-06-11 16:58:05,34.69,30.07,0.0,NO_PIG,Collecting data...
2026-06-11 16:58:10,32.93,29.2,0.0,NO_PIG,Collecting data...
2026-06-11 16:58:13,33.0,29.63,0.0,NO_PIG,Collecting data...
2026-06-11 16:58:17,32.69,29.21,0.0,NO_PIG,Collecting data...
2026-06-11 16:58:21,36.61,33.51,2.0,HEALTHY,Collecting data...
2026-06-11 16:58:24,36.58,34.16,0.0,NORMAL,Collecting data...
2026-06-11 16:58:29,33.85,29.95,0.0,NO_PIG,Collecting data...
2026-06-11 16:58:33,33.72,30.37,0.0,NO_PIG,Collecting data...
2026-06-11 16:58:36,33.74,30.41,0.0,NO_PIG,Collecting data...
2026-06-11 16:58:39,32.24,29.66,0.0,NO_PIG,Collecting data...
2026-06-11 16:58:43,32.28,28.69,0.0,NO_PIG,Collecting data...
2026-06-11 16:58:47,31.71,28.41,0.0,NO_PIG,Collecting data...
2026-06-11 16:58:51,33.73,29.17,0.0,NO_PIG,Collecting data...
2026-06-11 16:58:54,31.54,28.56,0.0,NO_PIG,Collecting data...
2026-06-11 16:58:58,31.75,28.55,0.0,NO_PIG,Collecting data...
2026-06-11 16:59:01,33.73,29.26,0.0,NO_PIG,Collecting data...
2026-06-11 16:59:05,32.41,28.81,0.0,NO_PIG,Collecting data...
2026-06-11 16:59:09,33.67,29.41,0.0,NO_PIG,Collecting data...
2026-06-11 16:59:12,31.23,28.8,0.0,NO_PIG,Collecting data...
2026-06-11 16:59:16,32.68,29.5,0.0,NO_PIG,Collecting data...
2026-06-11 16:59:19,31.39,28.76,0.0,NO_PIG,Collecting data...
2026-06-11 16:59:23,35.23,30.22,0.0,NO_PIG,Collecting data...
2026-06-11 16:59:27,35.98,30.85,0.0,NO_PIG,Collecting data...
2026-06-11 16:59:30,37.17,31.08,0.0,NO_PIG,Collecting data...
2026-06-11 16:59:34,39.75,32.89,3.0,NORMAL,Collecting data...
2026-06-11 16:59:38,38.41,32.44,0.0,NO_PIG,Collecting data...
2026-06-11 16:59:42,36.38,31.94,0.0,NO_PIG,Collecting data...
2026-06-11 16:59:45,37.85,32.32,0.0,NO_PIG,Collecting data...
2026-06-11 16:59:49,38.2,32.44,0.0,NO_PIG,Collecting data...
2026-06-11 16:59:52,38.97,32.64,0.0,NO_PIG,Collecting data...
2026-06-11 16:59:56,39.26,32.86,2.0,HEALTHY,Collecting data...
2026-06-11 17:00:00,42.31,35.22,57.0,FEVER,Rising rapidly
2026-06-11 17:00:06,39.49,32.01,0.0,NO_PIG,Rising rapidly
2026-06-11 17:00:10,36.77,30.78,0.0,NO_PIG,Rising rapidly
2026-06-11 17:00:13,36.93,30.29,0.0,NO_PIG,Rising rapidly
2026-06-11 17:00:17,36.52,30.67,0.0,NO_PIG,Rising rapidly
2026-06-11 17:00:21,38.62,31.62,0.0,NO_PIG,Rising rapidly
2026-06-11 17:00:24,38.36,31.81,0.0,NO_PIG,Rising rapidly
2026-06-11 17:00:27,37.22,31.07,0.0,NO_PIG,Rising rapidly
2026-06-11 17:00:31,42.27,33.38,38.0,FEVER,Rising rapidly
2026-06-11 17:00:38,33.21,28.29,0.0,NO_PIG,Rising rapidly
2026-06-11 17:00:42,31.06,28.31,0.0,NO_PIG,Rising rapidly
2026-06-11 17:00:45,33.59,29.47,0.0,NO_PIG,Rising rapidly
2026-06-11 17:00:48,32.09,29.48,0.0,NO_PIG,Rising rapidly
2026-06-11 17:00:53,32.26,29.16,0.0,NO_PIG,Rising rapidly
2026-06-11 17:00:56,34.69,30.78,0.0,NO_PIG,Rising rapidly
2026-06-11 17:01:00,33.98,29.77,0.0,NO_PIG,Rising rapidly
2026-06-11 17:01:03,32.5,29.16,0.0,NO_PIG,Rising rapidly
2026-06-11 17:01:06,32.97,29.41,0.0,NO_PIG,Rising rapidly
2026-06-11 17:01:11,33.5,29.84,0.0,NO_PIG,Rising rapidly
2026-06-11 17:01:14,34.5,29.88,0.0,NO_PIG,Rising rapidly
2026-06-11 17:01:18,34.59,29.8,0.0,NO_PIG,Rising rapidly
2026-06-11 17:01:21,34.86,30.13,0.0,NO_PIG,Rising rapidly
2026-06-11 17:01:25,34.99,30.88,0.0,NO_PIG,Rising rapidly
2026-06-11 17:01:29,34.47,30.52,0.0,NO_PIG,Rising rapidly
2026-06-11 17:01:33,33.57,29.7,0.0,NO_PIG,Rising rapidly
2026-06-11 17:01:36,34.87,30.12,0.0,NO_PIG,Rising rapidly
2026-06-11 17:01:40,34.15,30.15,0.0,NO_PIG,Rising rapidly
2026-06-11 17:01:43,33.95,29.75,0.0,NO_PIG,Rising rapidly
2026-06-11 17:01:48,34.33,29.72,0.0,NO_PIG,Rising rapidly
2026-06-11 17:01:51,34.68,30.11,0.0,NO_PIG,Rising rapidly
2026-06-11 17:01:55,34.18,29.81,0.0,NO_PIG,Rising rapidly
2026-06-11 17:01:59,34.09,29.61,0.0,NO_PIG,Rising rapidly
2026-06-11 17:02:02,33.9,29.69,0.0,NO_PIG,Rising rapidly
2026-06-11 17:02:07,34.44,30.31,0.0,NO_PIG,Rising rapidly
2026-06-11 17:02:10,33.98,29.88,0.0,NO_PIG,Rising rapidly
2026-06-11 17:02:15,33.88,29.73,0.0,NO_PIG,Rising rapidly
2026-06-11 17:02:18,33.64,29.72,0.0,NO_PIG,Rising rapidly
2026-06-11 17:02:23,34.17,30.32,0.0,NO_PIG,Rising rapidly
2026-06-11 17:02:27,33.86,29.81,0.0,NO_PIG,Rising rapidly
2026-06-11 17:02:31,33.34,29.46,0.0,NO_PIG,Rising rapidly
2026-06-11 17:02:35,33.41,29.49,0.0,NO_PIG,Rising rapidly
2026-06-11 17:02:39,34.28,30.54,0.0,NO_PIG,Rising rapidly
2026-06-11 17:02:43,33.88,29.93,0.0,NO_PIG,Rising rapidly
2026-06-11 17:02:47,33.65,29.93,0.0,NO_PIG,Rising rapidly
2026-06-11 17:02:50,33.64,29.99,0.0,NO_PIG,Rising rapidly
2026-06-11 17:02:53,33.84,30.38,0.0,NO_PIG,Rising rapidly
2026-06-11 17:02:58,33.43,29.9,0.0,NO_PIG,Rising rapidly
2026-06-11 17:03:02,31.69,29.2,0.0,NO_PIG,Rising rapidly
2026-06-11 17:03:05,32.44,29.02,0.0,NO_PIG,Rising rapidly
2026-06-11 17:03:09,33.15,29.72,0.0,NO_PIG,Rising rapidly
2026-06-11 17:03:12,30.73,28.17,0.0,NO_PIG,Rising rapidly
2026-06-11 17:03:17,32.73,28.81,0.0,NO_PIG,Rising rapidly
2026-06-11 17:03:20,32.63,28.89,0.0,NO_PIG,Rising rapidly
2026-06-11 17:03:24,33.32,29.64,0.0,NO_PIG,Rising rapidly
2026-06-11 17:03:29,32.75,29.05,0.0,NO_PIG,Rising rapidly
2026-06-11 17:03:33,31.06,28.14,0.0,NO_PIG,Rising rapidly
2026-06-11 17:03:37,30.5,27.98,0.0,NO_PIG,Rising rapidly
2026-06-11 17:03:40,30.86,27.97,0.0,NO_PIG,Rising rapidly
2026-06-11 17:03:47,30.23,27.78,0.0,NO_PIG,Rising rapidly
2026-06-11 17:03:54,32.47,27.81,0.0,NO_PIG,Rising rapidly
2026-06-11 17:03:57,29.48,27.51,0.0,NO_PIG,Rising rapidly
2026-06-11 17:04:00,34.1,28.4,0.0,NO_PIG,Rising rapidly
2026-06-11 17:04:05,33.96,28.1,0.0,NO_PIG,Rising rapidly
2026-06-11 17:04:10,35.98,29.36,0.0,NO_PIG,Rising rapidly
2026-06-11 17:04:13,33.66,28.41,0.0,NO_PIG,Rising rapidly
2026-06-11 17:04:17,34.1,28.92,0.0,NO_PIG,Rising rapidly
2026-06-11 17:04:20,34.43,28.86,0.0,NO_PIG,Rising rapidly
2026-06-11 17:04:24,34.43,28.9,0.0,NO_PIG,Rising rapidly
2026-06-11 17:04:28,34.34,28.8,0.0,NO_PIG,Rising rapidly
2026-06-11 17:04:32,34.21,28.94,0.0,NO_PIG,Rising rapidly
2026-06-11 17:04:35,33.91,28.67,0.0,NO_PIG,Rising rapidly
2026-06-11 17:04:39,33.89,28.59,0.0,NO_PIG,Rising rapidly
2026-06-11 17:04:42,34.05,28.87,0.0,NO_PIG,Rising rapidly
2026-06-11 17:04:46,34.72,29.22,0.0,NO_PIG,Rising rapidly
2026-06-11 17:04:50,33.71,29.12,0.0,NO_PIG,Rising rapidly
2026-06-11 17:04:53,32.27,28.86,0.0,NO_PIG,Rising rapidly
2026-06-11 17:04:57,31.5,28.94,0.0,NO_PIG,Rising rapidly
2026-06-11 17:05:01,35.81,29.88,0.0,NO_PIG,Rising rapidly
2026-06-11 17:05:05,36.67,30.26,0.0,NO_PIG,Rising rapidly
2026-06-11 17:05:09,35.85,29.97,0.0,NO_PIG,Rising rapidly
2026-06-11 17:05:12,35.67,29.84,0.0,NO_PIG,Rising rapidly
2026-06-11 17:05:16,36.04,30.08,0.0,NO_PIG,Rising rapidly
2026-06-11 17:05:19,34.84,29.59,0.0,NO_PIG,Rising rapidly
2026-06-11 17:05:23,35.52,29.81,0.0,NO_PIG,Rising rapidly
2026-06-11 17:05:27,35.56,29.73,0.0,NO_PIG,Rising rapidly
2026-06-11 17:05:30,35.83,29.88,0.0,NO_PIG,Rising rapidly
2026-06-11 17:05:35,36.24,29.89,0.0,NO_PIG,Rising rapidly
2026-06-11 17:05:38,35.81,30.02,0.0,NO_PIG,Rising rapidly
2026-06-11 17:05:43,31.87,28.49,0.0,NO_PIG,Rising rapidly
2026-06-11 17:05:46,32.37,28.89,0.0,NO_PIG,Rising rapidly
2026-06-11 17:05:50,32.06,29.0,0.0,NO_PIG,Rising rapidly
2026-06-11 17:05:54,31.33,28.55,0.0,NO_PIG,Rising rapidly
2026-06-11 17:05:57,30.39,28.31,0.0,NO_PIG,Rising rapidly
2026-06-11 17:06:01,29.96,28.53,0.0,NO_PIG,Rising rapidly
2026-06-11 17:06:05,30.57,28.88,0.0,NO_PIG,Rising rapidly
2026-06-11 17:06:09,32.26,30.41,0.0,NO_PIG,Rising rapidly
2026-06-11 17:06:12,32.18,30.36,0.0,NO_PIG,Rising rapidly
2026-06-11 17:06:15,31.75,30.34,0.0,NO_PIG,Rising rapidly
2026-06-11 17:06:20,31.52,30.46,0.0,NO_PIG,Rising rapidly
2026-06-11 17:06:24,33.99,29.97,0.0,NO_PIG,Rising rapidly
2026-06-11 17:06:28,31.15,29.51,0.0,NO_PIG,Rising rapidly
2026-06-11 17:06:32,31.25,28.22,0.0,NO_PIG,Rising rapidly
2026-06-11 17:06:37,31.16,27.89,0.0,NO_PIG,Rising rapidly
2026-06-11 17:06:40,30.09,27.93,0.0,NO_PIG,Rising rapidly
2026-06-11 17:06:44,32.64,28.62,0.0,NO_PIG,Rising rapidly
2026-06-11 17:06:47,30.8,29.0,0.0,NO_PIG,Rising rapidly
2026-06-11 17:06:51,30.73,29.2,0.0,NO_PIG,Rising rapidly
2026-06-11 17:06:56,31.23,28.91,0.0,NO_PIG,Rising rapidly
2026-06-11 17:06:59,30.14,28.61,0.0,NO_PIG,Rising rapidly
2026-06-11 17:07:03,29.81,28.47,0.0,NO_PIG,Rising rapidly
2026-06-11 17:07:08,32.73,29.03,0.0,NO_PIG,Rising rapidly
2026-06-11 17:07:13,29.17,27.64,0.0,NO_PIG,Rising rapidly
2026-06-11 17:07:16,30.13,27.42,0.0,NO_PIG,Rising rapidly
2026-06-11 17:07:20,31.84,27.88,0.0,NO_PIG,Rising rapidly
2026-06-11 17:07:23,30.14,27.56,0.0,NO_PIG,Rising rapidly
2026-06-11 17:07:27,29.35,27.42,0.0,NO_PIG,Rising rapidly
2026-06-11 17:07:31,33.0,27.79,0.0,NO_PIG,Rising rapidly
2026-06-11 17:07:34,31.07,27.67,0.0,NO_PIG,Rising rapidly
2026-06-11 17:07:38,32.04,27.33,0.0,NO_PIG,Rising rapidly
2026-06-19 21:40:57,33.25,29.38,0.0,NO_PIG,Collecting data...
2026-06-19 21:41:01,33.05,29.43,0.0,NO_PIG,Collecting data...
2026-06-19 21:41:05,33.02,29.33,0.0,NO_PIG,Collecting data...
2026-06-19 21:41:07,33.15,29.29,0.0,NO_PIG,Collecting data...
2026-06-19 21:41:11,32.93,29.38,0.0,NO_PIG,Collecting data...
2026-06-19 21:41:14,33.06,29.4,0.0,NO_PIG,Collecting data...
2026-06-19 21:41:18,32.95,29.43,0.0,NO_PIG,Collecting data...
2026-06-19 21:41:21,33.06,29.34,0.0,NO_PIG,Collecting data...
2026-06-19 21:41:24,33.2,29.27,0.0,NO_PIG,Collecting data...
2026-06-19 21:41:27,32.74,29.28,0.0,NO_PIG,Collecting data...
2026-06-19 21:41:31,33.04,29.36,0.0,NO_PIG,Collecting data...
2026-06-19 21:41:35,33.11,29.4,0.0,NO_PIG,Collecting data...
2026-06-19 21:41:38,33.11,29.26,0.0,NO_PIG,Collecting data...
2026-06-19 21:41:41,33.0,29.27,0.0,NO_PIG,Collecting data...
2026-06-19 21:41:45,33.25,29.36,0.0,NO_PIG,Collecting data...
2026-06-19 21:41:48,33.17,29.27,0.0,NO_PIG,Collecting data...
2026-06-19 21:41:52,33.24,29.4,0.0,NO_PIG,Collecting data...
2026-06-19 21:41:56,33.08,29.25,0.0,NO_PIG,Collecting data...
2026-06-19 21:41:59,33.43,29.38,0.0,NO_PIG,Collecting data...
2026-06-19 21:42:02,32.99,29.27,0.0,NO_PIG,Collecting data...
2026-06-19 21:42:05,33.1,29.25,0.0,NO_PIG,Collecting data...
2026-06-19 21:42:09,32.79,29.23,0.0,NO_PIG,Collecting data...
2026-06-19 21:42:12,33.22,29.33,0.0,NO_PIG,Collecting data...
2026-06-19 21:42:16,33.36,29.37,0.0,NO_PIG,Collecting data...
2026-06-19 21:42:19,33.02,29.32,0.0,NO_PIG,Collecting data...
2026-06-19 21:42:22,32.94,29.21,0.0,NO_PIG,Collecting data...
2026-06-19 21:42:26,33.27,29.39,0.0,NO_PIG,Collecting data...
2026-06-19 21:42:29,33.16,29.32,0.0,NO_PIG,Collecting data...
2026-06-19 21:42:32,33.07,29.41,0.0,NO_PIG,Collecting data...
2026-06-19 21:42:35,33.06,29.37,0.0,NO_PIG,Collecting data...
2026-06-19 21:42:39,33.28,29.2,0.0,NO_PIG,Collecting data...
2026-06-19 21:42:43,32.95,29.32,0.0,NO_PIG,Collecting data...
2026-06-19 21:42:46,33.44,29.32,0.0,NO_PIG,Collecting data...
2026-06-19 21:42:49,33.3,29.35,0.0,NO_PIG,Collecting data...
2026-06-19 21:42:53,33.19,29.3,0.0,NO_PIG,Collecting data...
2026-06-19 21:42:56,33.18,29.33,0.0,NO_PIG,Collecting data...
2026-06-19 21:43:00,33.04,29.32,0.0,NO_PIG,Collecting data...
2026-06-19 21:43:03,32.92,29.28,0.0,NO_PIG,Collecting data...
2026-06-19 21:43:06,32.9,29.2,0.0,NO_PIG,Collecting data...
2026-06-19 21:43:09,33.02,29.28,0.0,NO_PIG,Collecting data...
2026-06-19 21:43:12,33.1,29.22,0.0,NO_PIG,Collecting data...
2026-06-19 21:43:16,33.1,29.26,0.0,NO_PIG,Collecting data...
2026-06-19 21:43:19,33.19,29.35,0.0,NO_PIG,Collecting data...
2026-06-19 21:43:22,32.82,29.3,0.0,NO_PIG,Collecting data...
2026-06-19 21:43:25,33.36,29.32,0.0,NO_PIG,Collecting data...
2026-06-19 21:43:29,33.35,29.33,0.0,NO_PIG,Collecting data...
2026-06-19 21:43:33,33.22,29.38,0.0,NO_PIG,Collecting data...
2026-06-19 21:43:36,33.23,29.22,0.0,NO_PIG,Collecting data...
2026-06-19 21:43:39,33.11,29.3,0.0,NO_PIG,Collecting data...
2026-06-19 21:43:42,33.19,29.27,0.0,NO_PIG,Collecting data...
2026-06-19 21:43:46,33.48,29.37,0.0,NO_PIG,Collecting data...
2026-06-19 21:43:50,31.94,29.34,0.0,NO_PIG,Collecting data...
2026-06-19 21:43:53,32.3,29.26,0.0,NO_PIG,Collecting data...
2026-06-19 21:43:56,31.8,29.21,0.0,NO_PIG,Collecting data...
2026-06-19 21:43:59,31.99,29.26,0.0,NO_PIG,Collecting data...
2026-06-19 21:44:03,32.05,29.39,0.0,NO_PIG,Collecting data...
2026-06-19 21:44:07,32.06,29.41,0.0,NO_PIG,Collecting data...
2026-06-19 21:44:10,32.77,29.61,0.0,NO_PIG,Collecting data...
2026-06-19 21:44:13,35.64,30.93,2.0,HEALTHY,Collecting data...
2026-06-19 21:44:16,35.66,31.09,2.0,HEALTHY,Collecting data...
2026-06-19 21:44:19,35.72,31.23,2.0,HEALTHY,Collecting data...
2026-06-19 21:44:23,35.7,30.89,2.0,HEALTHY,Collecting data...
2026-06-19 21:44:26,35.77,31.15,2.0,HEALTHY,Collecting data...
2026-06-19 21:44:29,32.29,29.42,0.0,NO_PIG,Collecting data...
2026-06-19 21:44:32,31.96,29.17,0.0,NO_PIG,Collecting data...
2026-06-19 21:44:36,32.7,29.4,0.0,NO_PIG,Collecting data...
2026-06-19 21:44:39,35.88,32.05,2.0,HEALTHY,Collecting data...
2026-06-19 21:44:42,35.72,31.1,2.0,HEALTHY,Collecting data...
2026-06-19 21:44:46,35.91,32.16,2.0,HEALTHY,Collecting data...
2026-06-19 21:44:49,35.81,31.24,2.0,HEALTHY,Collecting data...
2026-06-19 21:44:52,32.79,29.37,0.0,NO_PIG,Collecting data...
2026-06-19 21:44:56,32.83,29.51,0.0,NO_PIG,Collecting data...
2026-06-19 21:45:00,35.74,31.02,2.0,HEALTHY,Collecting data...
2026-06-19 21:45:03,35.33,30.31,0.0,NO_PIG,Collecting data...
2026-06-19 21:45:06,31.99,29.39,0.0,NO_PIG,Collecting data...
2026-06-19 21:45:09,32.28,29.39,0.0,NO_PIG,Collecting data...
2026-06-19 21:45:13,32.33,29.35,0.0,NO_PIG,Collecting data...
2026-06-19 21:45:16,32.35,29.3,0.0,NO_PIG,Collecting data...
2026-06-19 21:45:20,32.49,29.35,0.0,NO_PIG,Collecting data...
2026-06-19 21:45:23,32.23,29.29,0.0,NO_PIG,Collecting data...
2026-06-19 21:45:26,31.91,29.33,0.0,NO_PIG,Collecting data...
2026-06-19 21:45:30,32.37,29.25,0.0,NO_PIG,Collecting data...
2026-06-19 21:45:33,32.28,29.31,0.0,NO_PIG,Collecting data...
2026-06-19 21:45:37,32.48,29.3,0.0,NO_PIG,Collecting data...
2026-06-19 21:45:40,32.16,29.21,0.0,NO_PIG,Collecting data...
2026-06-19 21:45:43,32.01,29.17,0.0,NO_PIG,Collecting data...
2026-06-19 21:45:47,31.56,29.17,0.0,NO_PIG,Collecting data...
2026-06-19 21:45:50,31.57,29.24,0.0,NO_PIG,Collecting data...
2026-06-19 21:45:53,31.98,29.24,0.0,NO_PIG,Collecting data...
2026-06-19 21:45:58,31.65,29.2,0.0,NO_PIG,Collecting data...
2026-06-19 21:46:02,31.9,29.23,0.0,NO_PIG,Collecting data...
2026-06-19 21:46:06,32.19,29.2,0.0,NO_PIG,Collecting data...
2026-06-19 21:46:09,31.93,29.22,0.0,NO_PIG,Collecting data...
2026-06-19 21:46:12,31.77,29.3,0.0,NO_PIG,Collecting data...
2026-06-19 21:46:15,31.66,29.28,0.0,NO_PIG,Collecting data...
2026-06-19 21:46:19,32.19,29.33,0.0,NO_PIG,Collecting data...
2026-06-19 21:46:23,32.61,29.24,0.0,NO_PIG,Collecting data...
2026-06-19 21:46:26,33.11,29.35,0.0,NO_PIG,Collecting data...
2026-06-19 21:46:29,32.97,29.2,0.0,NO_PIG,Collecting data...
2026-06-19 21:46:32,32.75,29.25,0.0,NO_PIG,Collecting data...
2026-06-19 21:46:35,32.87,29.34,0.0,NO_PIG,Collecting data...
2026-06-19 21:46:40,32.73,29.18,0.0,NO_PIG,Collecting data...
2026-06-19 21:46:43,32.87,29.25,0.0,NO_PIG,Collecting data...
2026-06-19 21:46:46,32.86,29.22,0.0,NO_PIG,Collecting data...
2026-06-19 21:46:49,32.74,29.26,0.0,NO_PIG,Collecting data...
2026-06-19 21:46:52,32.8,29.26,0.0,NO_PIG,Collecting data...
2026-06-19 21:46:57,32.72,29.25,0.0,NO_PIG,Collecting data...
2026-06-19 21:47:00,32.86,29.22,0.0,NO_PIG,Collecting data...
2026-06-19 21:47:03,32.74,29.22,0.0,NO_PIG,Collecting data...
2026-06-19 21:47:06,32.83,29.24,0.0,NO_PIG,Collecting data...
2026-06-19 21:47:09,32.76,29.24,0.0,NO_PIG,Collecting data...
2026-06-19 21:47:13,32.89,29.2,0.0,NO_PIG,Collecting data...
2026-06-19 21:47:16,33.02,29.21,0.0,NO_PIG,Collecting data...
2026-06-19 21:47:19,32.82,29.33,0.0,NO_PIG,Collecting data...
2026-06-19 21:47:23,33.02,29.32,0.0,NO_PIG,Collecting data...
2026-06-19 21:47:26,32.93,29.27,0.0,NO_PIG,Collecting data...
2026-06-19 21:47:30,33.03,29.33,0.0,NO_PIG,Collecting data...
2026-06-19 21:47:33,32.8,29.2,0.0,NO_PIG,Collecting data...
2026-06-19 21:47:36,32.89,29.23,0.0,NO_PIG,Collecting data...
2026-06-19 21:47:40,32.79,29.18,0.0,NO_PIG,Collecting data...
2026-06-19 21:47:43,32.86,29.25,0.0,NO_PIG,Collecting data...
2026-06-19 21:47:47,32.8,29.19,0.0,NO_PIG,Collecting data...
2026-06-19 21:47:51,33.04,29.29,0.0,NO_PIG,Collecting data...
2026-06-19 21:47:54,33.3,29.32,0.0,NO_PIG,Collecting data...
2026-06-19 21:47:57,32.84,29.32,0.0,NO_PIG,Collecting data...
2026-06-19 21:48:00,33.1,29.24,0.0,NO_PIG,Collecting data...
2026-06-19 21:48:04,32.83,29.34,0.0,NO_PIG,Collecting data...
2026-06-19 21:48:07,33.19,29.33,0.0,NO_PIG,Collecting data...
2026-06-19 21:48:10,32.74,29.34,0.0,NO_PIG,Collecting data...
2026-07-15 13:21:23,40.24,34.02,4.0,ELEVATED,Collecting data...
2026-07-15 13:21:29,40.04,33.53,0.0,ELEVATED,Collecting data...
2026-07-15 13:21:32,39.64,33.7,0.0,NORMAL,Falling rapidly
2026-07-15 13:21:36,40.64,34.48,52.0,FEVER,Rising rapidly
2026-07-15 13:21:46,39.32,33.84,2.0,HEALTHY,Rising rapidly
2026-07-15 13:21:50,39.74,33.87,0.0,NORMAL,Stable
2026-07-15 13:21:53,39.32,33.8,2.0,HEALTHY,Stable
2026-07-15 13:21:56,40.24,33.76,32.0,ELEVATED,Falling slowly
2026-07-15 13:22:01,41.13,33.78,81.0,FEVER,Rising rapidly
2026-07-15 13:22:04,39.06,33.74,2.0,HEALTHY,Rising rapidly
2026-07-15 13:22:09,39.73,33.74,19.0,NORMAL,Falling rapidly
2026-07-15 13:22:12,39.51,33.71,17.0,NORMAL,Falling rapidly
2026-07-15 13:22:15,39.73,33.7,22.0,NORMAL,Stable
2026-07-15 13:22:18,40.54,34.38,81.0,FEVER,Rising rapidly
2026-07-15 13:22:23,42.33,35.32,81.0,FEVER,Rising rapidly
2026-07-15 13:22:27,39.96,34.41,2.0,HEALTHY,Rising rapidly
2026-07-15 13:22:30,40.25,34.04,27.0,ELEVATED,Falling slowly
2026-07-15 13:22:35,40.14,33.85,27.0,ELEVATED,Falling rapidly
2026-07-15 13:22:38,39.59,33.82,19.0,NORMAL,Falling rapidly
2026-07-15 13:22:42,39.92,33.76,26.0,NORMAL,Falling slowly
2026-07-15 13:22:46,39.72,33.86,0.0,NORMAL,Stable
2026-07-15 13:22:49,40.45,34.01,31.0,ELEVATED,Rising rapidly
2026-07-15 13:22:54,39.43,33.8,2.0,HEALTHY,Rising rapidly
2026-07-15 13:22:57,40.95,34.11,81.0,FEVER,Rising rapidly
2026-07-15 13:23:02,40.01,33.81,26.0,ELEVATED,Falling slowly
2026-07-15 13:23:05,39.87,33.91,17.0,NORMAL,Falling rapidly
2026-07-15 13:23:09,40.8,34.13,81.0,FEVER,Rising rapidly
2026-07-15 13:23:14,40.14,34.02,27.0,ELEVATED,Rising slowly
2026-07-15 13:23:17,41.49,35.07,81.0,FEVER,Rising rapidly
2026-07-15 13:23:20,41.31,35.07,38.0,FEVER,Rising rapidly
2026-07-15 13:23:24,41.56,34.7,51.0,FEVER,Stable
2026-07-15 13:23:27,41.69,34.74,38.0,FEVER,Rising slowly
2026-07-15 13:23:30,41.51,35.07,38.0,FEVER,Stable
2026-07-15 13:23:33,40.85,34.39,38.0,FEVER,Falling rapidly
2026-07-15 13:23:36,39.84,34.08,2.0,HEALTHY,Falling rapidly
2026-07-15 13:23:40,40.68,34.51,38.0,FEVER,Falling rapidly
2026-07-15 13:23:45,40.19,33.88,27.0,ELEVATED,Falling rapidly
2026-07-15 13:23:48,40.13,33.88,27.0,ELEVATED,Falling rapidly
2026-07-15 13:23:52,39.25,33.73,2.0,HEALTHY,Falling rapidly
2026-07-15 13:23:55,39.87,33.66,19.0,NORMAL,Falling slowly
2026-07-15 13:23:59,39.64,33.69,0.0,NORMAL,Falling slowly
2026-07-15 13:24:02,39.64,33.61,0.0,NORMAL,Falling slowly
2026-07-15 13:24:05,39.47,33.68,2.0,HEALTHY,Falling slowly
2026-07-15 13:24:08,39.85,33.89,0.0,NORMAL,Rising slowly
2026-07-15 13:24:12,38.83,33.49,2.0,HEALTHY,Rising slowly
2026-07-15 13:24:17,39.29,33.78,2.0,HEALTHY,Rising slowly
2026-07-15 13:24:21,39.7,33.57,0.0,NORMAL,Stable
2026-07-15 13:24:26,39.9,33.89,0.0,NORMAL,Stable
2026-07-15 13:24:30,39.73,33.78,0.0,NORMAL,Stable
2026-07-15 13:24:35,40.36,33.92,31.0,ELEVATED,Rising slowly
2026-07-15 13:24:42,40.69,33.96,20.0,ELEVATED,Rising rapidly
2026-07-15 13:24:45,39.9,33.76,0.0,NORMAL,Falling slowly
2026-07-15 13:24:49,39.9,33.96,0.0,NORMAL,Falling rapidly
2026-07-15 13:25:07,39.64,33.68,0.0,NORMAL,Falling slowly
2026-07-15 13:25:15,40.09,34.0,0.0,ELEVATED,Stable
2026-07-15 13:25:24,40.03,33.88,0.0,NORMAL,Rising slowly
2026-07-15 13:25:27,40.36,33.88,0.0,ELEVATED,Rising slowly
2026-07-15 13:25:34,40.95,34.27,81.0,FEVER,Rising rapidly
2026-07-15 13:25:39,40.36,33.8,27.0,ELEVATED,Stable
2026-07-15 13:25:43,39.51,33.88,18.0,NORMAL,Falling rapidly
2026-07-15 13:25:47,39.93,33.96,25.0,NORMAL,Falling slowly
2026-07-15 13:25:50,40.7,33.98,81.0,FEVER,Rising rapidly
2026-07-15 13:25:55,40.52,34.1,8.0,ELEVATED,Rising rapidly
2026-07-15 13:25:59,39.73,33.68,0.0,NORMAL,Falling rapidly
2026-07-15 13:26:02,40.42,34.09,35.0,ELEVATED,Stable
2026-07-15 13:26:07,39.48,33.74,2.0,HEALTHY,Stable
2026-07-15 13:26:10,39.04,33.82,2.0,HEALTHY,Stable
2026-07-15 13:26:14,41.58,34.66,81.0,FEVER,Rising rapidly
2026-07-15 13:26:19,41.96,27.9,51.0,FEVER,Rising rapidly
2026-07-15 13:26:24,41.98,27.91,38.0,FEVER,Rising slowly
2026-07-15 13:26:27,41.85,27.9,38.0,FEVER,Stable
2026-07-15 13:26:32,41.98,27.85,38.0,FEVER,Stable
2026-07-15 13:26:35,37.96,27.64,2.0,HEALTHY,Stable
2026-07-15 13:26:40,41.99,27.88,38.0,FEVER,Stable
2026-07-15 13:26:45,37.98,27.67,2.0,HEALTHY,Stable
2026-07-15 13:26:50,38.0,27.66,2.0,HEALTHY,Stable
2026-07-15 13:26:53,42.0,27.86,38.0,FEVER,Stable
2026-07-15 13:26:58,37.99,27.65,2.0,HEALTHY,Stable
2026-07-15 13:27:02,37.99,27.68,2.0,HEALTHY,Stable
2026-07-15 13:27:05,41.96,27.84,38.0,FEVER,Stable
2026-07-15 13:27:10,41.97,27.88,38.0,FEVER,Stable
2026-07-15 13:27:13,38.0,27.65,2.0,HEALTHY,Stable
2026-07-15 13:29:57,51.25,38.96,38.0,FEVER,Collecting data...
2026-07-15 13:30:03,53.01,39.36,81.0,FEVER,Collecting data...
2026-07-15 13:30:23,52.24,37.92,38.0,FEVER,Collecting data...
2026-07-15 13:30:29,50.81,38.4,38.0,FEVER,Collecting data...
2026-07-15 13:30:32,53.37,39.01,81.0,FEVER,Rising rapidly
2026-07-15 13:30:36,46.69,35.79,38.0,FEVER,Falling rapidly
2026-07-15 13:30:39,53.34,39.52,100.0,FEVER,Stable
2026-07-15 13:30:42,53.03,39.18,38.0,FEVER,Rising rapidly
2026-07-15 13:30:46,51.68,38.75,38.0,FEVER,Falling rapidly
2026-07-15 13:30:50,51.9,38.97,51.0,FEVER,Falling rapidly
2026-07-15 13:30:53,49.23,37.11,38.0,FEVER,Falling rapidly
2026-07-15 13:30:56,52.43,39.78,100.0,FEVER,Rising rapidly
2026-07-15 13:31:00,55.03,39.84,100.0,FEVER,Rising rapidly
2026-07-15 13:31:03,51.91,39.41,38.0,FEVER,Falling rapidly
2026-07-15 13:31:07,51.83,38.29,38.0,FEVER,Falling rapidly
2026-07-15 13:31:10,51.62,37.8,38.0,FEVER,Falling slowly
2026-07-15 13:31:13,52.0,37.79,51.0,FEVER,Stable
2026-07-15 13:31:16,53.33,38.22,81.0,FEVER,Rising rapidly
2026-07-15 13:31:20,52.16,37.88,38.0,FEVER,Stable
2026-07-15 13:31:24,52.84,37.42,81.0,FEVER,Falling slowly
2026-07-15 13:31:27,51.87,37.6,38.0,FEVER,Falling slowly
2026-07-15 13:31:30,53.22,38.78,81.0,FEVER,Rising slowly
2026-07-15 13:31:33,51.11,39.17,38.0,FEVER,Falling rapidly
2026-07-15 13:31:37,52.27,37.97,81.0,FEVER,Falling rapidly
2026-07-15 13:31:40,51.05,37.37,38.0,FEVER,Stable
2026-07-15 13:31:44,51.74,39.59,100.0,FEVER,Falling rapidly
2026-07-15 13:31:47,54.79,39.94,100.0,FEVER,Rising rapidly
2026-07-15 13:31:50,52.72,38.18,38.0,FEVER,Rising rapidly
2026-07-15 13:31:54,51.55,38.08,38.0,FEVER,Falling rapidly
2026-07-15 13:31:58,49.76,36.93,38.0,FEVER,Falling rapidly
2026-07-15 13:32:01,55.96,40.1,100.0,FEVER,Rising rapidly
2026-07-15 13:32:04,49.62,36.67,38.0,FEVER,Stable
2026-07-15 13:32:08,50.34,38.65,81.0,FEVER,Falling rapidly
2026-07-15 13:32:12,54.21,40.31,100.0,FEVER,Rising rapidly
2026-07-15 13:32:15,50.87,38.88,38.0,FEVER,Rising rapidly
2026-07-15 13:32:18,53.12,38.73,81.0,FEVER,Falling rapidly
2026-07-15 13:32:22,51.58,38.76,38.0,FEVER,Rising rapidly
2026-07-15 13:32:25,48.89,37.27,38.0,FEVER,Falling rapidly
2026-07-15 13:32:31,49.8,38.14,81.0,FEVER,Falling rapidly
2026-07-15 13:32:34,51.59,38.9,81.0,FEVER,Rising rapidly
2026-07-15 13:32:38,52.41,36.26,81.0,FEVER,Rising rapidly
2026-07-15 13:32:41,51.18,36.8,38.0,FEVER,Falling slowly
2026-07-15 13:32:44,49.96,37.55,38.0,FEVER,Falling rapidly
2026-07-15 13:32:48,52.6,37.01,81.0,FEVER,Rising rapidly
2026-07-15 13:32:51,52.44,37.49,38.0,FEVER,Rising rapidly
2026-07-15 13:32:54,53.02,37.24,81.0,FEVER,Rising slowly
2026-07-15 13:32:58,51.03,37.03,38.0,FEVER,Falling rapidly
2026-07-15 13:33:01,49.92,38.85,38.0,FEVER,Falling rapidly
2026-07-15 13:33:05,51.89,37.79,81.0,FEVER,Rising rapidly
2026-07-15 13:33:08,51.96,38.13,38.0,FEVER,Rising rapidly
2026-07-15 13:33:11,47.54,36.14,38.0,FEVER,Falling rapidly
2026-07-15 13:33:14,50.51,39.11,81.0,FEVER,Falling rapidly
2026-07-15 13:33:18,51.92,37.42,81.0,FEVER,Rising rapidly
2026-07-15 13:33:22,51.08,39.38,38.0,FEVER,Rising rapidly
2026-07-15 13:33:25,53.25,39.43,81.0,FEVER,Rising rapidly
2026-07-15 13:33:29,41.97,27.88,38.0,FEVER,Falling rapidly
2026-07-15 13:33:32,37.98,27.65,2.0,HEALTHY,Falling rapidly
2026-07-15 13:33:37,37.95,27.65,2.0,HEALTHY,Falling rapidly
2026-07-15 13:33:41,41.8,33.42,38.0,FEVER,Falling rapidly
2026-07-15 13:33:46,44.99,35.64,81.0,FEVER,Rising rapidly
2026-07-15 13:33:49,42.78,35.04,38.0,FEVER,Rising rapidly
2026-07-15 13:33:52,43.06,35.01,51.0,FEVER,Falling rapidly
2026-07-15 13:33:55,43.39,35.12,51.0,FEVER,Rising rapidly
2026-07-15 13:34:00,43.31,34.82,38.0,FEVER,Rising slowly
2026-07-15 13:34:03,43.31,35.01,38.0,FEVER,Stable
2026-07-15 13:34:07,43.6,34.88,51.0,FEVER,Rising slowly
2026-07-15 13:34:10,44.46,35.47,81.0,FEVER,Rising rapidly
2026-07-15 13:34:13,44.12,35.31,38.0,FEVER,Rising rapidly
2026-07-15 13:34:17,43.78,35.08,38.0,FEVER,Falling rapidly
2026-07-15 13:34:20,42.59,35.11,38.0,FEVER,Falling rapidly
2026-07-15 13:34:23,42.01,34.81,38.0,FEVER,Falling rapidly
2026-07-15 13:34:41,50.8,37.92,38.0,FEVER,Collecting data...
2026-07-15 13:34:47,49.47,37.24,38.0,FEVER,Collecting data...
2026-07-15 13:34:50,47.79,37.03,38.0,FEVER,Falling rapidly
2026-07-15 13:34:54,51.78,19.27,81.0,FEVER,Rising rapidly
2026-07-15 13:34:57,49.93,37.33,38.0,FEVER,Rising rapidly
2026-07-15 13:35:00,50.71,38.37,81.0,FEVER,Falling rapidly
2026-07-15 13:35:04,54.49,40.55,100.0,FEVER,Rising rapidly
2026-07-15 13:35:07,50.8,38.84,38.0,FEVER,Stable
2026-07-15 13:35:10,48.98,37.38,38.0,FEVER,Falling rapidly
2026-07-15 13:35:14,49.35,37.67,51.0,FEVER,Falling rapidly
2026-07-15 13:35:17,49.95,37.76,81.0,FEVER,Rising rapidly
2026-07-15 13:35:21,49.8,38.52,38.0,FEVER,Rising slowly
2026-07-15 13:35:24,50.34,38.57,81.0,FEVER,Rising slowly
2026-07-15 13:35:27,52.63,39.3,81.0,FEVER,Rising rapidly
2026-07-15 13:35:30,51.68,39.24,38.0,FEVER,Rising rapidly
2026-07-15 13:35:34,49.91,37.72,38.0,FEVER,Falling rapidly
2026-07-15 13:35:37,49.69,37.54,38.0,FEVER,Falling rapidly
2026-07-15 13:35:41,49.31,37.49,38.0,FEVER,Falling rapidly
2026-07-15 13:35:44,50.06,38.71,81.0,FEVER,Rising slowly
2026-07-15 13:35:47,53.24,39.08,81.0,FEVER,Rising rapidly
2026-07-15 13:35:50,49.74,37.38,38.0,FEVER,Falling slowly
2026-07-15 13:35:55,52.66,38.18,81.0,FEVER,Falling rapidly
2026-07-15 13:35:58,49.29,37.48,38.0,FEVER,Falling slowly
2026-07-15 13:36:01,49.27,37.43,38.0,FEVER,Falling rapidly
2026-07-15 13:36:04,48.87,36.88,38.0,FEVER,Falling slowly
2026-07-15 13:36:07,51.94,38.66,81.0,FEVER,Rising rapidly
2026-07-15 13:36:11,49.94,36.86,38.0,FEVER,Rising rapidly
2026-07-15 13:36:14,49.64,36.27,38.0,FEVER,Falling rapidly
2026-07-15 13:36:18,48.71,36.76,38.0,FEVER,Falling rapidly
2026-07-15 13:36:21,52.12,38.87,81.0,FEVER,Rising rapidly
2026-07-15 13:36:24,48.73,37.15,38.0,FEVER,Stable
2026-07-15 13:36:28,50.82,38.49,81.0,FEVER,Falling rapidly
2026-07-15 13:36:31,53.23,39.22,81.0,FEVER,Rising rapidly
2026-07-15 13:36:35,50.89,37.99,38.0,FEVER,Stable
2026-07-15 13:36:38,49.82,37.55,38.0,FEVER,Falling rapidly
2026-07-15 13:36:41,48.5,36.89,38.0,FEVER,Falling rapidly
2026-07-15 13:36:45,49.68,36.75,81.0,FEVER,Stable
2026-07-15 13:36:50,49.4,37.55,38.0,FEVER,Rising rapidly
2026-07-15 13:36:53,53.91,39.48,81.0,FEVER,Rising rapidly
2026-07-15 13:36:56,50.17,38.01,38.0,FEVER,Rising rapidly
2026-07-15 13:36:59,48.59,37.05,38.0,FEVER,Falling rapidly
2026-07-15 13:37:03,48.49,37.78,38.0,FEVER,Falling rapidly
2026-07-15 13:37:06,50.47,38.51,81.0,FEVER,Rising rapidly
2026-07-15 13:37:10,50.43,38.56,38.0,FEVER,Rising rapidly
2026-07-15 13:37:14,50.61,37.55,38.0,FEVER,Stable
2026-07-15 13:37:17,49.31,37.94,38.0,FEVER,Falling rapidly
2026-07-15 13:37:21,48.88,36.62,38.0,FEVER,Falling rapidly
2026-07-15 13:37:24,50.73,37.39,81.0,FEVER,Rising rapidly
2026-07-15 13:37:27,52.8,39.48,81.0,FEVER,Rising rapidly
2026-07-15 13:37:31,50.25,38.29,38.0,FEVER,Falling slowly
2026-07-15 13:37:34,48.8,36.82,38.0,FEVER,Falling rapidly
2026-07-15 13:37:38,50.28,38.61,81.0,FEVER,Stable
2026-07-15 13:37:41,49.28,36.6,38.0,FEVER,Rising slowly
2026-07-15 13:37:44,48.17,36.87,38.0,FEVER,Falling rapidly
2026-07-15 13:37:48,50.1,38.5,81.0,FEVER,Rising rapidly
2026-07-15 13:37:51,50.47,36.96,51.0,FEVER,Rising rapidly
2026-07-15 13:37:55,52.02,39.12,81.0,FEVER,Rising rapidly
2026-07-15 13:37:58,49.47,38.33,38.0,FEVER,Falling rapidly
2026-07-15 13:38:01,48.88,36.82,38.0,FEVER,Falling rapidly
2026-07-15 13:38:05,52.07,37.68,81.0,FEVER,Rising rapidly
2026-07-15 13:38:08,53.52,39.43,81.0,FEVER,Rising rapidly
2026-07-15 13:38:12,50.48,37.07,38.0,FEVER,Falling rapidly
2026-07-15 13:38:15,48.95,36.21,38.0,FEVER,Falling rapidly
2026-07-15 13:38:18,52.52,39.34,81.0,FEVER,Rising rapidly
2026-07-15 13:38:21,50.47,39.18,38.0,FEVER,Rising rapidly
2026-07-15 13:38:25,55.61,39.68,100.0,FEVER,Rising rapidly
2026-07-15 13:38:29,53.4,40.05,55.0,FEVER,Rising rapidly
2026-07-15 13:38:33,37.95,27.67,2.0,HEALTHY,Rising rapidly
2026-07-15 13:38:36,37.99,27.66,2.0,HEALTHY,Rising rapidly
2026-07-15 13:38:41,37.98,27.64,2.0,HEALTHY,Rising rapidly
2026-07-15 13:38:44,41.95,27.91,38.0,FEVER,Falling rapidly
2026-07-15 13:38:49,37.99,27.65,2.0,HEALTHY,Falling rapidly
2026-07-15 13:38:53,37.99,27.65,2.0,HEALTHY,Falling rapidly
2026-07-15 13:38:56,41.97,27.85,38.0,FEVER,Falling rapidly
2026-07-15 13:39:00,42.0,27.89,38.0,FEVER,Stable
2026-07-15 13:39:04,37.96,27.65,2.0,HEALTHY,Stable
2026-07-15 13:39:09,38.0,27.7,2.0,HEALTHY,Stable
2026-07-15 13:39:12,44.33,36.95,81.0,FEVER,Rising rapidly
2026-07-15 13:39:18,44.12,36.28,38.0,FEVER,Rising rapidly
2026-07-15 13:39:22,44.36,36.79,51.0,FEVER,Stable
2026-07-15 13:39:25,46.53,37.07,81.0,FEVER,Rising rapidly
2026-07-15 13:39:28,47.66,37.25,81.0,FEVER,Rising rapidly
2026-07-15 13:39:33,37.99,27.68,2.0,HEALTHY,Rising rapidly
2026-07-15 13:39:36,37.99,27.59,2.0,HEALTHY,Rising rapidly
2026-07-15 13:39:41,41.99,27.86,38.0,FEVER,Falling rapidly
2026-07-15 13:39:45,37.97,27.66,2.0,HEALTHY,Falling rapidly
2026-07-15 13:39:50,37.99,27.67,2.0,HEALTHY,Falling rapidly
2026-07-15 13:39:53,37.92,27.67,2.0,HEALTHY,Falling rapidly
2026-07-15 13:39:58,37.94,27.61,2.0,HEALTHY,Falling rapidly
2026-07-15 13:40:01,37.97,27.67,2.0,HEALTHY,Falling rapidly
2026-07-15 13:40:06,37.97,27.64,2.0,HEALTHY,Falling rapidly
2026-07-15 13:40:09,41.93,27.87,38.0,FEVER,Falling rapidly
2026-07-15 13:40:13,37.99,27.63,2.0,HEALTHY,Falling rapidly
2026-07-15 13:40:18,41.95,27.91,38.0,FEVER,Stable
2026-07-15 13:40:23,37.99,27.67,2.0,HEALTHY,Stable
2026-07-15 13:40:28,41.95,27.87,38.0,FEVER,Stable
2026-07-15 13:40:32,37.99,27.62,2.0,HEALTHY,Stable
2026-07-15 13:40:37,41.96,27.89,38.0,FEVER,Stable
2026-07-15 13:40:42,41.97,27.88,38.0,FEVER,Stable
2026-07-15 13:40:47,37.99,27.66,2.0,HEALTHY,Stable
2026-07-15 13:40:50,38.0,27.71,2.0,HEALTHY,Stable
2026-07-15 13:40:55,38.0,27.65,2.0,HEALTHY,Stable
2026-07-15 13:40:59,41.96,27.88,38.0,FEVER,Stable
2026-07-15 13:41:04,41.98,27.88,38.0,FEVER,Stable
2026-07-15 13:41:09,41.97,27.9,38.0,FEVER,Stable
2026-07-15 13:41:11,37.98,27.66,2.0,HEALTHY,Stable
2026-07-15 13:41:16,41.97,27.87,38.0,FEVER,Stable
2026-07-15 13:41:23,38.0,27.64,2.0,HEALTHY,Stable
2026-07-15 13:41:28,37.95,27.64,2.0,HEALTHY,Stable
2026-07-15 13:41:30,41.88,27.88,38.0,FEVER,Stable
2026-07-15 13:53:21,37.98,27.66,2.0,HEALTHY,Collecting data...
2026-07-15 13:53:26,37.99,27.65,2.0,HEALTHY,Collecting data...
2026-07-15 13:53:31,38.0,27.58,2.0,HEALTHY,Collecting data...
2026-07-15 13:53:34,37.96,27.58,2.0,HEALTHY,Collecting data...
2026-07-15 13:53:38,37.98,27.64,2.0,HEALTHY,Collecting data...
2026-07-15 13:53:41,37.97,27.65,2.0,HEALTHY,Collecting data...
2026-07-15 13:53:45,38.0,27.66,2.0,HEALTHY,Collecting data...
2026-07-15 13:53:49,37.98,27.64,2.0,HEALTHY,Collecting data...
2026-07-15 13:53:52,38.0,27.66,2.0,HEALTHY,Collecting data...
2026-07-15 13:53:57,37.99,27.7,2.0,HEALTHY,Collecting data...
2026-07-15 13:53:59,37.98,27.64,2.0,HEALTHY,Collecting data...
2026-07-15 13:54:03,37.96,27.63,2.0,HEALTHY,Collecting data...
2026-07-15 13:54:07,37.98,27.62,2.0,HEALTHY,Collecting data...
2026-07-15 13:54:10,42.0,27.85,38.0,FEVER,Collecting data...
2026-07-15 13:58:53,53.38,39.57,55.0,FEVER,Collecting data...
2026-07-15 13:58:58,51.62,38.96,38.0,FEVER,Collecting data...
2026-07-15 13:59:02,53.87,40.18,100.0,FEVER,Rising slowly
2026-07-15 13:59:05,53.85,39.34,38.0,FEVER,Rising rapidly
2026-07-15 13:59:08,51.12,38.78,38.0,FEVER,Falling rapidly
2026-07-15 13:59:11,51.46,37.24,51.0,FEVER,Falling rapidly
2026-07-15 13:59:16,50.92,38.5,38.0,FEVER,Stable
2026-07-15 13:59:19,52.9,37.48,81.0,FEVER,Rising rapidly
2026-07-15 13:59:23,51.67,37.15,38.0,FEVER,Rising rapidly
2026-07-15 13:59:26,52.82,39.39,81.0,FEVER,Stable
2026-07-15 13:59:29,54.38,40.19,100.0,FEVER,Rising rapidly
2026-07-15 13:59:33,52.66,39.47,38.0,FEVER,Stable
2026-07-15 13:59:36,52.62,40.89,55.0,FEVER,Falling rapidly
2026-07-15 13:59:40,55.35,41.34,100.0,FEVER,Rising rapidly
2026-07-15 13:59:43,51.86,39.52,55.0,FEVER,Falling rapidly
2026-07-15 13:59:46,51.73,41.12,55.0,FEVER,Falling rapidly
2026-07-15 13:59:50,53.73,39.75,100.0,FEVER,Rising rapidly
2026-07-15 13:59:53,53.45,39.95,55.0,FEVER,Rising rapidly
2026-07-15 13:59:56,42.97,30.83,38.0,FEVER,Falling rapidly
2026-07-15 13:59:59,48.56,32.51,81.0,FEVER,Falling rapidly
2026-07-15 14:00:02,50.48,39.08,81.0,FEVER,Rising rapidly
2026-07-15 14:00:06,53.3,38.07,81.0,FEVER,Rising rapidly
2026-07-15 14:00:09,54.07,37.59,81.0,FEVER,Rising rapidly
2026-07-15 14:00:13,53.31,37.52,38.0,FEVER,Stable
2026-07-15 14:00:16,51.45,39.23,38.0,FEVER,Falling rapidly
2026-07-15 14:00:19,54.44,37.98,81.0,FEVER,Rising rapidly
2026-07-15 14:00:23,50.25,37.95,38.0,FEVER,Falling rapidly
2026-07-15 14:00:26,52.94,39.72,100.0,FEVER,Falling rapidly
2026-07-15 14:00:30,52.77,38.63,38.0,FEVER,Rising rapidly
2026-07-15 14:00:33,51.84,39.06,38.0,FEVER,Falling rapidly
2026-07-15 14:00:36,53.08,39.35,81.0,FEVER,Rising slowly
2026-07-15 14:00:40,52.62,37.08,38.0,FEVER,Rising rapidly
2026-07-15 14:00:43,51.79,37.52,38.0,FEVER,Falling rapidly
2026-07-15 14:00:46,52.77,38.29,81.0,FEVER,Stable
2026-07-15 14:00:49,52.3,39.02,38.0,FEVER,Rising rapidly
2026-07-15 14:00:53,52.91,39.86,100.0,FEVER,Stable
2026-07-15 14:00:56,52.39,37.04,38.0,FEVER,Stable
2026-07-15 14:01:01,51.13,37.99,38.0,FEVER,Falling rapidly
2026-07-15 14:01:04,53.48,40.01,100.0,FEVER,Rising rapidly
2026-07-15 14:02:54,54.49,39.77,55.0,FEVER,Collecting data...
2026-07-15 14:03:00,50.87,37.7,38.0,FEVER,Collecting data...
2026-07-15 14:03:03,52.41,37.28,81.0,FEVER,Falling rapidly
2026-07-15 14:03:06,55.47,39.94,100.0,FEVER,Rising rapidly
2026-07-15 14:03:10,51.57,39.02,38.0,FEVER,Falling rapidly
2026-07-15 14:03:14,53.89,38.46,81.0,FEVER,Falling rapidly
2026-07-15 14:03:17,53.96,38.67,38.0,FEVER,Rising rapidly
2026-07-15 14:03:20,51.1,36.72,38.0,FEVER,Falling rapidly
2026-07-15 14:03:24,55.88,39.82,100.0,FEVER,Rising rapidly
2026-07-15 14:03:27,45.9,32.84,38.0,FEVER,Falling rapidly
2026-07-15 14:03:31,51.9,36.51,81.0,FEVER,Falling rapidly
2026-07-15 14:03:34,53.17,37.97,81.0,FEVER,Rising rapidly
2026-07-15 14:03:37,49.6,37.12,38.0,FEVER,Falling rapidly
2026-07-15 14:03:40,49.81,38.16,51.0,FEVER,Falling rapidly
2026-07-19 09:53:57,37.96,27.7,2.0,HEALTHY,Collecting data...
2026-07-19 09:54:00,41.94,27.85,38.0,FEVER,Collecting data...
2026-07-19 09:54:05,41.97,27.88,38.0,FEVER,Collecting data...
2026-07-19 09:54:10,38.0,27.67,2.0,HEALTHY,Collecting data...
2026-07-19 09:54:12,37.96,27.68,2.0,HEALTHY,Collecting data...
2026-07-19 09:54:17,41.99,27.88,38.0,FEVER,Stable
2026-07-19 09:54:22,37.93,27.62,2.0,HEALTHY,Stable
2026-07-19 09:54:27,37.92,27.65,2.0,HEALTHY,Stable
2026-07-19 09:54:30,37.99,27.67,2.0,HEALTHY,Stable
2026-07-19 09:54:34,37.99,27.68,2.0,HEALTHY,Stable
2026-07-19 09:54:38,37.99,27.67,2.0,HEALTHY,Stable
2026-07-19 09:54:42,41.99,27.92,38.0,FEVER,Stable
2026-07-19 09:54:47,37.99,27.65,2.0,HEALTHY,Stable
2026-07-19 09:54:52,37.98,27.67,2.0,HEALTHY,Stable
2026-07-19 09:54:55,37.99,27.66,2.0,HEALTHY,Stable
2026-07-19 09:55:00,41.98,27.9,38.0,FEVER,Stable
2026-07-19 09:55:04,37.96,27.67,2.0,HEALTHY,Stable
2026-07-19 09:55:09,42.0,27.92,38.0,FEVER,Stable
2026-07-19 09:55:27,48.76,37.45,38.0,FEVER,Collecting data...
2026-07-19 09:55:33,49.0,37.52,51.0,FEVER,Collecting data...
2026-07-19 09:55:36,50.56,37.34,81.0,FEVER,Rising rapidly
2026-07-19 09:55:39,47.97,35.91,38.0,FEVER,Falling rapidly
2026-07-19 09:55:43,48.13,36.02,38.0,FEVER,Falling rapidly
2026-07-19 09:55:46,48.06,36.37,38.0,FEVER,Stable
2026-07-19 09:55:50,48.88,35.73,81.0,FEVER,Rising rapidly
2026-07-19 09:55:53,47.34,35.93,38.0,FEVER,Falling rapidly
2026-07-19 09:55:56,48.47,35.57,81.0,FEVER,Falling slowly
2026-07-19 09:55:59,47.27,35.07,38.0,FEVER,Stable
2026-07-19 09:56:02,47.95,36.0,81.0,FEVER,Falling rapidly
2026-07-19 09:56:06,50.61,37.97,81.0,FEVER,Rising rapidly
2026-07-19 09:56:09,48.32,36.63,38.0,FEVER,Rising slowly
2026-07-19 09:56:13,48.01,36.14,38.0,FEVER,Falling rapidly
2026-07-19 09:56:16,48.24,35.67,51.0,FEVER,Stable
2026-07-19 20:32:50,37.34,30.49,0.0,NO_PIG,Collecting data...
2026-07-19 20:32:54,37.69,30.64,0.0,NO_PIG,Collecting data...
2026-07-19 20:32:57,36.97,30.35,0.0,NO_PIG,Collecting data...
2026-07-19 20:33:00,36.76,30.75,0.0,NO_PIG,Collecting data...
2026-07-19 20:33:03,37.22,30.5,0.0,NO_PIG,Collecting data...
2026-07-19 20:33:07,36.67,30.59,0.0,NO_PIG,Collecting data...
2026-07-19 20:33:10,36.87,30.82,0.0,NO_PIG,Collecting data...
2026-07-23 11:08:30,35.32,30.54,0.0,NO_PIG,Collecting data...
2026-07-23 11:08:35,35.35,30.69,0.0,NO_PIG,Collecting data...
2026-07-23 11:08:38,35.95,30.43,0.0,NO_PIG,Collecting data...
2026-07-23 11:08:41,35.2,30.43,0.0,NO_PIG,Collecting data...
2026-07-23 11:14:15,35.4,30.34,0.0,NO_PIG,Collecting data...
2026-07-23 11:14:19,35.47,30.49,0.0,NO_PIG,Collecting data...
2026-07-23 11:14:22,35.32,30.57,0.0,NO_PIG,Collecting data...
2026-07-23 11:14:26,35.52,30.51,0.0,NO_PIG,Collecting data...
2026-07-23 11:19:58,35.91,30.71,0.0,NO_PIG,Collecting data...
2026-07-23 11:20:02,36.2,30.76,2.0,HEALTHY,Collecting data...
2026-07-23 11:20:05,36.17,30.58,0.0,NO_PIG,Collecting data...
2026-07-23 11:20:08,37.2,30.93,2.0,HEALTHY,Collecting data...
2026-07-23 11:20:12,36.22,30.67,0.0,NO_PIG,Collecting data...
2026-07-23 11:20:15,36.96,31.01,0.0,NO_PIG,Collecting data...
2026-07-23 11:20:19,37.34,31.0,2.0,HEALTHY,Collecting data...
2026-07-23 11:20:22,36.54,31.08,0.0,NO_PIG,Collecting data...
2026-07-23 11:20:25,36.53,32.25,2.0,HEALTHY,Collecting data...
2026-07-23 11:20:28,35.59,30.89,0.0,NO_PIG,Collecting data...
2026-07-23 11:20:31,37.71,31.31,0.0,NO_PIG,Collecting data...
2026-07-23 11:20:36,35.98,31.08,0.0,NO_PIG,Collecting data...
2026-07-23 11:20:39,37.26,31.43,0.0,NO_PIG,Collecting data...
2026-07-23 11:21:28,38.13,31.44,0.0,NO_PIG,Collecting data...
2026-07-23 11:21:32,38.64,31.24,0.0,NO_PIG,Collecting data...
2026-07-23 11:21:35,38.12,31.49,0.0,NO_PIG,Collecting data...
2026-07-23 11:21:38,37.38,31.55,0.0,NO_PIG,Collecting data...
2026-07-23 11:21:42,38.6,31.87,2.0,HEALTHY,Collecting data...
2026-07-23 11:21:45,38.09,31.31,0.0,NO_PIG,Collecting data...
2026-07-23 11:21:49,39.12,33.66,2.0,HEALTHY,Collecting data...
2026-07-23 11:21:52,39.18,32.43,2.0,HEALTHY,Collecting data...
2026-07-23 11:21:55,39.77,32.02,0.0,NORMAL,Collecting data...
2026-07-23 11:21:58,39.23,32.2,2.0,HEALTHY,Collecting data...
2026-07-23 11:22:01,39.25,32.22,2.0,HEALTHY,Collecting data...
2026-07-23 11:22:35,40.7,32.5,16.0,ELEVATED,Collecting data...
2026-07-23 11:22:41,39.62,32.08,0.0,NORMAL,Collecting data...
2026-07-23 11:22:44,39.33,32.12,2.0,HEALTHY,Collecting data...
